epoch,global_step,train_loss,l1,ssim,grad
0,1,0.2956097722053528,0.17912118136882782,0.2157689332962036,0.15090511739253998
0,2,0.33420056104660034,0.21100550889968872,0.23153948783874512,0.15289631485939026
0,3,0.3108810484409332,0.1943378448486328,0.21654808521270752,0.14961987733840942
0,4,0.2696964144706726,0.16434982419013977,0.19441896677017212,0.13789504766464233
0,5,0.2614925801753998,0.16019724309444427,0.18686413764953613,0.13274835050106049
0,6,0.3046800196170807,0.1813349723815918,0.23518943786621094,0.14634636044502258
0,7,0.2820846140384674,0.17469945549964905,0.19832247495651245,0.1402808427810669
0,8,0.25330400466918945,0.15616607666015625,0.17809724807739258,0.12949515879154205
0,9,0.2665061056613922,0.1645805537700653,0.18633878231048584,0.13695019483566284
0,10,0.25198930501937866,0.15608888864517212,0.17605721950531006,0.1273876577615738
0,11,0.26300209760665894,0.16530394554138184,0.17614352703094482,0.13620367646217346
0,12,0.2718106508255005,0.1672595739364624,0.19111531972885132,0.1405247151851654
0,13,0.29062700271606445,0.17403924465179443,0.2192257046699524,0.14448736608028412
0,14,0.2661338746547699,0.16053563356399536,0.1959446668624878,0.1361018717288971
0,15,0.2689931094646454,0.16350720822811127,0.19323384761810303,0.1409619152545929
0,16,0.30490633845329285,0.18437793850898743,0.224029541015625,0.1545829027891159
0,17,0.2821183502674103,0.17132793366909027,0.2054976224899292,0.14295683801174164
0,18,0.26042577624320984,0.16023273766040802,0.18181627988815308,0.1373327374458313
0,19,0.25954312086105347,0.1583339273929596,0.18756210803985596,0.13092172145843506
0,20,0.2512316107749939,0.15331514179706573,0.18014484643936157,0.1292925775051117
0,21,0.2889670729637146,0.17594808340072632,0.20881962776184082,0.14745567739009857
0,22,0.28694435954093933,0.17022043466567993,0.21976059675216675,0.14409837126731873
0,23,0.2455972284078598,0.14921008050441742,0.17660951614379883,0.12871678173542023
0,24,0.282046914100647,0.17137524485588074,0.205458402633667,0.14244146645069122
0,25,0.28627651929855347,0.1717134565114975,0.21499186754226685,0.14283142983913422
0,26,0.31454184651374817,0.18700982630252838,0.24099254608154297,0.15567490458488464
0,27,0.2869046628475189,0.17661216855049133,0.20119529962539673,0.14907187223434448
0,28,0.2373277097940445,0.14479386806488037,0.17046093940734863,0.12174733728170395
0,29,0.2654331624507904,0.15621906518936157,0.20948302745819092,0.12710437178611755
0,30,0.2977127730846405,0.18293991684913635,0.21192479133605957,0.15001457929611206
1,31,0.2757090628147125,0.16194355487823486,0.2161434292793274,0.13654062151908875
1,32,0.27012398838996887,0.16522890329360962,0.1920689344406128,0.1403375267982483
1,33,0.2859087884426117,0.17396114766597748,0.2074044942855835,0.1449291706085205
1,34,0.2536509335041046,0.1561342179775238,0.1766587495803833,0.13426600396633148
1,35,0.22698308527469635,0.13666965067386627,0.16646254062652588,0.11864207684993744
1,36,0.28396299481391907,0.17001977562904358,0.2136472463607788,0.14242158830165863
1,37,0.266316294670105,0.16262443363666534,0.18852102756500244,0.14141730964183807
1,38,0.2908604145050049,0.17226220667362213,0.22384053468704224,0.14531002938747406
1,39,0.3028741776943207,0.18190254271030426,0.2264164686203003,0.15202517807483673
1,40,0.32181161642074585,0.19062797725200653,0.24868172407150269,0.1585547924041748
1,41,0.2678680419921875,0.16369369626045227,0.19024807214736938,0.14037561416625977
1,42,0.259507954120636,0.1588115096092224,0.18408316373825073,0.13531595468521118
1,43,0.25494590401649475,0.15496726334095,0.18477052450180054,0.13035212457180023
1,44,0.2806771695613861,0.17028172314167023,0.20470070838928223,0.14257578551769257
1,45,0.2952064275741577,0.17297130823135376,0.2344599962234497,0.142255499958992
1,46,0.2668065130710602,0.16107207536697388,0.19663214683532715,0.13540783524513245
1,47,0.3039436936378479,0.18207016587257385,0.22977542877197266,0.14981676638126373
1,48,0.27341702580451965,0.16371674835681915,0.20528125762939453,0.13793890178203583
1,49,0.2890467345714569,0.17399092018604279,0.21461427211761475,0.1460506021976471
1,50,0.2886388599872589,0.1753140091896057,0.2080245018005371,0.1505752056837082
1,51,0.2956746816635132,0.17891082167625427,0.21841657161712646,0.14698609709739685
1,52,0.27709662914276123,0.16976886987686157,0.19614112377166748,0.14435651898384094
1,53,0.26111090183258057,0.16155216097831726,0.1795961856842041,0.13860133290290833
1,54,0.30859050154685974,0.18331265449523926,0.23531478643417358,0.15575957298278809
1,55,0.27456191182136536,0.16901682317256927,0.19328755140304565,0.14115029573440552
1,56,0.2785387933254242,0.17082390189170837,0.19814664125442505,0.14228114485740662
1,57,0.2915421426296234,0.17798781394958496,0.20833730697631836,0.15109696984291077
1,58,0.2799803614616394,0.17065274715423584,0.20154738426208496,0.1435433030128479
1,59,0.24394933879375458,0.14534509181976318,0.18406027555465698,0.12490074336528778
1,60,0.2912815809249878,0.17461059987545013,0.21749907732009888,0.14835667610168457
2,61,0.283158540725708,0.16884109377861023,0.2137148380279541,0.14415758848190308
2,62,0.25954511761665344,0.1537552773952484,0.19859004020690918,0.13176915049552917
2,63,0.2700747549533844,0.16727611422538757,0.18592751026153564,0.14213815331459045
2,64,0.27458664774894714,0.16133171319961548,0.2148529291152954,0.1365688443183899
2,65,0.2675074636936188,0.16173887252807617,0.19632619619369507,0.13619045913219452
2,66,0.260014146566391,0.15552900731563568,0.19520026445388794,0.1320251226425171
2,67,0.2767612338066101,0.1701987087726593,0.1952592134475708,0.14229416847229004
2,68,0.2696341872215271,0.16195370256900787,0.19990593194961548,0.1385905146598816
2,69,0.30468782782554626,0.18414053320884705,0.2243732213973999,0.1539900004863739
2,70,0.26418647170066833,0.16150037944316864,0.18729519844055176,0.13884003460407257
2,71,0.2432786524295807,0.1491800844669342,0.1707000732421875,0.12909260392189026
2,72,0.24264901876449585,0.1499592363834381,0.166925847530365,0.12959715723991394
2,73,0.2591089904308319,0.1582026183605194,0.18514978885650635,0.13423220813274384
2,74,0.24772986769676208,0.14664143323898315,0.1894289255142212,0.12658432126045227
2,75,0.2803328037261963,0.16991496086120605,0.20471972227096558,0.14264965057373047
2,76,0.29715508222579956,0.18352575600147247,0.207658052444458,0.15283052623271942
2,77,0.27057087421417236,0.16134756803512573,0.2041771411895752,0.13776233792304993
2,78,0.2808425724506378,0.16887186467647552,0.20896506309509277,0.1419234275817871
2,79,0.23679670691490173,0.14429911971092224,0.1682063341140747,0.12607531249523163
2,80,0.2620270848274231,0.16195940971374512,0.18151837587356567,0.13730168342590332
2,81,0.2765165865421295,0.1680569350719452,0.20087158679962158,0.14055508375167847
2,82,0.2759445607662201,0.16942663490772247,0.1937996745109558,0.14499029517173767
2,83,0.2616180181503296,0.1580641269683838,0.19114995002746582,0.13546961545944214
2,84,0.26606589555740356,0.16314710676670074,0.18727898597717285,0.1400359719991684
2,85,0.3020772337913513,0.18059030175209045,0.22858619689941406,0.1502622365951538
2,86,0.3011339008808136,0.1862022578716278,0.2103290557861328,0.15400013327598572
2,87,0.2640685439109802,0.16250990331172943,0.18522721529006958,0.13733874261379242
2,88,0.29389017820358276,0.18186092376708984,0.20485246181488037,0.15044140815734863
2,89,0.25103920698165894,0.14712724089622498,0.19628936052322388,0.12698115408420563
2,90,0.2626371383666992,0.15980255603790283,0.18913209438323975,0.13590866327285767
3,91,0.3014810085296631,0.1799699068069458,0.22818350791931152,0.15118853747844696
3,92,0.2804027795791626,0.16734176874160767,0.2118949294090271,0.1415151059627533
3,93,0.26877278089523315,0.16063421964645386,0.20289796590805054,0.13489681482315063
3,94,0.29679158329963684,0.1817346215248108,0.21034890413284302,0.15458697080612183
3,95,0.3341245651245117,0.19851014018058777,0.25596094131469727,0.16615019738674164
3,96,0.2800523638725281,0.17267772555351257,0.1953461766242981,0.14618079364299774
3,97,0.28596583008766174,0.17348840832710266,0.20975959300994873,0.14286786317825317
3,98,0.2288678139448166,0.14097705483436584,0.1587333083152771,0.12198714911937714
3,99,0.27407175302505493,0.162571519613266,0.21030449867248535,0.136892169713974
3,100,0.25159868597984314,0.15199773013591766,0.18367522954940796,0.1306542456150055
3,101,0.2608034610748291,0.157506063580513,0.1897108554840088,0.1370653510093689
3,102,0.2545637786388397,0.15317660570144653,0.18820583820343018,0.1305241882801056
3,103,0.28103411197662354,0.1681494414806366,0.2107912302017212,0.14284084737300873
3,104,0.2485152631998062,0.14643682539463043,0.19193023443222046,0.1265316903591156
3,105,0.23954029381275177,0.14543718099594116,0.17390871047973633,0.12269818037748337
3,106,0.2746121287345886,0.165771484375,0.20119434595108032,0.1418144851922989
3,107,0.26673004031181335,0.16146600246429443,0.19376671314239502,0.13878673315048218
3,108,0.2649706304073334,0.16205960512161255,0.1874207854270935,0.13971352577209473
3,109,0.26303631067276,0.15997382998466492,0.18934041261672974,0.13663160800933838
3,110,0.27750739455223083,0.1654927134513855,0.21087181568145752,0.1383296549320221
3,111,0.2893841862678528,0.16981332004070282,0.22683501243591309,0.1441841721534729
3,112,0.26756882667541504,0.1635521650314331,0.1901993751525879,0.1396845281124115
3,113,0.28685125708580017,0.1750398874282837,0.2042762041091919,0.15050435066223145
3,114,0.2846069037914276,0.16803842782974243,0.21989428997039795,0.1430538296699524
3,115,0.26239097118377686,0.15710395574569702,0.1962268352508545,0.1339813470840454
3,116,0.24090750515460968,0.14775052666664124,0.17044740915298462,0.1248900517821312
3,117,0.2691766023635864,0.16037489473819733,0.20482110977172852,0.13436636328697205
3,118,0.2767260670661926,0.16484080255031586,0.21117961406707764,0.13706713914871216
3,119,0.28125104308128357,0.16948655247688293,0.207291841506958,0.14423882961273193
3,120,0.25694289803504944,0.1564679592847824,0.1834341287612915,0.13550645112991333
4,121,0.28107279539108276,0.1714072823524475,0.19990622997283936,0.14851513504981995
4,122,0.28329983353614807,0.17114514112472534,0.2085484266281128,0.1436764895915985
4,123,0.2579455077648163,0.1546204388141632,0.19274288415908813,0.1311396360397339
4,124,0.22371405363082886,0.13530132174491882,0.161565899848938,0.11893181502819061
4,125,0.2778926491737366,0.17043089866638184,0.19685643911361694,0.1435958445072174
4,126,0.2596742808818817,0.15561583638191223,0.19284462928771973,0.13460297882556915
4,127,0.3090564012527466,0.18502458930015564,0.232369065284729,0.1554209589958191
4,128,0.2766072750091553,0.16646386682987213,0.20328158140182495,0.14415386319160461
4,129,0.2790313959121704,0.16797971725463867,0.20751988887786865,0.1402186155319214
4,130,0.2305976003408432,0.1404559314250946,0.16431915760040283,0.12207001447677612
4,131,0.25840455293655396,0.15571551024913788,0.1893608570098877,0.1347234696149826
4,132,0.27132147550582886,0.16263234615325928,0.20333468914031982,0.13677620887756348
4,133,0.27427899837493896,0.16690926253795624,0.19735711812973022,0.14213445782661438
4,134,0.26655077934265137,0.15794022381305695,0.2045454978942871,0.1339617371559143
4,135,0.27648138999938965,0.17086979746818542,0.19163137674331665,0.144795224070549
4,136,0.2796171307563782,0.17138056457042694,0.1996171474456787,0.14194846153259277
4,137,0.2636088728904724,0.15719608962535858,0.1989935040473938,0.13407693803310394
4,138,0.27196311950683594,0.1642969846725464,0.1996915340423584,0.13894760608673096
4,139,0.2658020257949829,0.16067025065422058,0.19487285614013672,0.1359131634235382
4,140,0.26198190450668335,0.1579689383506775,0.1926114559173584,0.1348419040441513
4,141,0.2817001938819885,0.16949327290058136,0.20899349451065063,0.143047496676445
4,142,0.26515188813209534,0.1613958477973938,0.19117367267608643,0.13643284142017365
4,143,0.25130632519721985,0.15481936931610107,0.17608702182769775,0.13026073575019836
4,144,0.2901146709918976,0.17709001898765564,0.20774871110916138,0.14962583780288696
4,145,0.27672630548477173,0.1702246218919754,0.1930626630783081,0.14638298749923706
4,146,0.2685805559158325,0.16307727992534637,0.19396460056304932,0.1395871490240097
4,147,0.2664635479450226,0.15956930816173553,0.19883084297180176,0.13680951297283173
4,148,0.2546452581882477,0.15432026982307434,0.18433791399002075,0.13294903934001923
4,149,0.24836786091327667,0.15350288152694702,0.17109274864196777,0.13213936984539032
4,150,0.2638370096683502,0.15658138692378998,0.2017199993133545,0.13283807039260864
5,151,0.2860460877418518,0.17569558322429657,0.20233303308486938,0.14708630740642548
5,152,0.29042112827301025,0.1748955398797989,0.21570920944213867,0.14620952308177948
5,153,0.24719859659671783,0.14982393383979797,0.18050718307495117,0.12585894763469696
5,154,0.25323158502578735,0.15343797206878662,0.1829121708869934,0.1331435889005661
5,155,0.2514292001724243,0.15393900871276855,0.17817187309265137,0.1311071515083313
5,156,0.2288990020751953,0.13804978132247925,0.16780692338943481,0.11863221228122711
5,157,0.29325583577156067,0.17413754761219025,0.22432827949523926,0.14693479239940643
5,158,0.26989930868148804,0.16412995755672455,0.19423407316207886,0.14037856459617615
5,159,0.27905240654945374,0.17042219638824463,0.1995471715927124,0.14405667781829834
5,160,0.27325010299682617,0.16800037026405334,0.19100773334503174,0.14423318207263947
5,161,0.2873319983482361,0.17847618460655212,0.19683271646499634,0.1506136655807495
5,162,0.27192720770835876,0.16246476769447327,0.2051163911819458,0.1370794028043747
5,163,0.24036622047424316,0.14847946166992188,0.1654546856880188,0.12852446734905243
5,164,0.2735420763492584,0.16213378310203552,0.21174418926239014,0.1335531324148178
5,165,0.27205193042755127,0.16405397653579712,0.19879281520843506,0.14240406453609467
5,166,0.2765704393386841,0.16939108073711395,0.19594025611877441,0.14401628077030182
5,167,0.275652676820755,0.16359926760196686,0.2117583155632019,0.1367504596710205
5,168,0.2841666638851166,0.17056238651275635,0.21166306734085083,0.14469514787197113
5,169,0.2690373361110687,0.16408878564834595,0.1922815442085266,0.14017970860004425
5,170,0.2607097029685974,0.1566963493824005,0.19286131858825684,0.13434410095214844
5,171,0.29065418243408203,0.17282915115356445,0.22139251232147217,0.14634019136428833
5,172,0.2502678334712982,0.15046332776546478,0.18506073951721191,0.12890104949474335
5,173,0.25826311111450195,0.1593027412891388,0.18164026737213135,0.13152126967906952
5,174,0.27878537774086,0.16356094181537628,0.2202521562576294,0.13561779260635376
5,175,0.27004167437553406,0.16220486164093018,0.19949102401733398,0.1402020901441574
5,176,0.29091018438339233,0.17616039514541626,0.21277523040771484,0.1481984704732895
5,177,0.2896296977996826,0.17468032240867615,0.21318268775939941,0.14838150143623352
5,178,0.24064874649047852,0.14533324539661407,0.1760154366493225,0.124546580016613
5,179,0.28611916303634644,0.17511461675167084,0.20402228832244873,0.1469782292842865
5,180,0.25680094957351685,0.15501302480697632,0.18776750564575195,0.13340464234352112
6,181,0.3109082579612732,0.18696868419647217,0.2319246530532837,0.15584850311279297
6,182,0.2901768088340759,0.1705610156059265,0.2265399694442749,0.14499905705451965
6,183,0.26293709874153137,0.15874317288398743,0.19153738021850586,0.1378948837518692
6,184,0.24463355541229248,0.14817243814468384,0.17734766006469727,0.12761029601097107
6,185,0.23727335035800934,0.14797574281692505,0.15964484214782715,0.12719835340976715
6,186,0.2695024609565735,0.16534455120563507,0.19009816646575928,0.14059320092201233
6,187,0.2543164789676666,0.1515800952911377,0.19237685203552246,0.1289282590150833
6,188,0.2782195508480072,0.16904088854789734,0.20374298095703125,0.13840734958648682
6,189,0.22319728136062622,0.13419026136398315,0.16470777988433838,0.11561950296163559
6,190,0.26290032267570496,0.1603882610797882,0.18898284435272217,0.13459454476833344
6,191,0.27905312180519104,0.1664147973060608,0.2113073468208313,0.14057700335979462
6,192,0.27450379729270935,0.16626420617103577,0.20068800449371338,0.1398218870162964
6,193,0.2733350694179535,0.16441503167152405,0.20202356576919556,0.14055299758911133
6,194,0.2474464476108551,0.1475001573562622,0.18653333187103271,0.12666480243206024
6,195,0.27761220932006836,0.16587260365486145,0.20937621593475342,0.1399456262588501
6,196,0.32375678420066833,0.1941615492105484,0.24432992935180664,0.1593163013458252
6,197,0.3024411201477051,0.18014036118984222,0.22948169708251953,0.1525404304265976
6,198,0.24419979751110077,0.14904925227165222,0.17517894506454468,0.125394806265831
6,199,0.269237756729126,0.16024622321128845,0.20333510637283325,0.13828742504119873
6,200,0.2531105577945709,0.15399101376533508,0.18125379085540771,0.13309013843536377
6,201,0.22610317170619965,0.1341763287782669,0.1715238094329834,0.1165866106748581
6,202,0.24552279710769653,0.14973703026771545,0.17542004585266113,0.12808877229690552
6,203,0.2850671410560608,0.1737448275089264,0.20395898818969727,0.14869356155395508
6,204,0.2717936635017395,0.1669110357761383,0.19105184078216553,0.14230944216251373
6,205,0.2534462809562683,0.15586809813976288,0.17928171157836914,0.1293274462223053
6,206,0.2557196319103241,0.15649543702602386,0.18076825141906738,0.1345844268798828
6,207,0.27463284134864807,0.1679256558418274,0.194740891456604,0.14405418932437897
6,208,0.3084160089492798,0.18742091953754425,0.22420042753219604,0.15657447278499603
6,209,0.275634229183197,0.16649264097213745,0.20190387964248657,0.14190010726451874
6,210,0.2710547149181366,0.16425198316574097,0.19710850715637207,0.13979659974575043
7,211,0.26311376690864563,0.15651673078536987,0.19933396577835083,0.1343173086643219
7,212,0.283048540353775,0.16909779608249664,0.21170973777770996,0.14633426070213318
7,213,0.2650262415409088,0.1615772247314453,0.1903107762336731,0.1366235315799713
7,214,0.2621030807495117,0.16094112396240234,0.18426084518432617,0.13728812336921692
7,215,0.23888520896434784,0.14551430940628052,0.17008095979690552,0.12669259309768677
7,216,0.28543171286582947,0.17254793643951416,0.2084142565727234,0.14759030938148499
7,217,0.2892199456691742,0.17657504975795746,0.2058650255203247,0.15149441361427307
7,218,0.26363053917884827,0.15993469953536987,0.19178175926208496,0.1349157691001892
7,219,0.25128865242004395,0.1494467854499817,0.19117271900177002,0.12686392664909363
7,220,0.26437076926231384,0.16042587161064148,0.1912301778793335,0.13726410269737244
7,221,0.2772001326084137,0.16896888613700867,0.19917845726013184,0.1427992582321167
7,222,0.2874167263507843,0.1747017204761505,0.20709824562072754,0.14937853813171387
7,223,0.2516650855541229,0.15085236728191376,0.18917936086654663,0.12570485472679138
7,224,0.27056846022605896,0.16239190101623535,0.2017003297805786,0.1374821960926056
7,225,0.25648778676986694,0.15320232510566711,0.1931321620941162,0.13016290962696075
7,226,0.24405603110790253,0.14841923117637634,0.17496609687805176,0.1282518357038498
7,227,0.2585184574127197,0.1582854837179184,0.18282932043075562,0.135506272315979
7,228,0.25642186403274536,0.1532706618309021,0.19220757484436035,0.1313409060239792
7,229,0.2785980701446533,0.16828392446041107,0.20460939407348633,0.14235197007656097
7,230,0.2944416403770447,0.1797190010547638,0.21066415309906006,0.15228474140167236
7,231,0.2697009742259979,0.16433387994766235,0.19335830211639404,0.14011883735656738
7,232,0.304302841424942,0.18224692344665527,0.22828280925750732,0.15371394157409668
7,233,0.275008887052536,0.1668604612350464,0.19897419214248657,0.1427937150001526
7,234,0.24243153631687164,0.14522850513458252,0.17940425872802734,0.1272066980600357
7,235,0.26753294467926025,0.1638738214969635,0.18923121690750122,0.1398332267999649
7,236,0.2839224934577942,0.17409086227416992,0.20148205757141113,0.14619413018226624
7,237,0.24247385561466217,0.1494402438402176,0.16893231868743896,0.12730339169502258
7,238,0.2927117943763733,0.17720699310302734,0.21423757076263428,0.14904889464378357
7,239,0.2949416935443878,0.17976075410842896,0.21219193935394287,0.15152083337306976
7,240,0.29258137941360474,0.18077877163887024,0.2027956247329712,0.15342172980308533
8,241,0.2503672242164612,0.15440717339515686,0.17402660846710205,0.13174694776535034
8,242,0.2765072286128998,0.16949394345283508,0.19483929872512817,0.14538782835006714
8,243,0.2843111753463745,0.17017559707164764,0.21223664283752441,0.14620453119277954
8,244,0.2556590139865875,0.15446262061595917,0.18625801801681519,0.133465975522995
8,245,0.28509077429771423,0.17519554495811462,0.199715256690979,0.15004563331604004
8,246,0.26496821641921997,0.15912890434265137,0.19742101430892944,0.13435456156730652
8,247,0.2692038416862488,0.16130205988883972,0.20115160942077637,0.13720576465129852
8,248,0.2731916606426239,0.16589608788490295,0.19715094566345215,0.14217598736286163
8,249,0.28156423568725586,0.16578274965286255,0.21907401084899902,0.1407594233751297
8,250,0.2479739934206009,0.14798259735107422,0.18525183200836182,0.12945333123207092
8,251,0.2999952435493469,0.18197675049304962,0.21707499027252197,0.15594246983528137
8,252,0.2484998255968094,0.15000328421592712,0.1819472312927246,0.1285882592201233
8,253,0.24635346233844757,0.151241734623909,0.17270755767822266,0.13014352321624756
8,254,0.2608429789543152,0.15139883756637573,0.20866763591766357,0.12988537549972534
8,255,0.28447896242141724,0.16810846328735352,0.21970999240875244,0.14243246614933014
8,256,0.3002745807170868,0.18166232109069824,0.2193460464477539,0.15436917543411255
8,257,0.29226619005203247,0.17526499927043915,0.2185022234916687,0.14800144731998444
8,258,0.31208986043930054,0.1894361674785614,0.2266864776611328,0.15989534556865692
8,259,0.26746565103530884,0.1574949324131012,0.2076476812362671,0.13455820083618164
8,260,0.2600575387477875,0.160917729139328,0.17835378646850586,0.13899151980876923
8,261,0.2904570698738098,0.1779361367225647,0.20560455322265625,0.15139546990394592
8,262,0.22527796030044556,0.13698634505271912,0.16143333911895752,0.11859130859375
8,263,0.2884872555732727,0.17578700184822083,0.2083565592765808,0.14678804576396942
8,264,0.2666410803794861,0.16279236972332,0.1906071901321411,0.138029083609581
8,265,0.29006314277648926,0.1770968735218048,0.20707082748413086,0.15068969130516052
8,266,0.2760307192802429,0.1668688803911209,0.20257174968719482,0.14066562056541443
8,267,0.2712276875972748,0.16393783688545227,0.2007770538330078,0.13489508628845215
8,268,0.26821696758270264,0.1636175662279129,0.19307267665863037,0.13685165345668793
8,269,0.2929052710533142,0.17739900946617126,0.21364068984985352,0.15024994313716888
8,270,0.24896855652332306,0.15128155052661896,0.17952924966812134,0.12937656044960022
9,271,0.2730553448200226,0.16530849039554596,0.19974666833877563,0.13924086093902588
9,272,0.24972885847091675,0.15007738769054413,0.18412750959396362,0.13000234961509705
9,273,0.2585321068763733,0.15485545992851257,0.19281768798828125,0.1327478587627411
9,274,0.2549099028110504,0.1542372703552246,0.18497192859649658,0.13341927528381348
9,275,0.25537005066871643,0.15556609630584717,0.18355733156204224,0.13190510869026184
9,276,0.2871958613395691,0.170434832572937,0.21945106983184814,0.14490309357643127
9,277,0.27633070945739746,0.1685590296983719,0.19730329513549805,0.14425185322761536
9,278,0.25626108050346375,0.15721677243709564,0.17893731594085693,0.13734693825244904
9,279,0.26705509424209595,0.15923291444778442,0.20048296451568604,0.13814496994018555
9,280,0.2818754017353058,0.17020456492900848,0.20703548192977905,0.14428316056728363
9,281,0.26998794078826904,0.16041912138462067,0.20529687404632568,0.13725027441978455
9,282,0.2294355034828186,0.1391962319612503,0.16497933864593506,0.12123766541481018
9,283,0.2877892553806305,0.17115101218223572,0.2185966968536377,0.14599785208702087
9,284,0.24093538522720337,0.1472545564174652,0.17060142755508423,0.12720124423503876
9,285,0.27871933579444885,0.16723299026489258,0.20751094818115234,0.14240986108779907
9,286,0.2895883023738861,0.17268839478492737,0.21953803300857544,0.14542338252067566
9,287,0.263332337141037,0.16138064861297607,0.18524974584579468,0.1392589956521988
9,288,0.24600565433502197,0.14777973294258118,0.1822027564048767,0.12672406435012817
9,289,0.28721722960472107,0.17153148353099823,0.21580356359481812,0.14682161808013916
9,290,0.3034208118915558,0.17829371988773346,0.2407025694847107,0.14423029124736786
9,291,0.27038654685020447,0.16624508798122406,0.18856090307235718,0.14358551800251007
9,292,0.295857310295105,0.17961758375167847,0.21464335918426514,0.1519119143486023
9,293,0.277422159910202,0.16377757489681244,0.21396887302398682,0.14028522372245789
9,294,0.293423593044281,0.17943008244037628,0.2090781331062317,0.15181124210357666
9,295,0.28373414278030396,0.17506009340286255,0.19711029529571533,0.14914952218532562
9,296,0.3063589334487915,0.18307816982269287,0.2315601110458374,0.15328364074230194
9,297,0.2783086597919464,0.1707642674446106,0.19599968194961548,0.14572256803512573
9,298,0.2799428403377533,0.17254671454429626,0.19398444890975952,0.14901170134544373
9,299,0.29941827058792114,0.18120989203453064,0.21876507997512817,0.15351170301437378
9,300,0.2645932734012604,0.16202157735824585,0.18739557266235352,0.138067364692688
10,301,0.2751506268978119,0.166599839925766,0.2011067271232605,0.1405404508113861
10,302,0.27147066593170166,0.16538307070732117,0.1946800947189331,0.14107786118984222
10,303,0.2599225342273712,0.1604437530040741,0.17854392528533936,0.14030608534812927
10,304,0.2898414731025696,0.17685860395431519,0.20646774768829346,0.15197893977165222
10,305,0.29909321665763855,0.18172526359558105,0.21716690063476562,0.15250596404075623
10,306,0.2565934956073761,0.15626366436481476,0.18375229835510254,0.1341446340084076
10,307,0.3096049427986145,0.19002801179885864,0.21832329034805298,0.16123807430267334
10,308,0.27760010957717896,0.16877016425132751,0.19973433017730713,0.14468108117580414
10,309,0.25157347321510315,0.1500851958990097,0.19046521186828613,0.12651097774505615
10,310,0.2658238708972931,0.15958623588085175,0.19667303562164307,0.1378421187400818
10,311,0.28038710355758667,0.169844388961792,0.20502334833145142,0.14266681671142578
10,312,0.2697365880012512,0.16494739055633545,0.1911817193031311,0.14158250391483307
10,313,0.25966814160346985,0.1545858383178711,0.1964428424835205,0.13252583146095276
10,314,0.25679484009742737,0.15391981601715088,0.19182991981506348,0.1307152807712555
10,315,0.2871883809566498,0.17590881884098053,0.20349061489105225,0.14941658079624176
10,316,0.2760991156101227,0.16619999706745148,0.204245924949646,0.14100369811058044
10,317,0.26742833852767944,0.15978200733661652,0.20121395587921143,0.13580375909805298
10,318,0.29484859108924866,0.17593906819820404,0.22304105758666992,0.14846552908420563
10,319,0.2642095983028412,0.16216972470283508,0.18652808666229248,0.13714317977428436
10,320,0.2808522880077362,0.16807176172733307,0.21061229705810547,0.14267805218696594
10,321,0.2758786082267761,0.1657790243625641,0.20468950271606445,0.14111897349357605
10,322,0.2584490180015564,0.1560979038476944,0.18833041191101074,0.13509473204612732
10,323,0.25746193528175354,0.15679088234901428,0.1832282543182373,0.1368986964225769
10,324,0.25358831882476807,0.15407413244247437,0.18250679969787598,0.13255737721920013
10,325,0.24969540536403656,0.15213099122047424,0.17851829528808594,0.13078546524047852
10,326,0.26043441891670227,0.15813809633255005,0.187913715839386,0.1356542408466339
10,327,0.28153112530708313,0.17497293651103973,0.19168776273727417,0.14941540360450745
10,328,0.22312968969345093,0.13454091548919678,0.1631036400794983,0.11673655360937119
10,329,0.24588018655776978,0.14854946732521057,0.17878514528274536,0.12908321619033813
10,330,0.27317020297050476,0.16262775659561157,0.20638000965118408,0.139952152967453
11,331,0.2743116021156311,0.16378550231456757,0.2054474949836731,0.1417355090379715
11,332,0.2974700927734375,0.1768275499343872,0.2273017168045044,0.14860934019088745
11,333,0.2663089632987976,0.16299591958522797,0.1890108585357666,0.13854354619979858
11,334,0.26804792881011963,0.1631869077682495,0.19205701351165771,0.1401910036802292
11,335,0.2660299241542816,0.15946868062019348,0.19812679290771484,0.13655266165733337
11,336,0.25160640478134155,0.15201404690742493,0.18416404724121094,0.12963366508483887
11,337,0.29358071088790894,0.17491589486598969,0.2223120927810669,0.1486998051404953
11,338,0.26602739095687866,0.16064667701721191,0.19572758674621582,0.13544844090938568
11,339,0.28498807549476624,0.1739039421081543,0.20311158895492554,0.14919748902320862
11,340,0.27445879578590393,0.16611623764038086,0.19960415363311768,0.14250437915325165
11,341,0.2879900336265564,0.1757570505142212,0.20559751987457275,0.1499699056148529
11,342,0.2612607479095459,0.1582176834344864,0.19110453128814697,0.1330062747001648
11,343,0.26330041885375977,0.15963035821914673,0.19093680381774902,0.13647662103176117
11,344,0.2607204020023346,0.15911206603050232,0.18679004907608032,0.13446152210235596
11,345,0.2972412705421448,0.17903375625610352,0.21998506784439087,0.15106740593910217
11,346,0.23158104717731476,0.1419079601764679,0.1626981496810913,0.12296905368566513
11,347,0.24582350254058838,0.1475452482700348,0.18225175142288208,0.126887708902359
11,348,0.283160537481308,0.16813313961029053,0.21657776832580566,0.14198140799999237
11,349,0.29933345317840576,0.18030008673667908,0.22078073024749756,0.1536053717136383
11,350,0.27238205075263977,0.16535033285617828,0.19718003273010254,0.14079856872558594
11,351,0.23499904572963715,0.1414749026298523,0.1734791398048401,0.12066234648227692
11,352,0.25065985321998596,0.1574084758758545,0.16521108150482178,0.13583466410636902
11,353,0.24627600610256195,0.15116208791732788,0.17248213291168213,0.13060534000396729
11,354,0.2941989004611969,0.17753778398036957,0.2163686752319336,0.1505681574344635
11,355,0.3102455735206604,0.18635530769824982,0.23211312294006348,0.15522506833076477
11,356,0.2382146418094635,0.1442563235759735,0.1717737913131714,0.1262439787387848
11,357,0.24435767531394958,0.1494937241077423,0.1724623441696167,0.12939505279064178
11,358,0.29054680466651917,0.1802992969751358,0.20111221075057983,0.14901310205459595
11,359,0.23881424963474274,0.1443028450012207,0.173805832862854,0.12494536489248276
11,360,0.2850463092327118,0.175481915473938,0.198036789894104,0.15174835920333862
12,361,0.29711538553237915,0.17724056541919708,0.22420775890350342,0.1509585976600647
12,362,0.24578799307346344,0.14917510747909546,0.17657673358917236,0.1299109011888504
12,363,0.26180604100227356,0.16000297665596008,0.18555760383605957,0.13790015876293182
12,364,0.27354466915130615,0.1644803285598755,0.20225799083709717,0.1408057063817978
12,365,0.29609164595603943,0.17931927740573883,0.21684551239013672,0.15017077326774597
12,366,0.2681044936180115,0.15997740626335144,0.20138490200042725,0.1378656029701233
12,367,0.29071706533432007,0.17247018218040466,0.2227942943572998,0.14564570784568787
12,368,0.257305383682251,0.1580469310283661,0.17931294441223145,0.13766628503799438
12,369,0.2698574662208557,0.1648065596818924,0.19199621677398682,0.14126203954219818
12,370,0.26731055974960327,0.1599646359682083,0.19906997680664062,0.13858972489833832
12,371,0.277767539024353,0.1707877814769745,0.1944085955619812,0.1460815668106079
12,372,0.2781789004802704,0.16899994015693665,0.20117998123168945,0.14353489875793457
12,373,0.2795150876045227,0.16779683530330658,0.2076183557510376,0.14335456490516663
12,374,0.261562317609787,0.15500777959823608,0.2001502513885498,0.1324721872806549
12,375,0.26716864109039307,0.16239163279533386,0.19239121675491333,0.13910257816314697
12,376,0.2796573042869568,0.16878530383110046,0.2056715488433838,0.14301680028438568
12,377,0.26065388321876526,0.1581762284040451,0.1889837384223938,0.13442081212997437
12,378,0.28451791405677795,0.16947215795516968,0.2158069610595703,0.14361481368541718
12,379,0.24137133359909058,0.14650675654411316,0.17439806461334229,0.1255268007516861
12,380,0.3044210970401764,0.18775799870491028,0.21242213249206543,0.15847115218639374
12,381,0.26190775632858276,0.1615426242351532,0.18077898025512695,0.14026769995689392
12,382,0.24788811802864075,0.1508955955505371,0.17735439538955688,0.1302538365125656
12,383,0.2616659700870514,0.15571260452270508,0.1986140012741089,0.1325387805700302
12,384,0.26822513341903687,0.16105744242668152,0.198614239692688,0.13861005008220673
12,385,0.2562885880470276,0.15423089265823364,0.18860971927642822,0.13306906819343567
12,386,0.2589079737663269,0.15363000333309174,0.1979161500930786,0.130557581782341
12,387,0.28561288118362427,0.1737389713525772,0.20632261037826538,0.14672432839870453
12,388,0.24644552171230316,0.15030184388160706,0.17651140689849854,0.12769560515880585
12,389,0.2524168789386749,0.15421709418296814,0.17885184288024902,0.13329526782035828
12,390,0.3062598407268524,0.18033748865127563,0.23923087120056152,0.15115004777908325
13,391,0.2583443820476532,0.15775007009506226,0.18400037288665771,0.13497084379196167
13,392,0.30314213037490845,0.18272912502288818,0.22487115859985352,0.1523227095603943
13,393,0.27655524015426636,0.16470767557621002,0.20989543199539185,0.1394469439983368
13,394,0.2760264277458191,0.1657123565673828,0.20610320568084717,0.13936392962932587
13,395,0.26958519220352173,0.1627672016620636,0.1973099708557129,0.1394699513912201
13,396,0.27184003591537476,0.16223591566085815,0.20394599437713623,0.14012858271598816
13,397,0.2644461393356323,0.1618565320968628,0.18614447116851807,0.14065900444984436
13,398,0.24174284934997559,0.14590871334075928,0.176918625831604,0.12533339858055115
13,399,0.25982147455215454,0.15933778882026672,0.18299400806427002,0.13643044233322144
13,400,0.2490140050649643,0.1497829258441925,0.1827336549758911,0.13068801164627075
13,401,0.2826119065284729,0.16942784190177917,0.21086275577545166,0.14419476687908173
13,402,0.2771262228488922,0.1653902679681778,0.20912539958953857,0.1404290497303009
13,403,0.24806436896324158,0.15041404962539673,0.17991364002227783,0.12842431664466858
13,404,0.318854421377182,0.19413048028945923,0.22957080602645874,0.16447807848453522
13,405,0.27938103675842285,0.16934268176555634,0.2032691240310669,0.1436534821987152
13,406,0.2738575041294098,0.1616126000881195,0.21221530437469482,0.136793851852417
13,407,0.24894766509532928,0.15261909365653992,0.17465698719024658,0.13232889771461487
13,408,0.29340803623199463,0.17747372388839722,0.2153770923614502,0.14891749620437622
13,409,0.2623763680458069,0.1596437245607376,0.18924975395202637,0.13516372442245483
13,410,0.29907023906707764,0.17932559549808502,0.2223583459854126,0.15400642156600952
13,411,0.29294294118881226,0.17877304553985596,0.2100570797920227,0.15073542296886444
13,412,0.24398335814476013,0.14984214305877686,0.16920530796051025,0.13229545950889587
13,413,0.28713878989219666,0.17145735025405884,0.21755743026733398,0.14329242706298828
13,414,0.28850969672203064,0.17457564175128937,0.21129274368286133,0.14708468317985535
13,415,0.3160879611968994,0.19333505630493164,0.2258397340774536,0.16208499670028687
13,416,0.2858896851539612,0.1704646348953247,0.21643376350402832,0.14425767958164215
13,417,0.3172832131385803,0.19053679704666138,0.23693275451660156,0.1598665416240692
13,418,0.2804761528968811,0.1720508337020874,0.19733524322509766,0.147456094622612
13,419,0.2819036543369293,0.1723478138446808,0.20116019248962402,0.14545872807502747
13,420,0.27679941058158875,0.16702328622341156,0.20206308364868164,0.14475449919700623
14,421,0.23033417761325836,0.14219357073307037,0.15886425971984863,0.12297453731298447
14,422,0.28432637453079224,0.1714649200439453,0.20862102508544922,0.1470651626586914
14,423,0.27129635214805603,0.16104485094547272,0.20687878131866455,0.13749998807907104
14,424,0.2618444263935089,0.15981200337409973,0.18584972620010376,0.138462632894516
14,425,0.2254483848810196,0.1377732753753662,0.15874874591827393,0.12087800353765488
14,426,0.28466683626174927,0.1748148500919342,0.20022982358932495,0.1488003432750702
14,427,0.26579412817955017,0.16073346138000488,0.1932777762413025,0.13874781131744385
14,428,0.2306659072637558,0.14036551117897034,0.16570019721984863,0.12010160088539124
14,429,0.2688221037387848,0.16414381563663483,0.19129949808120728,0.14079239964485168
14,430,0.2953695058822632,0.18130533397197723,0.20843303203582764,0.15345489978790283
14,431,0.21582691371440887,0.13484355807304382,0.1437157392501831,0.11748532950878143
14,432,0.2690242826938629,0.16170641779899597,0.19948172569274902,0.1376257985830307
14,433,0.2827918231487274,0.17139992117881775,0.20650458335876465,0.14395032823085785
14,434,0.2753121256828308,0.16601288318634033,0.20379644632339478,0.13890324532985687
14,435,0.27544689178466797,0.1661890149116516,0.20209944248199463,0.14209052920341492
14,436,0.24678461253643036,0.15052972733974457,0.17591464519500732,0.12944510579109192
14,437,0.2788928747177124,0.16990548372268677,0.20163774490356445,0.14166153967380524
14,438,0.2274993509054184,0.1378808468580246,0.16373133659362793,0.12062986940145493
14,439,0.2329937219619751,0.14069880545139313,0.16946768760681152,0.12253926694393158
14,440,0.26226112246513367,0.1575058400630951,0.1948372721672058,0.13410185277462006
14,441,0.24904273450374603,0.15235045552253723,0.17702001333236694,0.12942132353782654
14,442,0.2517441511154175,0.1548009216785431,0.17629212141036987,0.13213184475898743
14,443,0.2634810209274292,0.15966957807540894,0.19061017036437988,0.13783679902553558
14,444,0.27984848618507385,0.16592654585838318,0.21404391527175903,0.14152184128761292
14,445,0.27948927879333496,0.169355109333992,0.2046126127243042,0.14144566655158997
14,446,0.29261842370033264,0.1735491305589676,0.2229630947113037,0.14942032098770142
14,447,0.24501526355743408,0.14998584985733032,0.17178690433502197,0.13157325983047485
14,448,0.2517891824245453,0.15500521659851074,0.17482298612594604,0.13427382707595825
14,449,0.23169949650764465,0.13662555813789368,0.17925691604614258,0.11685582250356674
14,450,0.258683979511261,0.1591399908065796,0.18082374334335327,0.13607251644134521
15,451,0.2644588053226471,0.1611282229423523,0.18914484977722168,0.13836322724819183
15,452,0.2465892732143402,0.1517852246761322,0.17084801197052002,0.1323242485523224
15,453,0.24756017327308655,0.155349001288414,0.1631072759628296,0.13484138250350952
15,454,0.24967791140079498,0.14915092289447784,0.18675148487091064,0.1291319578886032
15,455,0.26007139682769775,0.15717855095863342,0.18999773263931274,0.134468674659729
15,456,0.28642016649246216,0.17540135979652405,0.20278221368789673,0.14952951669692993
15,457,0.2895018458366394,0.1761871576309204,0.2080463171005249,0.15048082172870636
15,458,0.297755628824234,0.17598113417625427,0.22948795557022095,0.14989662170410156
15,459,0.25235864520072937,0.14973166584968567,0.19407522678375244,0.12498436868190765
15,460,0.22781561315059662,0.13731583952903748,0.16689598560333252,0.11870691180229187
15,461,0.24470166862010956,0.1488627940416336,0.17519712448120117,0.1288001537322998
15,462,0.2857336401939392,0.17602016031742096,0.19844937324523926,0.15166862308979034
15,463,0.26456043124198914,0.15878242254257202,0.19718986749649048,0.13451024889945984
15,464,0.2319757491350174,0.14103180170059204,0.1662529706954956,0.12221372127532959
15,465,0.22872690856456757,0.14010772109031677,0.16109466552734375,0.12090657651424408
15,466,0.28534799814224243,0.17191515862941742,0.210415780544281,0.14633262157440186
15,467,0.25551438331604004,0.15649622678756714,0.1811966896057129,0.13269738852977753
15,468,0.3211005926132202,0.19203026592731476,0.24168771505355835,0.16197626292705536
15,469,0.2761461138725281,0.1654561161994934,0.20585346221923828,0.1417430341243744
15,470,0.22765564918518066,0.13651832938194275,0.1696796417236328,0.11632722616195679
15,471,0.27381885051727295,0.16860385239124298,0.1913905143737793,0.14329397678375244
15,472,0.27242761850357056,0.16334682703018188,0.20237278938293457,0.14065825939178467
15,473,0.27228695154190063,0.16751208901405334,0.19036060571670532,0.1431531310081482
15,474,0.2753314971923828,0.16847866773605347,0.19420504570007324,0.14585405588150024
15,475,0.23800994455814362,0.14694944024085999,0.16487419605255127,0.12555411458015442
15,476,0.28014639019966125,0.1688198745250702,0.20745861530303955,0.14171530306339264
15,477,0.29707303643226624,0.17902621626853943,0.21861016750335693,0.15301382541656494
15,478,0.2792968451976776,0.1708415001630783,0.1976618766784668,0.1469530165195465
15,479,0.2976968288421631,0.18212810158729553,0.21184051036834717,0.15416264533996582
15,480,0.26180320978164673,0.15903770923614502,0.18938887119293213,0.1350497305393219
16,481,0.25875619053840637,0.15759076178073883,0.18485605716705322,0.13611507415771484
16,482,0.27743765711784363,0.16581156849861145,0.20741289854049683,0.14330467581748962
16,483,0.28604060411453247,0.17243510484695435,0.21079790592193604,0.14643162488937378
16,484,0.2531057894229889,0.15293964743614197,0.18523967266082764,0.13035129010677338
16,485,0.24178673326969147,0.1470244824886322,0.173414945602417,0.12698136270046234
16,486,0.2815200090408325,0.173109769821167,0.1969510316848755,0.14814913272857666
16,487,0.24044346809387207,0.14699064195156097,0.16994082927703857,0.12738239765167236
16,488,0.27855753898620605,0.17461451888084412,0.18591773509979248,0.14787952601909637
16,489,0.27898991107940674,0.16876067221164703,0.2039250135421753,0.14329609274864197
16,490,0.29733967781066895,0.17704054713249207,0.22600018978118896,0.14949533343315125
16,491,0.2671045660972595,0.160234272480011,0.19962024688720703,0.13511084020137787
16,492,0.2784910798072815,0.16892072558403015,0.2019892930984497,0.14387312531471252
16,493,0.2719419002532959,0.16478528082370758,0.19653648138046265,0.14271008968353271
16,494,0.28091639280319214,0.17219720780849457,0.197485089302063,0.14862559735774994
16,495,0.2648910582065582,0.159855455160141,0.19410139322280884,0.13697515428066254
16,496,0.256671279668808,0.15683776140213013,0.18102169036865234,0.137124165892601
16,497,0.22175249457359314,0.13739466667175293,0.151031494140625,0.11972612142562866
16,498,0.29169660806655884,0.18021641671657562,0.20282888412475586,0.15174314379692078
16,499,0.2697702646255493,0.1670619547367096,0.1846543550491333,0.1442328691482544
16,500,0.23472930490970612,0.14127016067504883,0.1716294288635254,0.12403687089681625
16,501,0.2558057904243469,0.15556353330612183,0.18445026874542236,0.1323106288909912
16,502,0.2434285432100296,0.1488676369190216,0.17192387580871582,0.12895679473876953
16,503,0.26577144861221313,0.159650981426239,0.19733572006225586,0.13593098521232605
16,504,0.24680224061012268,0.1482289433479309,0.18170619010925293,0.12945416569709778
16,505,0.29287365078926086,0.17793577909469604,0.2116742730140686,0.15134075284004211
16,506,0.25706034898757935,0.15811550617218018,0.1789005994796753,0.13692301511764526
16,507,0.2653040885925293,0.15922635793685913,0.1977701187133789,0.13484840095043182
16,508,0.22253404557704926,0.13774773478507996,0.15298068523406982,0.11797021329402924
16,509,0.26714998483657837,0.16233450174331665,0.19190645217895508,0.14026454091072083
16,510,0.3032263517379761,0.18012112379074097,0.23181045055389404,0.15190529823303223
17,511,0.3009992241859436,0.18056833744049072,0.22529232501983643,0.15156978368759155
17,512,0.29972901940345764,0.18358922004699707,0.21308326721191406,0.1545325219631195
17,513,0.2508739233016968,0.15676379203796387,0.1677384376525879,0.13507381081581116
17,514,0.32099366188049316,0.18969544768333435,0.2479214072227478,0.1606481671333313
17,515,0.28405630588531494,0.16868840157985687,0.21647310256958008,0.1438932865858078
17,516,0.2774530351161957,0.1670079231262207,0.2055891752243042,0.14104729890823364
17,517,0.27248892188072205,0.16264918446540833,0.2054227590560913,0.13835306465625763
17,518,0.28264641761779785,0.16884073615074158,0.21292686462402344,0.14317463338375092
17,519,0.3096815347671509,0.18433910608291626,0.23605138063430786,0.1546093225479126
17,520,0.2650749087333679,0.16050538420677185,0.19236230850219727,0.13812300562858582
17,521,0.2583106458187103,0.15682539343833923,0.1870887279510498,0.13324883580207825
17,522,0.3125336170196533,0.19064581394195557,0.22397470474243164,0.1614895761013031
17,523,0.29121914505958557,0.17410358786582947,0.21929478645324707,0.14698819816112518
17,524,0.2877099812030792,0.17279872298240662,0.2139107584953308,0.14673468470573425
17,525,0.2790752649307251,0.16875743865966797,0.20347929000854492,0.1446305364370346
17,526,0.25481995940208435,0.15401554107666016,0.1854158639907837,0.13319024443626404
17,527,0.25445735454559326,0.1571396291255951,0.1755492091178894,0.13549008965492249
17,528,0.2783412039279938,0.16654004156589508,0.20866549015045166,0.14167481660842896
17,529,0.26108190417289734,0.16061660647392273,0.18166577816009521,0.13899485766887665
17,530,0.2535441815853119,0.15834984183311462,0.16952216625213623,0.1369273066520691
17,531,0.2757146954536438,0.16748636960983276,0.1995583176612854,0.1420249193906784
17,532,0.2569904327392578,0.15844884514808655,0.17841839790344238,0.13587117195129395
17,533,0.2699933648109436,0.16451215744018555,0.19244062900543213,0.14252468943595886
17,534,0.27032357454299927,0.16168752312660217,0.2021772265434265,0.13882577419281006
17,535,0.29665297269821167,0.17687655985355377,0.2253338098526001,0.1482144296169281
17,536,0.2707839012145996,0.16292423009872437,0.19977998733520508,0.13973836600780487
17,537,0.29339054226875305,0.17734462022781372,0.21538525819778442,0.14945904910564423
17,538,0.26812493801116943,0.16205622255802155,0.19696390628814697,0.13641586899757385
17,539,0.2682754099369049,0.1611071228981018,0.19836169481277466,0.1391179859638214
17,540,0.24858161807060242,0.15173934400081635,0.17699521780014038,0.1302209347486496
18,541,0.2649957835674286,0.1612553596496582,0.19026362895965576,0.13817495107650757
18,542,0.26019757986068726,0.16145625710487366,0.17706352472305298,0.13957957923412323
18,543,0.28303563594818115,0.1699497103691101,0.21086370944976807,0.14370225369930267
18,544,0.27231159806251526,0.16518965363502502,0.19881415367126465,0.13798141479492188
18,545,0.27862441539764404,0.16905932128429413,0.20091897249221802,0.14598757028579712
18,546,0.25158584117889404,0.154211163520813,0.1772836446762085,0.1323060840368271
18,547,0.28111499547958374,0.17212696373462677,0.19778335094451904,0.14937333762645721
18,548,0.2579118013381958,0.15913480520248413,0.17767846584320068,0.13852809369564056
18,549,0.25557199120521545,0.15715529024600983,0.1779017448425293,0.1362801194190979
18,550,0.27942854166030884,0.1672060191631317,0.20953750610351562,0.14203757047653198
18,551,0.2504444122314453,0.15020421147346497,0.18575775623321533,0.1296854317188263
18,552,0.2822106182575226,0.16673579812049866,0.2168971300125122,0.14357984066009521
18,553,0.27053338289260864,0.16423529386520386,0.19599002599716187,0.13951030373573303
18,554,0.2528907060623169,0.15351766347885132,0.18214428424835205,0.13257668912410736
18,555,0.2549840211868286,0.15319472551345825,0.18909722566604614,0.13075199723243713
18,556,0.27032649517059326,0.1623026430606842,0.2011292576789856,0.13786081969738007
18,557,0.23660650849342346,0.14361760020256042,0.17040812969207764,0.12412827461957932
18,558,0.2860874533653259,0.17446723580360413,0.20569360256195068,0.14671388268470764
18,559,0.2586275637149811,0.15486741065979004,0.19439697265625,0.13000677525997162
18,560,0.27003607153892517,0.16678008437156677,0.18685030937194824,0.1425793468952179
18,561,0.28831252455711365,0.16953285038471222,0.22490835189819336,0.14408175647258759
18,562,0.2795145809650421,0.16889989376068115,0.20476609468460083,0.14354127645492554
18,563,0.28808218240737915,0.17461396753787994,0.2089552879333496,0.14943045377731323
18,564,0.2708253562450409,0.162068173289299,0.20166248083114624,0.1404610127210617
18,565,0.286306768655777,0.17015263438224792,0.2184133529663086,0.1439439356327057
18,566,0.2761043906211853,0.1677514910697937,0.20025253295898438,0.14125946164131165
18,567,0.26597487926483154,0.159845232963562,0.1961883306503296,0.13827162981033325
18,568,0.24066606163978577,0.14575305581092834,0.17439305782318115,0.1257789134979248
18,569,0.2654346227645874,0.16085246205329895,0.19205987453460693,0.138791024684906
18,570,0.2628140151500702,0.1570863425731659,0.1961701512336731,0.13629809021949768
19,571,0.2831883728504181,0.1725623458623886,0.20257073640823364,0.14798863232135773
19,572,0.25080734491348267,0.15452799201011658,0.17494064569473267,0.13151541352272034
19,573,0.27614617347717285,0.16916027665138245,0.19594430923461914,0.14304088056087494
19,574,0.2577461898326874,0.15581589937210083,0.18725073337554932,0.13514992594718933
19,575,0.2632209360599518,0.16031324863433838,0.18867647647857666,0.13718539476394653
19,576,0.2635539770126343,0.16122236847877502,0.18679571151733398,0.1380666345357895
19,577,0.26963528990745544,0.16470427811145782,0.19086968898773193,0.14291563630104065
19,578,0.2799715995788574,0.16307178139686584,0.22411596775054932,0.13626712560653687
19,579,0.2759372591972351,0.1668889820575714,0.20025420188903809,0.14473293721675873
19,580,0.24234998226165771,0.14766749739646912,0.17263096570968628,0.12815044820308685
19,581,0.27022823691368103,0.16325527429580688,0.19666707515716553,0.14153069257736206
19,582,0.30923134088516235,0.18783631920814514,0.22568660974502563,0.15560175478458405
19,583,0.28290632367134094,0.17310579121112823,0.2010655403137207,0.1468716263771057
19,584,0.268737256526947,0.16566431522369385,0.18641889095306396,0.14252689480781555
19,585,0.2889649569988251,0.17249737679958344,0.21699297428131104,0.14835196733474731
19,586,0.26336976885795593,0.15871252119541168,0.19388645887374878,0.1355132758617401
19,587,0.26504945755004883,0.16095829010009766,0.19171100854873657,0.13703382015228271
19,588,0.2583131790161133,0.15531985461711884,0.19039201736450195,0.13418254256248474
19,589,0.27484816312789917,0.16534259915351868,0.20325493812561035,0.14101789891719818
19,590,0.2356615513563156,0.14426881074905396,0.16561436653137207,0.12573492527008057
19,591,0.2765314280986786,0.16669520735740662,0.20290327072143555,0.14337454736232758
19,592,0.26722288131713867,0.1604553461074829,0.1984492540359497,0.136939138174057
19,593,0.2906477153301239,0.17512211203575134,0.21437513828277588,0.14887768030166626
19,594,0.25521308183670044,0.15463638305664062,0.18451929092407227,0.13384491205215454
19,595,0.26011762022972107,0.1600458174943924,0.18112421035766602,0.13811059296131134
19,596,0.2622949779033661,0.15746170282363892,0.19356393814086914,0.13703849911689758
19,597,0.2610539495944977,0.1555255651473999,0.19672423601150513,0.1341935098171234
19,598,0.2876369059085846,0.17064371705055237,0.22029364109039307,0.1443786919116974
19,599,0.26483315229415894,0.16361473500728607,0.18262630701065063,0.14083945751190186
19,600,0.2514810860157013,0.1527889370918274,0.18056446313858032,0.13233180344104767
20,601,0.2840054929256439,0.16946479678153992,0.21472644805908203,0.14325051009655
20,602,0.24875251948833466,0.14812207221984863,0.18771910667419434,0.12771405279636383
20,603,0.2392653375864029,0.14595024287700653,0.17045223712921143,0.12567096948623657
20,604,0.31640276312828064,0.18464434146881104,0.2518702745437622,0.15505151450634003
20,605,0.25485625863075256,0.15445634722709656,0.18381333351135254,0.13437281548976898
20,606,0.2846081554889679,0.1756502091884613,0.1975688934326172,0.14965185523033142
20,607,0.2498440146446228,0.15112781524658203,0.18245548009872437,0.12867003679275513
20,608,0.2767348289489746,0.16659602522850037,0.20488959550857544,0.14091478288173676
20,609,0.246731698513031,0.15258227288722992,0.17083609104156494,0.12907493114471436
20,610,0.26214516162872314,0.15729421377182007,0.19429528713226318,0.13566413521766663
20,611,0.2575848698616028,0.154656782746315,0.19058847427368164,0.13346341252326965
20,612,0.30400386452674866,0.1836024820804596,0.22279536724090576,0.15641608834266663
20,613,0.24357563257217407,0.14824940264225006,0.17399680614471436,0.12863752245903015
20,614,0.2663537859916687,0.15613442659378052,0.20996755361557007,0.131161630153656
20,615,0.2735489010810852,0.1635819971561432,0.20508027076721191,0.13967400789260864
20,616,0.2395181655883789,0.14610616862773895,0.16976219415664673,0.1275356411933899
20,617,0.2674536406993866,0.16203776001930237,0.19453692436218262,0.1380055546760559
20,618,0.2520194947719574,0.15216922760009766,0.1842988133430481,0.13065370917320251
20,619,0.2867448031902313,0.1708349883556366,0.21697455644607544,0.14559999108314514
20,620,0.26465195417404175,0.16156691312789917,0.18802708387374878,0.13937102258205414
20,621,0.25888562202453613,0.15588992834091187,0.19003570079803467,0.13490712642669678
20,622,0.31125593185424805,0.1876537799835205,0.229498028755188,0.15901482105255127
20,623,0.262433797121048,0.16057729721069336,0.18493413925170898,0.13941417634487152
20,624,0.317359983921051,0.18563611805438995,0.2528674602508545,0.1528843641281128
20,625,0.259255975484848,0.15813300013542175,0.18443334102630615,0.13674823939800262
20,626,0.283100962638855,0.17122143507003784,0.2058018445968628,0.14779388904571533
20,627,0.2691148817539215,0.1595262885093689,0.2048465609550476,0.13824990391731262
20,628,0.3051847517490387,0.18632812798023224,0.21857649087905884,0.15713024139404297
20,629,0.2943207323551178,0.17740780115127563,0.21603137254714966,0.1525019407272339
20,630,0.2706957757472992,0.16091503202915192,0.20525723695755005,0.13838930428028107
21,631,0.23024989664554596,0.14009161293506622,0.1647244691848755,0.12134243547916412
21,632,0.25813961029052734,0.15722697973251343,0.18373894691467285,0.13708531856536865
21,633,0.253044068813324,0.15404680371284485,0.18245941400527954,0.13006751239299774
21,634,0.28229355812072754,0.17191548645496368,0.2017381191253662,0.1484140306711197
21,635,0.24761001765727997,0.15032389760017395,0.17781668901443481,0.13079723715782166
21,636,0.21213597059249878,0.12989908456802368,0.14878439903259277,0.11361563205718994
21,637,0.2621726393699646,0.15953655540943146,0.18862265348434448,0.13593512773513794
21,638,0.27331626415252686,0.16800639033317566,0.19154322147369385,0.1434628963470459
21,639,0.24983033537864685,0.14761869609355927,0.1924242377281189,0.12620973587036133
21,640,0.28621187806129456,0.1728297472000122,0.20996975898742676,0.14697113633155823
21,641,0.28488606214523315,0.170185387134552,0.21618998050689697,0.14112333953380585
21,642,0.27881112694740295,0.16517724096775055,0.2144228219985962,0.13932380080223083
21,643,0.2580229341983795,0.15773147344589233,0.18287038803100586,0.1357165277004242
21,644,0.28536173701286316,0.17235180735588074,0.21021640300750732,0.1446167528629303
21,645,0.26798292994499207,0.16089224815368652,0.19741833209991455,0.14061668515205383
21,646,0.276967853307724,0.16670307517051697,0.2051801085472107,0.14096365869045258
21,647,0.2882213592529297,0.17414122819900513,0.2108008861541748,0.1487988531589508
21,648,0.2719644010066986,0.1597684919834137,0.21282827854156494,0.13532297313213348
21,649,0.23084743320941925,0.14063701033592224,0.16331326961517334,0.12442552298307419
21,650,0.25665557384490967,0.15703479945659637,0.18263143301010132,0.13284102082252502
21,651,0.23930254578590393,0.14483672380447388,0.17515087127685547,0.12202738970518112
21,652,0.27584221959114075,0.1683821827173233,0.19637125730514526,0.1445576548576355
21,653,0.2655225396156311,0.1589619219303131,0.197659432888031,0.13748419284820557
21,654,0.24974000453948975,0.15091970562934875,0.18159902095794678,0.130903422832489
21,655,0.2957676947116852,0.17842385172843933,0.21744376420974731,0.15183165669441223
21,656,0.24406972527503967,0.14934168756008148,0.17210018634796143,0.1294398158788681
21,657,0.25990748405456543,0.15956875681877136,0.1817840337753296,0.13812561333179474
21,658,0.28236037492752075,0.17074653506278992,0.206689715385437,0.144689679145813
21,659,0.24388568103313446,0.14714673161506653,0.17879927158355713,0.1260962188243866
21,660,0.24567246437072754,0.14865416288375854,0.17810577154159546,0.12887997925281525
22,661,0.28283926844596863,0.16910460591316223,0.21175169944763184,0.14516988396644592
22,662,0.27685803174972534,0.1650255173444748,0.20888423919677734,0.14139418303966522
22,663,0.2905086874961853,0.17512428760528564,0.21508169174194336,0.1467585265636444
22,664,0.26204270124435425,0.15697994828224182,0.19462013244628906,0.13607357442378998
22,665,0.2678854167461395,0.1600392907857895,0.2024141550064087,0.13440237939357758
22,666,0.32278960943222046,0.1926816701889038,0.24426203966140747,0.1620156168937683
22,667,0.2526715099811554,0.15181003510951996,0.18702542781829834,0.13025662302970886
22,668,0.25814512372016907,0.15498290956020355,0.19194543361663818,0.13192014396190643
22,669,0.28152376413345337,0.17494255304336548,0.1912822723388672,0.15034161508083344
22,670,0.23907504975795746,0.14609189331531525,0.16906678676605225,0.12678217887878418
22,671,0.2373882383108139,0.1463255137205124,0.16394412517547607,0.1274253875017166
22,672,0.24950380623340607,0.15129581093788147,0.17932504415512085,0.1323898583650589
22,673,0.2631123661994934,0.16147556900978088,0.18538516759872437,0.1374136060476303
22,674,0.2609802186489105,0.1609434187412262,0.18047571182250977,0.1392325460910797
22,675,0.3008534610271454,0.18109507858753204,0.22260844707489014,0.1535751074552536
22,676,0.2427506297826767,0.14852628111839294,0.17133092880249023,0.1284598410129547
22,677,0.2677738666534424,0.16278013586997986,0.1922222375869751,0.14052414894104004
22,678,0.27792656421661377,0.17073418200016022,0.19555765390396118,0.14484652876853943
22,679,0.23461101949214935,0.14298227429389954,0.1675969362258911,0.12294983863830566
22,680,0.26532334089279175,0.1626942753791809,0.18650376796722412,0.14013776183128357
22,681,0.2827520966529846,0.16938473284244537,0.21172553300857544,0.14338576793670654
22,682,0.2781696915626526,0.16893726587295532,0.20187437534332275,0.14241334795951843
22,683,0.22642891108989716,0.13739755749702454,0.16357237100601196,0.11801207065582275
22,684,0.28245365619659424,0.1673186719417572,0.21577048301696777,0.14413386583328247
22,685,0.26008233428001404,0.15722715854644775,0.1892903447151184,0.13569514453411102
22,686,0.2896326780319214,0.17391033470630646,0.21384060382843018,0.15093056857585907
22,687,0.27785736322402954,0.16836851835250854,0.2023169994354248,0.1428101807832718
22,688,0.25082531571388245,0.14939208328723907,0.18864572048187256,0.12987469136714935
22,689,0.2494521290063858,0.14933893084526062,0.18653517961502075,0.12749561667442322
22,690,0.28916817903518677,0.17458467185497284,0.2125258445739746,0.1478658765554428
23,691,0.2555905282497406,0.15550099313259125,0.18275272846221924,0.13494229316711426
23,692,0.2771138846874237,0.1645893156528473,0.21178269386291504,0.13905753195285797
23,693,0.27364581823349,0.16927368938922882,0.18804335594177246,0.14577381312847137
23,694,0.25682902336120605,0.15372571349143982,0.19196844100952148,0.13157957792282104
23,695,0.27299264073371887,0.1673058569431305,0.1928194761276245,0.14279499650001526
23,696,0.2921980023384094,0.17777718603610992,0.2093437910079956,0.15341652929782867
23,697,0.2705499529838562,0.16426171362400055,0.19524776935577393,0.1409456729888916
23,698,0.2794913351535797,0.17441144585609436,0.18831807374954224,0.14876329898834229
23,699,0.2616041898727417,0.15865527093410492,0.18838149309158325,0.13798169791698456
23,700,0.24686743319034576,0.1515219658613205,0.1724785566329956,0.13177019357681274
23,701,0.26886141300201416,0.16246463358402252,0.19608020782470703,0.13982349634170532
23,702,0.3047129213809967,0.17764997482299805,0.24338316917419434,0.14854839444160461
23,703,0.2532333731651306,0.15253527462482452,0.1849048137664795,0.1336808055639267
23,704,0.2392837107181549,0.14287728071212769,0.17831480503082275,0.12540249526500702
23,705,0.2614249587059021,0.15981081128120422,0.18547111749649048,0.1371285617351532
23,706,0.2483041137456894,0.15442052483558655,0.16955649852752686,0.13030490279197693
23,707,0.3191163241863251,0.19231435656547546,0.23500984907150269,0.16399012506008148
23,708,0.2571677565574646,0.1546061635017395,0.18973946571350098,0.1333290934562683
23,709,0.2631736397743225,0.1580095887184143,0.1962835192680359,0.13325324654579163
23,710,0.25016263127326965,0.15017835795879364,0.18505871295928955,0.12980394065380096
23,711,0.2515471577644348,0.15257471799850464,0.1816854476928711,0.13149121403694153
23,712,0.26429328322410583,0.1578155755996704,0.19919735193252563,0.1339937150478363
23,713,0.27455809712409973,0.1664913296699524,0.19838809967041016,0.1435575932264328
23,714,0.25900083780288696,0.1618996560573578,0.17206209897994995,0.14138168096542358
23,715,0.25587812066078186,0.1571943759918213,0.17993676662445068,0.13354523479938507
23,716,0.2635039985179901,0.16110441088676453,0.18675369024276733,0.1384904384613037
23,717,0.3035907447338104,0.18204791843891144,0.22707206010818481,0.15357008576393127
23,718,0.29723411798477173,0.17921039462089539,0.2185077667236328,0.1531030386686325
23,719,0.24309100210666656,0.14668497443199158,0.17775005102157593,0.1265300214290619
23,720,0.28242650628089905,0.17201341688632965,0.2022719383239746,0.1475217044353485
24,721,0.30478280782699585,0.18107110261917114,0.23260533809661865,0.15334782004356384
24,722,0.30466002225875854,0.18111169338226318,0.2324584722518921,0.1528247445821762
24,723,0.2393338680267334,0.14459994435310364,0.17459547519683838,0.12447863072156906
24,724,0.26975017786026,0.1672569215297699,0.18387091159820557,0.14472441375255585
24,725,0.2887011468410492,0.17225176095962524,0.21727490425109863,0.14769715070724487
24,726,0.296623170375824,0.17980444431304932,0.21557223796844482,0.15294909477233887
24,727,0.2890772223472595,0.17322713136672974,0.21721488237380981,0.14482063055038452
24,728,0.2521381974220276,0.15442059934139252,0.17718148231506348,0.1342250406742096
24,729,0.26702988147735596,0.16141992807388306,0.1949864625930786,0.1380767822265625
24,730,0.26884326338768005,0.16425374150276184,0.1908940076828003,0.1411595344543457
24,731,0.23705437779426575,0.14360155165195465,0.17101788520812988,0.12522830069065094
24,732,0.23944883048534393,0.14761723577976227,0.1658947467803955,0.1273684948682785
24,733,0.2591570317745209,0.15943223237991333,0.18170201778411865,0.135220006108284
24,734,0.2774577736854553,0.16886243224143982,0.19919604063034058,0.1445845663547516
24,735,0.25838765501976013,0.15694627165794373,0.1858985424041748,0.13540983200073242
24,736,0.2846871614456177,0.1724402904510498,0.20642149448394775,0.14839142560958862
24,737,0.27053794264793396,0.16048170626163483,0.20528578758239746,0.1397095024585724
24,738,0.23558354377746582,0.14016379415988922,0.17793315649032593,0.12123240530490875
24,739,0.279367059469223,0.16679084300994873,0.21058380603790283,0.14171351492404938
24,740,0.29232141375541687,0.17679035663604736,0.21284139156341553,0.1519724279642105
24,741,0.2794273793697357,0.1688263714313507,0.20381569862365723,0.14537368714809418
24,742,0.2814115583896637,0.1693643033504486,0.20827603340148926,0.14368408918380737
24,743,0.262236624956131,0.155915305018425,0.19914036989212036,0.13332590460777283
24,744,0.274522066116333,0.16433502733707428,0.20492339134216309,0.1410883367061615
24,745,0.2963773310184479,0.17899110913276672,0.21782803535461426,0.15127500891685486
24,746,0.25055626034736633,0.15455412864685059,0.17326629161834717,0.1334780752658844
24,747,0.27308663725852966,0.1695564091205597,0.18599748611450195,0.14565618336200714
24,748,0.2862837612628937,0.17190369963645935,0.21280914545059204,0.14628198742866516
24,749,0.2609228491783142,0.15787246823310852,0.18857717514038086,0.13809749484062195
24,750,0.2780928909778595,0.1653623729944229,0.2117372751235962,0.14017799496650696
25,751,0.2635692059993744,0.16387447714805603,0.17798548936843872,0.14250269532203674
25,752,0.2777174711227417,0.1666160523891449,0.20611631870269775,0.1432744860649109
25,753,0.2578158676624298,0.15347081422805786,0.194058358669281,0.1336085945367813
25,754,0.2524232268333435,0.15155871212482452,0.18650293350219727,0.1313166618347168
25,755,0.2495320439338684,0.14835447072982788,0.18930888175964355,0.12727004289627075
25,756,0.26725277304649353,0.15909582376480103,0.20246672630310059,0.13585121929645538
25,757,0.24898742139339447,0.15249502658843994,0.17574572563171387,0.1309705674648285
25,758,0.23341724276542664,0.14007511734962463,0.17153048515319824,0.12364968657493591
25,759,0.28129076957702637,0.16910003125667572,0.20825731754302979,0.1444389671087265
25,760,0.28624582290649414,0.17067450284957886,0.2167567014694214,0.14434324204921722
25,761,0.22557075321674347,0.1365748643875122,0.16325479745864868,0.11846978962421417
25,762,0.242801696062088,0.14745113253593445,0.17476284503936768,0.12722717225551605
25,763,0.2846437096595764,0.17296341061592102,0.20540153980255127,0.14759838581085205
25,764,0.254546582698822,0.1529272198677063,0.18810629844665527,0.13188421726226807
25,765,0.24796821177005768,0.15034449100494385,0.1792880892753601,0.12954242527484894
25,766,0.2973451018333435,0.1777401566505432,0.22298848628997803,0.15204772353172302
25,767,0.25861191749572754,0.15870541334152222,0.18121886253356934,0.13709482550621033
25,768,0.3185984194278717,0.19180406630039215,0.2359548807144165,0.16206203401088715
25,769,0.2891276180744171,0.17155559360980988,0.22082269191741943,0.1462147980928421
25,770,0.2878181040287018,0.17624089121818542,0.20322895050048828,0.1514281928539276
25,771,0.2655632197856903,0.1620039939880371,0.18828678131103516,0.14122259616851807
25,772,0.30332836508750916,0.1814478486776352,0.22726714611053467,0.1548682153224945
25,773,0.2650107443332672,0.15587569773197174,0.2055652141571045,0.13454477488994598
25,774,0.24370573461055756,0.1482420414686203,0.17415326833724976,0.12901191413402557
25,775,0.2665075361728668,0.1618061065673828,0.1919320821762085,0.13964295387268066
25,776,0.26098254323005676,0.1590333729982376,0.18576598167419434,0.1382139027118683
25,777,0.27564868330955505,0.16609376668930054,0.20276284217834473,0.14224892854690552
25,778,0.2818847894668579,0.16860339045524597,0.2121284008026123,0.14215023815631866
25,779,0.2911766469478607,0.1734786033630371,0.22088181972503662,0.1467265486717224
25,780,0.26063647866249084,0.15957437455654144,0.183310866355896,0.1386888325214386
26,781,0.26070135831832886,0.15752434730529785,0.1908574104309082,0.13417017459869385
26,782,0.26136791706085205,0.1571008265018463,0.19277775287628174,0.1357799768447876
26,783,0.2783663272857666,0.1659093201160431,0.2113349437713623,0.1396150439977646
26,784,0.2560718059539795,0.15571913123130798,0.18384534120559692,0.13407260179519653
26,785,0.2771223187446594,0.16807889938354492,0.2014877200126648,0.14224162697792053
26,786,0.277120977640152,0.16862012445926666,0.19922173023223877,0.1440608948469162
26,787,0.2654349207878113,0.16096679866313934,0.19132888317108154,0.13968291878700256
26,788,0.2995358407497406,0.18044528365135193,0.2217726707458496,0.1519072949886322
26,789,0.29463258385658264,0.1776202917098999,0.21748822927474976,0.15008500218391418
26,790,0.28750813007354736,0.17629313468933105,0.20372861623764038,0.14861774444580078
26,791,0.270701140165329,0.1654217392206192,0.1917332410812378,0.14293049275875092
26,792,0.27034375071525574,0.15909633040428162,0.20912998914718628,0.13797710835933685
26,793,0.2808469235897064,0.17077210545539856,0.20253229141235352,0.14530937373638153
26,794,0.2627059519290924,0.15888147056102753,0.1919366717338562,0.13524910807609558
26,795,0.2723315954208374,0.16205158829689026,0.2070714235305786,0.13725720345973969
26,796,0.27835598587989807,0.16507339477539062,0.21233046054840088,0.14175209403038025
26,797,0.2979251444339752,0.1795663833618164,0.21869993209838867,0.1543939709663391
26,798,0.2622118294239044,0.16139140725135803,0.18276464939117432,0.13857273757457733
26,799,0.2682112455368042,0.15825048089027405,0.20766198635101318,0.13447988033294678
26,800,0.232858344912529,0.14423903822898865,0.15829932689666748,0.1264978051185608
26,801,0.25012916326522827,0.15559914708137512,0.169904887676239,0.13284020125865936
26,802,0.2699427902698517,0.1660131961107254,0.1880297064781189,0.14358852803707123
26,803,0.31309422850608826,0.1871422827243805,0.2356211543083191,0.15851742029190063
26,804,0.2647145092487335,0.1567472666501999,0.20353591442108154,0.13276445865631104
26,805,0.2469175159931183,0.14993885159492493,0.17775791883468628,0.12937743961811066
26,806,0.27601560950279236,0.17164573073387146,0.18768632411956787,0.14647673070430756
26,807,0.25324705243110657,0.15359890460968018,0.18260008096694946,0.13304060697555542
26,808,0.2779042422771454,0.16510088741779327,0.21131527423858643,0.14138630032539368
26,809,0.2592211365699768,0.1620013415813446,0.1721961498260498,0.14170657098293304
26,810,0.26360955834388733,0.16233879327774048,0.1836848258972168,0.13898417353630066
27,811,0.3028331696987152,0.18738138675689697,0.20857751369476318,0.16010388731956482
27,812,0.2976921796798706,0.17800377309322357,0.22376322746276855,0.1509154736995697
27,813,0.2505432963371277,0.15414629876613617,0.1746424436569214,0.1327001303434372
27,814,0.2522466480731964,0.15459808707237244,0.176302969455719,0.13563689589500427
27,815,0.2778700292110443,0.16699373722076416,0.20607107877731323,0.14223937690258026
27,816,0.25994816422462463,0.15595462918281555,0.19313901662826538,0.13368968665599823
27,817,0.2845093309879303,0.16841641068458557,0.2186805009841919,0.14310365915298462
27,818,0.27929091453552246,0.16599589586257935,0.21284186840057373,0.14079143106937408
27,819,0.255729615688324,0.15588337182998657,0.18095850944519043,0.13731420040130615
27,820,0.2819589078426361,0.17315161228179932,0.19866204261779785,0.14671240746974945
27,821,0.2719261050224304,0.1645531952381134,0.19891607761383057,0.13903239369392395
27,822,0.2565233111381531,0.1559680700302124,0.18436813354492188,0.13404002785682678
27,823,0.23904016613960266,0.146413654088974,0.16671794652938843,0.12969666719436646
27,824,0.29188841581344604,0.17805592715740204,0.2098217010498047,0.14951899647712708
27,825,0.2725154459476471,0.16480332612991333,0.1985321044921875,0.1414964199066162
27,826,0.2663103938102722,0.16270136833190918,0.18892425298690796,0.14019660651683807
27,827,0.25479868054389954,0.15353268384933472,0.18639540672302246,0.13353917002677917
27,828,0.2773469090461731,0.1679646372795105,0.20247554779052734,0.14196021854877472
27,829,0.2462654560804367,0.1517409235239029,0.16996026039123535,0.13270215690135956
27,830,0.23654556274414062,0.14126098155975342,0.17650234699249268,0.1234181672334671
27,831,0.2514825463294983,0.15458974242210388,0.1747572422027588,0.13494960963726044
27,832,0.24391834437847137,0.14572562277317047,0.180874764919281,0.12921404838562012
27,833,0.24802783131599426,0.15305298566818237,0.17172843217849731,0.13141736388206482
27,834,0.22676824033260345,0.1383531242609024,0.15998709201812744,0.12210138887166977
27,835,0.26803410053253174,0.16512876749038696,0.1857990026473999,0.14292870461940765
27,836,0.24035921692848206,0.14499182999134064,0.1757066249847412,0.12542366981506348
27,837,0.2805546820163727,0.17236009240150452,0.1961972713470459,0.14857837557792664
27,838,0.3099949061870575,0.18153390288352966,0.24490082263946533,0.15250341594219208
27,839,0.2709514796733856,0.16170275211334229,0.2037508487701416,0.13874191045761108
27,840,0.23080089688301086,0.14007055759429932,0.1672404408454895,0.11917083710432053
28,841,0.2644863426685333,0.1583271324634552,0.197595477104187,0.1356050968170166
28,842,0.23886920511722565,0.14553134143352509,0.17004823684692383,0.12659285962581635
28,843,0.3004218637943268,0.17895762622356415,0.22910457849502563,0.1491120159626007
28,844,0.27996692061424255,0.16831424832344055,0.20701873302459717,0.1442258059978485
28,845,0.2670918107032776,0.15842214226722717,0.20362615585327148,0.13609597086906433
28,846,0.2699046730995178,0.16677412390708923,0.18640971183776855,0.14283327758312225
28,847,0.2980252504348755,0.17871126532554626,0.22273790836334229,0.15109407901763916
28,848,0.25248172879219055,0.15436623990535736,0.17812931537628174,0.1343187689781189
28,849,0.29941612482070923,0.18247383832931519,0.21569609642028809,0.15331925451755524
28,850,0.24965013563632965,0.15321296453475952,0.17460495233535767,0.13297592103481293
28,851,0.31080639362335205,0.1904805600643158,0.22001945972442627,0.16159021854400635
28,852,0.2806916832923889,0.17302893102169037,0.19546973705291748,0.1473742425441742
28,853,0.26737096905708313,0.15992283821105957,0.19976574182510376,0.1377091407775879
28,854,0.2979823648929596,0.17779046297073364,0.22434782981872559,0.15226376056671143
28,855,0.27908459305763245,0.16540372371673584,0.2140887975692749,0.14022672176361084
28,856,0.2693793475627899,0.16541685163974762,0.18910294771194458,0.14160668849945068
28,857,0.296074241399765,0.17732681334018707,0.22027122974395752,0.1531946212053299
28,858,0.2908681333065033,0.17708677053451538,0.20872879028320312,0.1514492928981781
28,859,0.29013583064079285,0.17441853880882263,0.2162613868713379,0.14606375992298126
28,860,0.2853480875492096,0.16886575520038605,0.21954619884490967,0.14331921935081482
28,861,0.27899369597435,0.17172285914421082,0.19476324319839478,0.14682769775390625
28,862,0.29357296228408813,0.18012504279613495,0.20683282613754272,0.1535739153623581
28,863,0.28388553857803345,0.16583704948425293,0.22449743747711182,0.1412474364042282
28,864,0.2410273551940918,0.14652259647846222,0.17298424243927002,0.12655529379844666
28,865,0.25764718651771545,0.15820178389549255,0.18014413118362427,0.1369386911392212
28,866,0.2549595534801483,0.15253950655460358,0.19040131568908691,0.13129757344722748
28,867,0.23560020327568054,0.14125849306583405,0.1757040023803711,0.12030047178268433
28,868,0.30236613750457764,0.18087585270404816,0.2290865182876587,0.14927828311920166
28,869,0.27869293093681335,0.1691189855337143,0.20194518566131592,0.14397937059402466
28,870,0.22303183376789093,0.13550294935703278,0.16096794605255127,0.11570845544338226
29,871,0.2854565978050232,0.17038843035697937,0.21534788608551025,0.14464500546455383
29,872,0.25745001435279846,0.15715743601322174,0.18198853731155396,0.13748586177825928
29,873,0.2561738193035126,0.15603885054588318,0.1826413869857788,0.13539204001426697
29,874,0.21850235760211945,0.13204899430274963,0.15767884254455566,0.11690907180309296
29,875,0.26093658804893494,0.1570400595664978,0.19234663248062134,0.1347893476486206
29,876,0.25963345170021057,0.15842044353485107,0.18447625637054443,0.13711246848106384
29,877,0.2755487263202667,0.1624286025762558,0.21301567554473877,0.1395692378282547
29,878,0.2679317891597748,0.1599603295326233,0.2015460729598999,0.13676504790782928
29,879,0.2773570418357849,0.16553547978401184,0.2089749574661255,0.14115791022777557
29,880,0.2898256182670593,0.17429806292057037,0.2145169973373413,0.14860381186008453
29,881,0.2544948160648346,0.15569591522216797,0.18077784776687622,0.1324387788772583
29,882,0.24503318965435028,0.15092909336090088,0.17049908638000488,0.12952227890491486
29,883,0.25884854793548584,0.15705113112926483,0.18783175945281982,0.13332344591617584
29,884,0.2996620237827301,0.17615363001823425,0.23401057720184326,0.14952078461647034
29,885,0.26552802324295044,0.1618884801864624,0.18869036436080933,0.14081698656082153
29,886,0.2680342197418213,0.16303867101669312,0.19326722621917725,0.1384432017803192
29,887,0.2838202714920044,0.17603187263011932,0.1941114068031311,0.15071916580200195
29,888,0.29011598229408264,0.17531783878803253,0.21325409412384033,0.14748257398605347
29,889,0.29732587933540344,0.17547623813152313,0.2299489974975586,0.14935016632080078
29,890,0.30594170093536377,0.1815892457962036,0.23366236686706543,0.15443751215934753
29,891,0.27865105867385864,0.17068976163864136,0.19625794887542725,0.1472904533147812
29,892,0.2778101861476898,0.16980719566345215,0.1974773406982422,0.14506025612354279
29,893,0.2482176423072815,0.15139052271842957,0.1767033338546753,0.13072896003723145
29,894,0.2665960192680359,0.1579669713973999,0.20317703485488892,0.13679111003875732
29,895,0.25055068731307983,0.1505243182182312,0.18535107374191284,0.1294296383857727
29,896,0.26388922333717346,0.15894001722335815,0.19328832626342773,0.13816937804222107
29,897,0.27090153098106384,0.1668401062488556,0.18927228450775146,0.14176245033740997
29,898,0.2496856153011322,0.15389181673526764,0.1727418303489685,0.1334853619337082
29,899,0.2654785215854645,0.16076350212097168,0.19299697875976562,0.13758113980293274
29,900,0.26430314779281616,0.16232718527317047,0.18453115224838257,0.1408175379037857
30,901,0.27368849515914917,0.16482405364513397,0.20131266117095947,0.14169687032699585
30,902,0.262108713388443,0.16096700727939606,0.18438494205474854,0.13693875074386597
30,903,0.2817535102367401,0.17011123895645142,0.20629799365997314,0.14561527967453003
30,904,0.24474796652793884,0.14750158786773682,0.1789036989212036,0.12842443585395813
30,905,0.26540088653564453,0.15991193056106567,0.1948954463005066,0.1376539170742035
30,906,0.26578277349472046,0.16082210838794708,0.19409412145614624,0.13661503791809082
30,907,0.28803175687789917,0.17243802547454834,0.21506452560424805,0.14783966541290283
30,908,0.2659909427165985,0.16038519144058228,0.19408631324768066,0.13985607028007507
30,909,0.2824970483779907,0.17061099410057068,0.2065671682357788,0.14629584550857544
30,910,0.25329652428627014,0.15428100526332855,0.18028056621551514,0.13451644778251648
30,911,0.2705196142196655,0.16264751553535461,0.20011591911315918,0.13912871479988098
30,912,0.26343050599098206,0.15841461718082428,0.19383478164672852,0.13740992546081543
30,913,0.26901355385780334,0.1620853841304779,0.19820213317871094,0.13823653757572174
30,914,0.25131136178970337,0.15357738733291626,0.17871201038360596,0.13124580681324005
30,915,0.2630164325237274,0.1612159162759781,0.18522727489471436,0.13854804635047913
30,916,0.24934257566928864,0.14756794273853302,0.18975365161895752,0.12936584651470184
30,917,0.25472941994667053,0.15325713157653809,0.1874617338180542,0.13243794441223145
30,918,0.2602064311504364,0.1566331535577774,0.19139695167541504,0.1350725293159485
30,919,0.2479701042175293,0.15114668011665344,0.17558050155639648,0.13295602798461914
30,920,0.27259698510169983,0.16687673330307007,0.1939408779144287,0.1407194435596466
30,921,0.2743377685546875,0.17109261453151703,0.18534386157989502,0.14553800225257874
30,922,0.28510844707489014,0.17415237426757812,0.20261311531066895,0.14955413341522217
30,923,0.28441107273101807,0.17540700733661652,0.1969141960144043,0.15119189023971558
30,924,0.2666328549385071,0.16168002784252167,0.19346070289611816,0.13784268498420715
30,925,0.27532023191452026,0.16921131312847137,0.1910877823829651,0.14836901426315308
30,926,0.28423187136650085,0.17443576455116272,0.1995435357093811,0.14989352226257324
30,927,0.2528895437717438,0.15424391627311707,0.17951256036758423,0.13420292735099792
30,928,0.25349661707878113,0.1503920704126358,0.19253146648406982,0.13045985996723175
30,929,0.2974807918071747,0.17959845066070557,0.21898406744003296,0.15144366025924683
30,930,0.2783604860305786,0.1678435057401657,0.204656720161438,0.1432715356349945
31,931,0.2701245844364166,0.16611804068088531,0.1886003017425537,0.14283211529254913
31,932,0.24772445857524872,0.15231451392173767,0.17301231622695923,0.13102507591247559
31,933,0.2764054834842682,0.16723468899726868,0.20149964094161987,0.14285466074943542
31,934,0.24178971350193024,0.14748124778270721,0.17134714126586914,0.12884804606437683
31,935,0.28699278831481934,0.17422375082969666,0.20680254697799683,0.15024004876613617
31,936,0.2633180320262909,0.15918758511543274,0.1919386386871338,0.13677498698234558
31,937,0.2540345788002014,0.15415292978286743,0.18315863609313965,0.13309089839458466
31,938,0.2782026529312134,0.1716921031475067,0.19444191455841064,0.1436689794063568
31,939,0.2748107314109802,0.16609527170658112,0.20070189237594604,0.1421733945608139
31,940,0.2674601972103119,0.1617620289325714,0.1944446563720703,0.13960158824920654
31,941,0.2817738950252533,0.16831988096237183,0.2124333381652832,0.14240336418151855
31,942,0.2871337831020355,0.17269079387187958,0.21271926164627075,0.146776482462883
31,943,0.29044675827026367,0.1730632334947586,0.21875125169754028,0.14941513538360596
31,944,0.24897725880146027,0.14783763885498047,0.18909096717834473,0.12751618027687073
31,945,0.2956540286540985,0.17685112357139587,0.2226243019104004,0.1487659513950348
31,946,0.2652236819267273,0.16180899739265442,0.18778109550476074,0.14151118695735931
31,947,0.25135305523872375,0.1550995409488678,0.17445826530456543,0.13235101103782654
31,948,0.22754624485969543,0.13583612442016602,0.16950249671936035,0.11954563111066818
31,949,0.2662379741668701,0.16394907236099243,0.18553566932678223,0.14037303626537323
31,950,0.2501082718372345,0.15009647607803345,0.18505382537841797,0.1299513280391693
31,951,0.2785816788673401,0.16926582157611847,0.20025020837783813,0.1460789144039154
31,952,0.2609265148639679,0.15780425071716309,0.19029462337493896,0.1350221335887909
31,953,0.26558107137680054,0.1549852043390274,0.21023321151733398,0.13251295685768127
31,954,0.2568766474723816,0.1544724851846695,0.1890401840209961,0.13394039869308472
31,955,0.2733423411846161,0.16311171650886536,0.20578742027282715,0.1395782232284546
31,956,0.2650996446609497,0.1586562991142273,0.19740474224090576,0.13740724325180054
31,957,0.3062720000743866,0.18479973077774048,0.2251904010772705,0.15698054432868958
31,958,0.22022446990013123,0.1352725625038147,0.15220201015472412,0.1203555092215538
31,959,0.28448647260665894,0.17365369200706482,0.20232385396957397,0.14951613545417786
31,960,0.24407115578651428,0.14654093980789185,0.18074864149093628,0.126153826713562
32,961,0.28251972794532776,0.16969430446624756,0.21022683382034302,0.14367347955703735
32,962,0.25742319226264954,0.15767227113246918,0.1806563138961792,0.1374419927597046
32,963,0.2480391412973404,0.15005725622177124,0.18034791946411133,0.12921354174613953
32,964,0.24565687775611877,0.14934907853603363,0.17647802829742432,0.12858295440673828
32,965,0.2539505362510681,0.15292517840862274,0.1868528127670288,0.13142120838165283
32,966,0.29897335171699524,0.18035058677196503,0.2208620309829712,0.15138962864875793
32,967,0.25726059079170227,0.15813758969306946,0.18151283264160156,0.13258928060531616
32,968,0.27013489603996277,0.1674230396747589,0.1849442720413208,0.1436707228422165
32,969,0.26098179817199707,0.16263583302497864,0.17642349004745483,0.1388828158378601
32,970,0.291592001914978,0.17710618674755096,0.21068143844604492,0.1510661095380783
32,971,0.27568185329437256,0.16782590746879578,0.1976470947265625,0.1439855694770813
32,972,0.2709519863128662,0.16541507840156555,0.19335401058197021,0.14097639918327332
32,973,0.2845901548862457,0.17390389740467072,0.203324556350708,0.1467822641134262
32,974,0.2349555641412735,0.14248840510845184,0.1699877381324768,0.12236037850379944
32,975,0.2667215168476105,0.161769837141037,0.19347822666168213,0.1378018856048584
32,976,0.26936012506484985,0.16162899136543274,0.2002224326133728,0.13821087777614594
32,977,0.25793445110321045,0.16075372695922852,0.17241954803466797,0.14106455445289612
32,978,0.2614080607891083,0.16156813502311707,0.18045330047607422,0.13829311728477478
32,979,0.2652572989463806,0.16281728446483612,0.18511050939559937,0.14197897911071777
32,980,0.27257123589515686,0.167792409658432,0.1900436282157898,0.14380685985088348
32,981,0.2624213397502899,0.16075029969215393,0.18436861038208008,0.13961786031723022
32,982,0.2363167405128479,0.14156398177146912,0.1753789782524109,0.12300579994916916
32,983,0.25734400749206543,0.1563868224620819,0.18444788455963135,0.13589005172252655
32,984,0.24129974842071533,0.1462453007698059,0.17296993732452393,0.12933242321014404
32,985,0.25792598724365234,0.15440747141838074,0.19248050451278687,0.13263145089149475
32,986,0.24125578999519348,0.14531436562538147,0.17693579196929932,0.12583555281162262
32,987,0.2728372812271118,0.16774287819862366,0.18902629613876343,0.14741934835910797
32,988,0.27146297693252563,0.1617138385772705,0.20502662658691406,0.13869236409664154
32,989,0.256600946187973,0.15574611723423004,0.18438845872879028,0.13549718260765076
32,990,0.25553324818611145,0.15079709887504578,0.19646090269088745,0.13075894117355347
33,991,0.2527472972869873,0.15458713471889496,0.17876940965652466,0.13326191902160645
33,992,0.26116034388542175,0.15754613280296326,0.19107306003570557,0.13592495024204254
33,993,0.2778615355491638,0.16699764132499695,0.20473873615264893,0.14484195411205292
33,994,0.2531411945819855,0.15211033821105957,0.18714213371276855,0.1308700442314148
33,995,0.23525571823120117,0.14207667112350464,0.17049270868301392,0.12490981817245483
33,996,0.30232974886894226,0.18447747826576233,0.21573233604431152,0.15779654681682587
33,997,0.2845138907432556,0.17305709421634674,0.20384961366653442,0.14958468079566956
33,998,0.26808640360832214,0.1578918844461441,0.2085748314857483,0.133822962641716
33,999,0.27617064118385315,0.16741076111793518,0.199212908744812,0.14537353813648224
33,1000,0.25241172313690186,0.15365943312644958,0.18040204048156738,0.13295742869377136
33,1001,0.25636497139930725,0.1581559181213379,0.17842620611190796,0.1341928243637085
33,1002,0.25201213359832764,0.1532348394393921,0.1799878478050232,0.13391077518463135
33,1003,0.255252867937088,0.1554153859615326,0.1830052137374878,0.1331769824028015
33,1004,0.28209683299064636,0.17084258794784546,0.20541632175445557,0.14543859660625458
33,1005,0.24887239933013916,0.15061137080192566,0.1803297996520996,0.1306454986333847
33,1006,0.2674199640750885,0.1614822894334793,0.1961628794670105,0.13736259937286377
33,1007,0.23097841441631317,0.13914965093135834,0.16815710067749023,0.12282960116863251
33,1008,0.23941196501255035,0.14957700669765472,0.1592082381248474,0.1307583898305893
33,1009,0.25388991832733154,0.15025553107261658,0.19394946098327637,0.1302729696035385
33,1010,0.2516337037086487,0.15364046394824982,0.17925024032592773,0.13146570324897766
33,1011,0.244097039103508,0.1506359726190567,0.16904884576797485,0.12920761108398438
33,1012,0.27995046973228455,0.1688670814037323,0.20544219017028809,0.14453241229057312
33,1013,0.2560323476791382,0.15636813640594482,0.1811368465423584,0.13604727387428284
33,1014,0.2616119682788849,0.15981362760066986,0.18441033363342285,0.14017103612422943
33,1015,0.2785005569458008,0.16877761483192444,0.20163238048553467,0.1453498899936676
33,1016,0.2832837998867035,0.17022863030433655,0.20972424745559692,0.14582741260528564
33,1017,0.22732461988925934,0.14051958918571472,0.15535855293273926,0.12330810725688934
33,1018,0.2528153955936432,0.1547207534313202,0.17879533767700195,0.13288256525993347
33,1019,0.27156561613082886,0.1647268533706665,0.19592010974884033,0.1423536241054535
33,1020,0.2675754725933075,0.1601225733757019,0.19913971424102783,0.1389850676059723
34,1021,0.22612880170345306,0.1375335454940796,0.16074609756469727,0.12148400396108627
34,1022,0.26534798741340637,0.15990015864372253,0.19474273920059204,0.13775360584259033
34,1023,0.2858872711658478,0.16878904402256012,0.221136212348938,0.14321881532669067
34,1024,0.2403065711259842,0.1454322636127472,0.17475861310958862,0.12485431134700775
34,1025,0.2435605823993683,0.1471751630306244,0.17592883110046387,0.13006940484046936
34,1026,0.25894400477409363,0.15267957746982574,0.1991521120071411,0.13301794230937958
34,1027,0.2656952142715454,0.1630103886127472,0.18694555759429932,0.13953296840190887
34,1028,0.2763652205467224,0.17205779254436493,0.18727350234985352,0.14699013531208038
34,1029,0.29820263385772705,0.18239116668701172,0.2111644744873047,0.1567283570766449
34,1030,0.26085203886032104,0.15817762911319733,0.18850821256637573,0.1363556832075119
34,1031,0.281715989112854,0.1687096506357193,0.2108021378517151,0.14342741668224335
34,1032,0.22687847912311554,0.1369362771511078,0.1651211977005005,0.11946865916252136
34,1033,0.24785129725933075,0.15193471312522888,0.17302405834197998,0.1335347592830658
34,1034,0.2728307843208313,0.16805633902549744,0.1891579031944275,0.14555643498897552
34,1035,0.2963349223136902,0.17970670759677887,0.2151256799697876,0.15288984775543213
34,1036,0.2642398476600647,0.16357578337192535,0.18221765756607056,0.13888493180274963
34,1037,0.28361502289772034,0.17489701509475708,0.19589024782180786,0.1518096625804901
34,1038,0.30350664258003235,0.18526029586791992,0.21766763925552368,0.15589642524719238
34,1039,0.24500034749507904,0.14827826619148254,0.17758184671401978,0.12844674289226532
34,1040,0.25998547673225403,0.1585386097431183,0.18557649850845337,0.13608121871948242
34,1041,0.285031259059906,0.1746598184108734,0.200691819190979,0.15047353506088257
34,1042,0.2680527865886688,0.16326867043972015,0.19201332330703735,0.13989393413066864
34,1043,0.2516498863697052,0.1537821739912033,0.17772716283798218,0.13388419151306152
34,1044,0.2663644850254059,0.15656188130378723,0.20716607570648193,0.13468080759048462
34,1045,0.2586733400821686,0.15489593148231506,0.19292640686035156,0.13303418457508087
34,1046,0.24977336823940277,0.15109042823314667,0.18019354343414307,0.13302764296531677
34,1047,0.27134308218955994,0.16417540609836578,0.19746017456054688,0.14091803133487701
34,1048,0.26036733388900757,0.15415793657302856,0.19856226444244385,0.13392239809036255
34,1049,0.24104544520378113,0.1434372067451477,0.18208831548690796,0.12386453151702881
34,1050,0.2809114456176758,0.1690513640642166,0.20669865608215332,0.14590303599834442
35,1051,0.28466400504112244,0.16821470856666565,0.21873295307159424,0.14478063583374023
35,1052,0.275750994682312,0.16344377398490906,0.21067839860916138,0.14017918705940247
35,1053,0.2875719666481018,0.1729830503463745,0.2124699354171753,0.14800474047660828
35,1054,0.2587277889251709,0.15719936788082123,0.18614041805267334,0.1353611797094345
35,1055,0.25448960065841675,0.15246187150478363,0.18869251012802124,0.13275361061096191
35,1056,0.24324771761894226,0.14883391559123993,0.17207318544387817,0.12792262434959412
35,1057,0.24465082585811615,0.14800310134887695,0.17700040340423584,0.12923787534236908
35,1058,0.25401633977890015,0.15290668606758118,0.18594056367874146,0.13366717100143433
35,1059,0.2765360474586487,0.16822843253612518,0.19682073593139648,0.14789655804634094
35,1060,0.23145049810409546,0.14325377345085144,0.15876781940460205,0.123447947204113
35,1061,0.24689675867557526,0.1491515338420868,0.17868274450302124,0.13136069476604462
35,1062,0.2379840910434723,0.14554935693740845,0.16839981079101562,0.12537407875061035
35,1063,0.2442711740732193,0.14501410722732544,0.18414008617401123,0.12800513207912445
35,1064,0.24411699175834656,0.15131375193595886,0.16663044691085815,0.13075533509254456
35,1065,0.24213942885398865,0.1484403908252716,0.17030346393585205,0.1278882771730423
35,1066,0.2702253758907318,0.16044668853282928,0.20595157146453857,0.13699018955230713
35,1067,0.2889115512371063,0.17364315688610077,0.21316766738891602,0.15000662207603455
35,1068,0.22202804684638977,0.13560760021209717,0.1568697690963745,0.118362657725811
35,1069,0.24088267982006073,0.14393123984336853,0.17926037311553955,0.12623648345470428
35,1070,0.25756800174713135,0.15558087825775146,0.1876627802848816,0.13461005687713623
35,1071,0.277136892080307,0.16850486397743225,0.19819414615631104,0.14677175879478455
35,1072,0.25655317306518555,0.15140272676944733,0.19915682077407837,0.12743854522705078
35,1073,0.264477401971817,0.15999893844127655,0.19109737873077393,0.14019758999347687
35,1074,0.2799987494945526,0.16967228055000305,0.20293676853179932,0.14575889706611633
35,1075,0.2692441940307617,0.15925812721252441,0.20647859573364258,0.13697314262390137
35,1076,0.27470338344573975,0.16601580381393433,0.20210254192352295,0.13923279941082
35,1077,0.26593437790870667,0.16355031728744507,0.18580585718154907,0.14030864834785461
35,1078,0.2354394942522049,0.14517523348331451,0.16311252117156982,0.12509624660015106
35,1079,0.260322242975235,0.15759062767028809,0.1878567934036255,0.13794457912445068
35,1080,0.24499590694904327,0.14917726814746857,0.17386895418167114,0.13135528564453125
36,1081,0.23641464114189148,0.14582747220993042,0.16249620914459229,0.12794342637062073
36,1082,0.25762584805488586,0.151624858379364,0.1997721791267395,0.13046051561832428
36,1083,0.2815920412540436,0.17364630103111267,0.1953108310699463,0.14910700917243958
36,1084,0.2764400243759155,0.16485559940338135,0.20836776494979858,0.14118649065494537
36,1085,0.24626299738883972,0.14632876217365265,0.18570160865783691,0.12826798856258392
36,1086,0.24971939623355865,0.15439730882644653,0.1707058548927307,0.13519874215126038
36,1087,0.2281569540500641,0.14027675986289978,0.15884357690811157,0.12171381711959839
36,1088,0.28184106945991516,0.17212800681591034,0.20156192779541016,0.14544150233268738
36,1089,0.2730419635772705,0.16304892301559448,0.20404577255249023,0.14187362790107727
36,1090,0.29060065746307373,0.175867959856987,0.21116095781326294,0.15134155750274658
36,1091,0.27098023891448975,0.16662271320819855,0.1903284192085266,0.14113090932369232
36,1092,0.24678829312324524,0.15063658356666565,0.175642728805542,0.12947307527065277
36,1093,0.2516970634460449,0.14819933474063873,0.1945289969444275,0.12843060493469238
36,1094,0.24343813955783844,0.1479511260986328,0.174929678440094,0.12757569551467896
36,1095,0.25534284114837646,0.15674513578414917,0.17932236194610596,0.1343437284231186
36,1096,0.2766505777835846,0.16984276473522186,0.1923973560333252,0.14924439787864685
36,1097,0.2826394736766815,0.16467705368995667,0.22487545013427734,0.14006125926971436
36,1098,0.26832613348960876,0.1602945774793625,0.2019696831703186,0.1362183690071106
36,1099,0.23214103281497955,0.14017213881015778,0.16798996925354004,0.12386451661586761
36,1100,0.3131190240383148,0.18561813235282898,0.2403910756111145,0.15672218799591064
36,1101,0.2679356038570404,0.16001898050308228,0.20106995105743408,0.13744327425956726
36,1102,0.26458844542503357,0.1586945652961731,0.19697070121765137,0.13552796840667725
36,1103,0.2550172209739685,0.151461660861969,0.19418740272521973,0.1294030249118805
36,1104,0.24142803251743317,0.14796510338783264,0.16909325122833252,0.12912818789482117
36,1105,0.2728339433670044,0.16261449456214905,0.2058556079864502,0.13938598334789276
36,1106,0.28051817417144775,0.16983187198638916,0.20505237579345703,0.14332684874534607
36,1107,0.2464056760072708,0.15081492066383362,0.17481261491775513,0.1283286064863205
36,1108,0.26122212409973145,0.15974029898643494,0.18429142236709595,0.13882622122764587
36,1109,0.281191349029541,0.16981297731399536,0.20561981201171875,0.14565232396125793
36,1110,0.29253920912742615,0.1825973391532898,0.1955479383468628,0.1586134284734726
37,1111,0.2928808927536011,0.17325040698051453,0.22589540481567383,0.1463615447282791
37,1112,0.27720552682876587,0.1668744683265686,0.20411765575408936,0.14342001080513
37,1113,0.2566109299659729,0.15282317996025085,0.19260382652282715,0.13373100757598877
37,1114,0.2793336510658264,0.16868026554584503,0.20461344718933105,0.14403997361660004
37,1115,0.28540077805519104,0.1707134246826172,0.21478605270385742,0.14386457204818726
37,1116,0.23194673657417297,0.13953548669815063,0.17035555839538574,0.12134508788585663
37,1117,0.273176372051239,0.1634061336517334,0.20539915561676025,0.1380528211593628
37,1118,0.281972736120224,0.17127758264541626,0.2019822597503662,0.14951124787330627
37,1119,0.2216111421585083,0.13697783648967743,0.15116244554519653,0.12084163725376129
37,1120,0.2682746946811676,0.16481932997703552,0.18686896562576294,0.14353890717029572
37,1121,0.2990878224372864,0.18039366602897644,0.2198580503463745,0.15375465154647827
37,1122,0.26227858662605286,0.16118843853473663,0.18342357873916626,0.13860353827476501
37,1123,0.2643381953239441,0.15858952701091766,0.19522124528884888,0.138300821185112
37,1124,0.26320844888687134,0.16054363548755646,0.18680953979492188,0.1397048830986023
37,1125,0.24825283885002136,0.15245184302330017,0.17277288436889648,0.1334591656923294
37,1126,0.233652263879776,0.14077922701835632,0.17190468311309814,0.12055575847625732
37,1127,0.23494642972946167,0.142808735370636,0.16828906536102295,0.12411024421453476
37,1128,0.2711932063102722,0.164341002702713,0.1973170042037964,0.13962696492671967
37,1129,0.24741549789905548,0.15205812454223633,0.17212140560150146,0.13254402577877045
37,1130,0.25906670093536377,0.1585049331188202,0.18311822414398193,0.13657234609127045
37,1131,0.28306135535240173,0.16912421584129333,0.21313798427581787,0.1434096395969391
37,1132,0.27266794443130493,0.16526663303375244,0.19695985317230225,0.14308682084083557
37,1133,0.29159101843833923,0.17606115341186523,0.21330106258392334,0.1510472148656845
37,1134,0.28224462270736694,0.16940084099769592,0.21109306812286377,0.14203278720378876
37,1135,0.2675410509109497,0.1626407504081726,0.19160723686218262,0.1412869393825531
37,1136,0.2771400511264801,0.16317614912986755,0.2155625820159912,0.13869428634643555
37,1137,0.2421226054430008,0.148164764046669,0.1721336841583252,0.12552176415920258
37,1138,0.27484408020973206,0.1672755777835846,0.19757938385009766,0.1426836997270584
37,1139,0.2355073243379593,0.14450013637542725,0.16422688961029053,0.12658217549324036
37,1140,0.29917222261428833,0.1787722110748291,0.22446537017822266,0.15306927263736725
38,1141,0.27929428219795227,0.16903990507125854,0.20341503620147705,0.14444184303283691
38,1142,0.2505437135696411,0.1512605845928192,0.18255221843719482,0.13131114840507507
38,1143,0.23407630622386932,0.14164504408836365,0.16925561428070068,0.12364505231380463
38,1144,0.25491294264793396,0.15359246730804443,0.18629062175750732,0.1340210735797882
38,1145,0.2501015365123749,0.1535683572292328,0.17552781105041504,0.13161025941371918
38,1146,0.2951347827911377,0.1802329570055008,0.2103290557861328,0.15385101735591888
38,1147,0.2700462341308594,0.1614016592502594,0.2017672061920166,0.13968834280967712
38,1148,0.23700779676437378,0.14459195733070374,0.16761374473571777,0.12685167789459229
38,1149,0.3010343015193939,0.18279385566711426,0.21766668558120728,0.15586881339550018
38,1150,0.2504478096961975,0.15355488657951355,0.17573094367980957,0.1330026239156723
38,1151,0.2479114532470703,0.14668285846710205,0.189592182636261,0.12695860862731934
38,1152,0.2615828514099121,0.16191856563091278,0.178971529006958,0.14037838578224182
38,1153,0.2773919701576233,0.16648522019386292,0.20585566759109497,0.14282235503196716
38,1154,0.24178966879844666,0.14530031383037567,0.17822760343551636,0.125991553068161
38,1155,0.262859582901001,0.1612895429134369,0.18438637256622314,0.13907745480537415
38,1156,0.24123895168304443,0.1462601125240326,0.17413198947906494,0.12663021683692932
38,1157,0.25732913613319397,0.15554602444171906,0.1873205304145813,0.13427457213401794
38,1158,0.2572565972805023,0.1553548276424408,0.18655037879943848,0.13640812039375305
38,1159,0.27903032302856445,0.1672845184803009,0.20874685049057007,0.14123526215553284
38,1160,0.26571738719940186,0.1603143960237503,0.19382798671722412,0.13935893774032593
38,1161,0.2687756419181824,0.16205596923828125,0.19642961025238037,0.14073902368545532
38,1162,0.2568400800228119,0.1565413475036621,0.18321484327316284,0.1350640058517456
38,1163,0.31878766417503357,0.18930958211421967,0.24361467361450195,0.16016104817390442
38,1164,0.2827027142047882,0.1691061407327652,0.2126665711402893,0.14264968037605286
38,1165,0.29087182879447937,0.17810264229774475,0.20624208450317383,0.15136167407035828
38,1166,0.2507099509239197,0.15187951922416687,0.1816326379776001,0.13088689744472504
38,1167,0.24732287228107452,0.14636576175689697,0.18805092573165894,0.1286836564540863
38,1168,0.24563266336917877,0.14830142259597778,0.1794579029083252,0.12774044275283813
38,1169,0.261039674282074,0.15494953095912933,0.19960331916809082,0.13124410808086395
38,1170,0.2267841398715973,0.13969802856445312,0.15674638748168945,0.12193773686885834
39,1171,0.2578246295452118,0.15700657665729523,0.18424582481384277,0.13559859991073608
39,1172,0.2151009440422058,0.132927805185318,0.1460970640182495,0.11867156624794006
39,1173,0.2657921016216278,0.16072291135787964,0.19428753852844238,0.13677088916301727
39,1174,0.2780910134315491,0.16684381663799286,0.2072519063949585,0.14173224568367004
39,1175,0.29996374249458313,0.18034467101097107,0.2226259708404541,0.1528434008359909
39,1176,0.2865821123123169,0.17817452549934387,0.19371485710144043,0.15460819005966187
39,1177,0.25092339515686035,0.15158410370349884,0.1822834610939026,0.13212954998016357
39,1178,0.2836383879184723,0.1684267520904541,0.2171931266784668,0.14167194068431854
39,1179,0.2539292573928833,0.15422265231609344,0.18343102931976318,0.13167095184326172
39,1180,0.26945123076438904,0.1646673083305359,0.19070100784301758,0.1425175666809082
39,1181,0.2345796674489975,0.14361637830734253,0.16546475887298584,0.12388694286346436
39,1182,0.2630649507045746,0.15868321061134338,0.19209718704223633,0.13771425187587738
39,1183,0.2740800678730011,0.16697385907173157,0.1975116729736328,0.14050762355327606
39,1184,0.24059422314167023,0.14655983448028564,0.1713942289352417,0.1273835003376007
39,1185,0.255251407623291,0.15493793785572052,0.18380868434906006,0.13394993543624878
39,1186,0.2771071195602417,0.16673937439918518,0.20348423719406128,0.14487020671367645
39,1187,0.24337917566299438,0.15236355364322662,0.1609870195388794,0.13310401141643524
39,1188,0.29441994428634644,0.1773783415555954,0.21720397472381592,0.1507999747991562
39,1189,0.2948359251022339,0.17820006608963013,0.21565937995910645,0.15186062455177307
39,1190,0.27020758390426636,0.16417574882507324,0.19482934474945068,0.14050057530403137
39,1191,0.21644474565982819,0.13224010169506073,0.15191519260406494,0.11719276756048203
39,1192,0.24609039723873138,0.1488601565361023,0.1775924563407898,0.1309662163257599
39,1193,0.2493835687637329,0.15255779027938843,0.17529511451721191,0.13353869318962097
39,1194,0.2715194821357727,0.1629301905632019,0.20053154230117798,0.14188334345817566
39,1195,0.2748120427131653,0.16722241044044495,0.19663846492767334,0.14467117190361023
39,1196,0.2892187833786011,0.17738507688045502,0.20237821340560913,0.15441209077835083
39,1197,0.26342272758483887,0.15657176077365875,0.19928061962127686,0.1356934905052185
39,1198,0.2547260522842407,0.15438881516456604,0.18435359001159668,0.13297896087169647
39,1199,0.2593851089477539,0.15617312490940094,0.19018983840942383,0.13568031787872314
39,1200,0.2959373891353607,0.18013207614421844,0.21229445934295654,0.15443754196166992
40,1201,0.24626407027244568,0.15173682570457458,0.1708376407623291,0.13096092641353607
40,1202,0.2399543672800064,0.14557266235351562,0.17259299755096436,0.1267225444316864
40,1203,0.2540246844291687,0.15232917666435242,0.1878901720046997,0.13269728422164917
40,1204,0.2416151911020279,0.1468001902103424,0.1726500391960144,0.12877485156059265
40,1205,0.2443200647830963,0.14879381656646729,0.17391252517700195,0.12980619072914124
40,1206,0.2274211347103119,0.1364455223083496,0.16787326335906982,0.11913153529167175
40,1207,0.32052257657051086,0.1937326192855835,0.23609089851379395,0.16176800429821014
40,1208,0.2699373662471771,0.16246497631072998,0.1986551284790039,0.1400516927242279
40,1209,0.23988062143325806,0.1469365507364273,0.16841280460357666,0.12789472937583923
40,1210,0.22854165732860565,0.13659968972206116,0.17004132270812988,0.1196272000670433
40,1211,0.26902613043785095,0.16263261437416077,0.19563674926757812,0.14069412648677826
40,1212,0.2633914053440094,0.1589355319738388,0.19254058599472046,0.13719825446605682
40,1213,0.25538963079452515,0.15545372664928436,0.18159723281860352,0.13648509979248047
40,1214,0.25305336713790894,0.15282773971557617,0.18503105640411377,0.1310659497976303
40,1215,0.28838473558425903,0.17344482243061066,0.21397393941879272,0.14675170183181763
40,1216,0.268036425113678,0.1634693741798401,0.19014257192611694,0.1425500214099884
40,1217,0.26193302869796753,0.15741144120693207,0.19219684600830078,0.13821426033973694
40,1218,0.22291818261146545,0.13617655634880066,0.15735530853271484,0.11899754405021667
40,1219,0.2510279715061188,0.15174785256385803,0.18241626024246216,0.13156796991825104
40,1220,0.27109062671661377,0.1625821441411972,0.20157814025878906,0.13938605785369873
40,1221,0.2729611396789551,0.16450628638267517,0.20132935047149658,0.13961546123027802
40,1222,0.2746361196041107,0.16629207134246826,0.20033681392669678,0.14104659855365753
40,1223,0.23905053734779358,0.14627575874328613,0.16740024089813232,0.12907344102859497
40,1224,0.2780262529850006,0.1679234504699707,0.20302420854568481,0.14446555078029633
40,1225,0.27200040221214294,0.16526693105697632,0.19680255651474,0.14006227254867554
40,1226,0.31577739119529724,0.18462185561656952,0.24931615591049194,0.1571454405784607
40,1227,0.2527177929878235,0.1564340889453888,0.1738901138305664,0.13363829255104065
40,1228,0.25367721915245056,0.15391963720321655,0.1830059289932251,0.13277611136436462
40,1229,0.24823762476444244,0.1507880687713623,0.1779550313949585,0.13133768737316132
40,1230,0.28376415371894836,0.1718420684337616,0.20634502172470093,0.1469203680753708
41,1231,0.27817076444625854,0.16630204021930695,0.2089894413948059,0.14136482775211334
41,1232,0.2592368423938751,0.16039711236953735,0.17715048789978027,0.1398976743221283
41,1233,0.26062285900115967,0.1541447639465332,0.19958335161209106,0.13322371244430542
41,1234,0.26127171516418457,0.15814056992530823,0.19065290689468384,0.1343499720096588
41,1235,0.2661411464214325,0.162266805768013,0.18966442346572876,0.14004294574260712
41,1236,0.23782330751419067,0.14576545357704163,0.16724395751953125,0.12580135464668274
41,1237,0.2914280593395233,0.17492026090621948,0.21715104579925537,0.14823687076568604
41,1238,0.25800955295562744,0.1537819355726242,0.1940891146659851,0.13295981287956238
41,1239,0.22214961051940918,0.13565322756767273,0.15723896026611328,0.11800392717123032
41,1240,0.25881123542785645,0.1569562703371048,0.18571168184280396,0.13785144686698914
41,1241,0.2759382128715515,0.16718006134033203,0.2002522349357605,0.14328627288341522
41,1242,0.2524113059043884,0.15251144766807556,0.18383926153182983,0.1318206638097763
41,1243,0.24805212020874023,0.15235133469104767,0.1729717254638672,0.13256044685840607
41,1244,0.27985480427742004,0.16544628143310547,0.21543729305267334,0.14116805791854858
41,1245,0.26220279932022095,0.16046929359436035,0.18466520309448242,0.13933706283569336
41,1246,0.2791438698768616,0.16785457730293274,0.20624661445617676,0.14395324885845184
41,1247,0.21967686712741852,0.1356523633003235,0.15037882328033447,0.11936487257480621
41,1248,0.30218183994293213,0.17958396673202515,0.23086363077163696,0.1512620747089386
41,1249,0.2521686255931854,0.15074869990348816,0.1882772445678711,0.13054509460926056
41,1250,0.270114928483963,0.16648739576339722,0.18753719329833984,0.14306318759918213
41,1251,0.27532604336738586,0.1662243902683258,0.20022398233413696,0.14506033062934875
41,1252,0.2383999526500702,0.14662757515907288,0.1646728515625,0.12951615452766418
41,1253,0.2638411521911621,0.15704385936260223,0.19930410385131836,0.13537824153900146
41,1254,0.2746114134788513,0.1676533967256546,0.19547796249389648,0.14383412897586823
41,1255,0.2668609917163849,0.15869569778442383,0.20173943042755127,0.13734763860702515
41,1256,0.2732242941856384,0.16318652033805847,0.20490515232086182,0.14037857949733734
41,1257,0.24104426801204681,0.1462092399597168,0.1737515926361084,0.1266719102859497
41,1258,0.2461342215538025,0.14842966198921204,0.17957079410552979,0.1293812096118927
41,1259,0.2757801413536072,0.16607734560966492,0.2024592161178589,0.14359541237354279
41,1260,0.23080989718437195,0.14065441489219666,0.1646275520324707,0.12152224779129028
42,1261,0.26229327917099,0.1593884825706482,0.1885203719139099,0.13748322427272797
42,1262,0.24942906200885773,0.1523030698299408,0.1769176721572876,0.13179457187652588
42,1263,0.3009428083896637,0.1783047616481781,0.2296949028968811,0.1538003832101822
42,1264,0.26743513345718384,0.16555938124656677,0.1814110279083252,0.14655661582946777
42,1265,0.28178665041923523,0.1692122519016266,0.20841270685195923,0.14604663848876953
42,1266,0.287763386964798,0.17283663153648376,0.21236884593963623,0.14989595115184784
42,1267,0.2735036015510559,0.16244640946388245,0.20939260721206665,0.13650071620941162
42,1268,0.28109225630760193,0.1688118427991867,0.20731467008590698,0.14677277207374573
42,1269,0.24668475985527039,0.1520748734474182,0.17013269662857056,0.13278403878211975
42,1270,0.2765549123287201,0.1673455685377121,0.20027554035186768,0.14549565315246582
42,1271,0.26883482933044434,0.1603839248418808,0.20159316062927246,0.13906817138195038
42,1272,0.23037756979465485,0.14225715398788452,0.15782570838928223,0.12495064735412598
42,1273,0.28582024574279785,0.1737334281206131,0.20615673065185547,0.1481206864118576
42,1274,0.25819629430770874,0.1562844216823578,0.18737578392028809,0.134807750582695
42,1275,0.28651177883148193,0.1749245971441269,0.20297878980636597,0.1519782841205597
42,1276,0.27930116653442383,0.17390692234039307,0.18851184844970703,0.14994752407073975
42,1277,0.25579318404197693,0.15641802549362183,0.18057584762573242,0.13572412729263306
42,1278,0.24102100729942322,0.14895761013031006,0.164833664894104,0.1306496560573578
42,1279,0.2827451825141907,0.17001405358314514,0.2085336446762085,0.14658841490745544
42,1280,0.2643742859363556,0.1640830785036087,0.17981690168380737,0.14182227849960327
42,1281,0.2592160105705261,0.1590057909488678,0.1825650930404663,0.13592088222503662
42,1282,0.25380510091781616,0.1543591320514679,0.1811906099319458,0.13484865427017212
42,1283,0.2639538049697876,0.1621573567390442,0.18439757823944092,0.14018701016902924
42,1284,0.24883264303207397,0.1512828767299652,0.17832505702972412,0.1310986876487732
42,1285,0.2723034918308258,0.16687896847724915,0.1910949945449829,0.1449325829744339
42,1286,0.23733939230442047,0.14234673976898193,0.1748049259185791,0.12535344064235687
42,1287,0.26853230595588684,0.16409334540367126,0.19174718856811523,0.13870039582252502
42,1288,0.2515260577201843,0.15563040971755981,0.17256391048431396,0.13435038924217224
42,1289,0.26493799686431885,0.1597263365983963,0.19416064023971558,0.1377369463443756
42,1290,0.30385830998420715,0.18352219462394714,0.22221022844314575,0.15726010501384735
43,1291,0.25286757946014404,0.1522478461265564,0.18562042713165283,0.13185781240463257
43,1292,0.2775053381919861,0.1646566540002823,0.21204066276550293,0.1401621252298355
43,1293,0.22613056004047394,0.13880778849124908,0.1568843126296997,0.12284522503614426
43,1294,0.25531864166259766,0.15503163635730743,0.1830260157585144,0.13538293540477753
43,1295,0.26403555274009705,0.16443583369255066,0.1793588399887085,0.13928088545799255
43,1296,0.27050110697746277,0.1646450161933899,0.19343149662017822,0.14241737127304077
43,1297,0.2811248302459717,0.1716708242893219,0.1988736391067505,0.14952272176742554
43,1298,0.2421802133321762,0.1473906934261322,0.17110776901245117,0.1317320168018341
43,1299,0.25219452381134033,0.15299084782600403,0.18184852600097656,0.13232120871543884
43,1300,0.2669626772403717,0.16083993017673492,0.19531399011611938,0.13998574018478394
43,1301,0.2500217854976654,0.15384173393249512,0.1736905574798584,0.13351914286613464
43,1302,0.28716200590133667,0.17393909394741058,0.2088930606842041,0.14832834899425507
43,1303,0.27643173933029175,0.16760797798633575,0.20059049129486084,0.1429378241300583
43,1304,0.2540974020957947,0.1484387367963791,0.20039856433868408,0.12749621272087097
43,1305,0.2666807770729065,0.16050878167152405,0.19543546438217163,0.13998901844024658
43,1306,0.2681901752948761,0.1630483865737915,0.1923813819885254,0.1409461498260498
43,1307,0.2602216899394989,0.15555895864963531,0.1947309374809265,0.13385173678398132
43,1308,0.25559747219085693,0.15296033024787903,0.18949967622756958,0.13418632745742798
43,1309,0.25449803471565247,0.1520625501871109,0.19090771675109863,0.13036200404167175
43,1310,0.274746835231781,0.1648043990135193,0.20476269721984863,0.14018669724464417
43,1311,0.23681940138339996,0.14649291336536407,0.16114461421966553,0.129343181848526
43,1312,0.2627183198928833,0.1603517085313797,0.18602871894836426,0.1397756189107895
43,1313,0.27654770016670227,0.16602802276611328,0.20575618743896484,0.14108601212501526
43,1314,0.2591129243373871,0.15903781354427338,0.1819685697555542,0.13643839955329895
43,1315,0.25690096616744995,0.15431071817874908,0.18882417678833008,0.13530276715755463
43,1316,0.26563286781311035,0.16077551245689392,0.1909770965576172,0.14233258366584778
43,1317,0.260949045419693,0.1553952693939209,0.19645249843597412,0.13486382365226746
43,1318,0.24176301062107086,0.14973030984401703,0.16475719213485718,0.1306491494178772
43,1319,0.2559446096420288,0.15738645195960999,0.1782711148262024,0.13624852895736694
43,1320,0.2647385597229004,0.15638580918312073,0.20381635427474976,0.13413098454475403
44,1321,0.24491138756275177,0.14800359308719635,0.1778469681739807,0.12884506583213806
44,1322,0.29014500975608826,0.17463001608848572,0.2142060399055481,0.1491629183292389
44,1323,0.2795904576778412,0.1665327250957489,0.21188873052597046,0.14151117205619812
44,1324,0.21148239076137543,0.1301708072423935,0.14626085758209229,0.11403623223304749
44,1325,0.24725711345672607,0.1486847698688507,0.18259835243225098,0.1276649683713913
44,1326,0.24239201843738556,0.14570936560630798,0.17823219299316406,0.12694889307022095
44,1327,0.2866422235965729,0.17440012097358704,0.20815891027450562,0.1448926031589508
44,1328,0.24443095922470093,0.14977216720581055,0.17080092430114746,0.13169217109680176
44,1329,0.26730915904045105,0.1614159345626831,0.19510793685913086,0.1392502635717392
44,1330,0.2785019874572754,0.16917544603347778,0.20022863149642944,0.14617547392845154
44,1331,0.2735731899738312,0.16524074971675873,0.1994534134864807,0.14275529980659485
44,1332,0.25526314973831177,0.1566714644432068,0.17910808324813843,0.13474220037460327
44,1333,0.23364128172397614,0.13864527642726898,0.17699187994003296,0.12099631875753403
44,1334,0.2493729591369629,0.15135279297828674,0.17927789688110352,0.1315450370311737
44,1335,0.25643685460090637,0.15601682662963867,0.18359524011611938,0.13490964472293854
44,1336,0.25162357091903687,0.1547059714794159,0.1741349697113037,0.13631802797317505
44,1337,0.23353174328804016,0.13865523040294647,0.17624139785766602,0.12189978361129761
44,1338,0.25141364336013794,0.15422239899635315,0.17657220363616943,0.13281187415122986
44,1339,0.2914663851261139,0.17374439537525177,0.22019976377487183,0.148210346698761
44,1340,0.2438756227493286,0.14934700727462769,0.17070138454437256,0.1312403678894043
44,1341,0.27112510800361633,0.16567832231521606,0.19151395559310913,0.14420592784881592
44,1342,0.2723108232021332,0.1677793264389038,0.18890756368637085,0.14484234154224396
44,1343,0.26586776971817017,0.1587619036436081,0.199357271194458,0.13681474328041077
44,1344,0.24505598843097687,0.14966049790382385,0.1731245517730713,0.1307283639907837
44,1345,0.25324127078056335,0.15903255343437195,0.1656767725944519,0.139690101146698
44,1346,0.2876620590686798,0.1733720749616623,0.21146106719970703,0.14852780103683472
44,1347,0.27769219875335693,0.1681501865386963,0.20357125997543335,0.14056754112243652
44,1348,0.26567313075065613,0.16067390143871307,0.19247722625732422,0.1400417685508728
44,1349,0.23631638288497925,0.14351880550384521,0.16906136274337769,0.1258651614189148
44,1350,0.22602388262748718,0.1373911201953888,0.1611958146095276,0.1207720935344696
45,1351,0.2813740670681,0.16964378952980042,0.2061525583267212,0.1463463008403778
45,1352,0.2886750400066376,0.1755487471818924,0.20717471837997437,0.15128207206726074
45,1353,0.2060212939977646,0.12772688269615173,0.13923603296279907,0.11299999803304672
45,1354,0.25007960200309753,0.15462177991867065,0.1712026596069336,0.1348838061094284
45,1355,0.2622506022453308,0.1588154435157776,0.1897711157798767,0.13763345777988434
45,1356,0.2579187750816345,0.15642762184143066,0.1847548484802246,0.1379460096359253
45,1357,0.25053590536117554,0.15544383227825165,0.17071694135665894,0.13402652740478516
45,1358,0.24901066720485687,0.15232357382774353,0.1749994158744812,0.1334366500377655
45,1359,0.26941850781440735,0.16764281690120697,0.18093281984329224,0.14701279997825623
45,1360,0.2490989863872528,0.15178093314170837,0.1778116226196289,0.13096702098846436
45,1361,0.26573148369789124,0.16133469343185425,0.19107508659362793,0.1398337334394455
45,1362,0.2821712791919708,0.1726640909910202,0.20013642311096191,0.14726315438747406
45,1363,0.2942812740802765,0.17647066712379456,0.2187662124633789,0.1515204906463623
45,1364,0.2677081823348999,0.16346615552902222,0.1910325288772583,0.1391451060771942
45,1365,0.2665451169013977,0.16030286252498627,0.1964435577392578,0.13832424581050873
45,1366,0.24574457108974457,0.15032356977462769,0.1725735068321228,0.1319579929113388
45,1367,0.2581791579723358,0.1544918417930603,0.1923675537109375,0.1337013840675354
45,1368,0.2497682124376297,0.15204179286956787,0.17855870723724365,0.13151466846466064
45,1369,0.26973986625671387,0.16315589845180511,0.1956348419189453,0.14165006577968597
45,1370,0.2763478457927704,0.16508835554122925,0.20669794082641602,0.14290159940719604
45,1371,0.253047376871109,0.15203392505645752,0.18676841259002686,0.1315305233001709
45,1372,0.24955260753631592,0.15239284932613373,0.1765676736831665,0.13266339898109436
45,1373,0.2447812408208847,0.14986154437065125,0.1719433069229126,0.1307118833065033
45,1374,0.2657526433467865,0.16051697731018066,0.19523262977600098,0.13571304082870483
45,1375,0.256043940782547,0.1541077196598053,0.18782401084899902,0.13403309881687164
45,1376,0.28736817836761475,0.17392855882644653,0.20910334587097168,0.14899133145809174
45,1377,0.24816764891147614,0.1507575809955597,0.17828726768493652,0.13047584891319275
45,1378,0.25633561611175537,0.1559622883796692,0.18306517601013184,0.13573628664016724
45,1379,0.2556637227535248,0.15580834448337555,0.1820787787437439,0.13511936366558075
45,1380,0.23792777955532074,0.14292031526565552,0.17573338747024536,0.12357048690319061
46,1381,0.25834012031555176,0.15668827295303345,0.18651807308197021,0.13522309064865112
46,1382,0.2834640443325043,0.17033731937408447,0.2093029022216797,0.14702782034873962
46,1383,0.29673928022384644,0.1818067729473114,0.20897680521011353,0.1567089855670929
46,1384,0.2582796812057495,0.15482841432094574,0.1930178999900818,0.1312204897403717
46,1385,0.2758435308933258,0.16935063898563385,0.19294893741607666,0.14656668901443481
46,1386,0.24691267311573029,0.14848774671554565,0.1818094253540039,0.12850572168827057
46,1387,0.23983630537986755,0.1436438262462616,0.1768205165863037,0.12732134759426117
46,1388,0.2719738781452179,0.16187533736228943,0.205866277217865,0.13876011967658997
46,1389,0.25637075304985046,0.15112945437431335,0.19816553592681885,0.12987536191940308
46,1390,0.2659190893173218,0.15944042801856995,0.19791972637176514,0.1365538239479065
46,1391,0.2765257656574249,0.16756612062454224,0.20027410984039307,0.14424994587898254
46,1392,0.258542537689209,0.15815873444080353,0.18174654245376587,0.1384260058403015
46,1393,0.265028178691864,0.16045361757278442,0.1913456916809082,0.14018146693706512
46,1394,0.29463860392570496,0.17669062316417694,0.21943676471710205,0.15086641907691956
46,1395,0.26405662298202515,0.16010518372058868,0.19126349687576294,0.13723021745681763
46,1396,0.2681577801704407,0.15714594721794128,0.20972812175750732,0.13560287654399872
46,1397,0.2723327875137329,0.16756269335746765,0.19096386432647705,0.14192263782024384
46,1398,0.2597096264362335,0.16073733568191528,0.17730164527893066,0.14025816321372986
46,1399,0.3216664791107178,0.19238552451133728,0.24171853065490723,0.16296780109405518
46,1400,0.25937116146087646,0.1568184792995453,0.1881779432296753,0.13640740513801575
46,1401,0.26407548785209656,0.1610887348651886,0.18707245588302612,0.14078891277313232
46,1402,0.24482624232769012,0.14939609169960022,0.17282062768936157,0.13150952756404877
46,1403,0.26611047983169556,0.1601480394601822,0.19534647464752197,0.13911932706832886
46,1404,0.2543667256832123,0.15140202641487122,0.19220268726348877,0.13041812181472778
46,1405,0.2621719539165497,0.1599409282207489,0.18659818172454834,0.13795876502990723
46,1406,0.23676526546478271,0.14343014359474182,0.17139506340026855,0.1238853931427002
46,1407,0.2581792175769806,0.15507772564888,0.19069039821624756,0.1341267228126526
46,1408,0.23805446922779083,0.1461740881204605,0.1650383472442627,0.12932515144348145
46,1409,0.3083665072917938,0.1838526427745819,0.23391306400299072,0.1547432392835617
46,1410,0.212081179022789,0.1308385133743286,0.14527612924575806,0.11566108465194702
47,1411,0.29327836632728577,0.1764405518770218,0.21711361408233643,0.14996182918548584
47,1412,0.2681887149810791,0.16292336583137512,0.19192707538604736,0.14247256517410278
47,1413,0.23443011939525604,0.14093846082687378,0.17238116264343262,0.1226959079504013
47,1414,0.26644277572631836,0.1606469750404358,0.19558942317962646,0.1378001868724823
47,1415,0.26220688223838806,0.16002655029296875,0.1868254542350769,0.13725078105926514
47,1416,0.2795630097389221,0.16909116506576538,0.20325565338134766,0.14584796130657196
47,1417,0.26791656017303467,0.1632125824689865,0.19083738327026367,0.14184516668319702
47,1418,0.27745291590690613,0.16312766075134277,0.21707695722579956,0.13747230172157288
47,1419,0.2653901278972626,0.15835198760032654,0.19945621490478516,0.1362782120704651
47,1420,0.265107125043869,0.15992072224617004,0.19414305686950684,0.1376458704471588
47,1421,0.22935420274734497,0.13933131098747253,0.162833571434021,0.12444737553596497
47,1422,0.26957112550735474,0.16331276297569275,0.19539034366607666,0.14051109552383423
47,1423,0.2949603199958801,0.18252047896385193,0.20399051904678345,0.15421806275844574
47,1424,0.2513978183269501,0.15511023998260498,0.17386198043823242,0.13371393084526062
47,1425,0.26210469007492065,0.15478652715682983,0.20176994800567627,0.13305097818374634
47,1426,0.3030567765235901,0.18307018280029297,0.2217087745666504,0.15651534497737885
47,1427,0.2569427192211151,0.15386825799942017,0.19019633531570435,0.13497969508171082
47,1428,0.30482369661331177,0.185359925031662,0.21958792209625244,0.15814298391342163
47,1429,0.2512268126010895,0.15169045329093933,0.18313413858413696,0.13141345977783203
47,1430,0.2372806817293167,0.14048096537590027,0.1810922622680664,0.12181406468153
47,1431,0.2539111077785492,0.15548323094844818,0.17850375175476074,0.13513189554214478
47,1432,0.27125266194343567,0.16097886860370636,0.20538455247879028,0.14059993624687195
47,1433,0.2570642828941345,0.1550789624452591,0.18853545188903809,0.13285577297210693
47,1434,0.2788034677505493,0.17285293340682983,0.1904217004776001,0.14890916645526886
47,1435,0.2827248275279999,0.17170022428035736,0.20373296737670898,0.14765706658363342
47,1436,0.2583794593811035,0.1565694659948349,0.1865231990814209,0.1360035538673401
47,1437,0.2611916661262512,0.15935730934143066,0.18534892797470093,0.13847391307353973
47,1438,0.2569015324115753,0.15700823068618774,0.1812853217124939,0.13689589500427246
47,1439,0.24198396503925323,0.1463732272386551,0.1755831241607666,0.1268875002861023
47,1440,0.24749895930290222,0.1509840190410614,0.17563438415527344,0.13130591809749603
48,1441,0.2563195526599884,0.15407124161720276,0.18933922052383423,0.13256314396858215
48,1442,0.28860530257225037,0.17073963582515717,0.2212163805961609,0.14689546823501587
48,1443,0.25148531794548035,0.15273705124855042,0.18075025081634521,0.13224086165428162
48,1444,0.27684304118156433,0.17062583565711975,0.1910591721534729,0.14896760880947113
48,1445,0.2525565028190613,0.15049193799495697,0.19020092487335205,0.1299210488796234
48,1446,0.3027247190475464,0.1825038194656372,0.22335433959960938,0.15439587831497192
48,1447,0.2645232081413269,0.1602744460105896,0.19251161813735962,0.1362205594778061
48,1448,0.28264689445495605,0.17038850486278534,0.20691198110580444,0.14746806025505066
48,1449,0.26723048090934753,0.16036759316921234,0.1983237862586975,0.13766691088676453
48,1450,0.2852481007575989,0.1720104217529297,0.20896941423416138,0.1482495665550232
48,1451,0.2624860107898712,0.1583409309387207,0.19197171926498413,0.1367819905281067
48,1452,0.2720794379711151,0.16257107257843018,0.20423877239227295,0.1390642523765564
48,1453,0.30162250995635986,0.17932112514972687,0.22955834865570068,0.15239033102989197
48,1454,0.28154075145721436,0.17107965052127838,0.20214378833770752,0.14801804721355438
48,1455,0.2723248600959778,0.16722354292869568,0.19100689888000488,0.14349287748336792
48,1456,0.28017061948776245,0.16995881497859955,0.20295780897140503,0.14514335989952087
48,1457,0.2176414579153061,0.13466259837150574,0.14914202690124512,0.11661022156476974
48,1458,0.2584482729434967,0.15634772181510925,0.1873992681503296,0.13570421934127808
48,1459,0.2861299216747284,0.17303970456123352,0.20886605978012085,0.1477188766002655
48,1460,0.2550111711025238,0.15201301872730255,0.19170260429382324,0.13158556818962097
48,1461,0.24378249049186707,0.15012016892433167,0.16869568824768066,0.13092029094696045
48,1462,0.2700379192829132,0.15897850692272186,0.2099623680114746,0.1353723108768463
48,1463,0.2619755268096924,0.15981599688529968,0.1854851245880127,0.13982746005058289
48,1464,0.2532598674297333,0.1513800024986267,0.18912732601165771,0.13114461302757263
48,1465,0.24665623903274536,0.1510712206363678,0.17374342679977417,0.1304381936788559
48,1466,0.24739784002304077,0.14985302090644836,0.17833691835403442,0.1310502141714096
48,1467,0.2767464220523834,0.17032697796821594,0.1933308243751526,0.14543551206588745
48,1468,0.3137008249759674,0.1852077841758728,0.2421969771385193,0.15807119011878967
48,1469,0.2525531053543091,0.15330860018730164,0.18068945407867432,0.1348436325788498
48,1470,0.29099008440971375,0.17788022756576538,0.2076653242111206,0.1502186357975006
49,1471,0.25859302282333374,0.15906791388988495,0.18032968044281006,0.13696619868278503
49,1472,0.24409258365631104,0.14819498360157013,0.17457932233810425,0.13032938539981842
49,1473,0.2220609337091446,0.13447833061218262,0.15988099575042725,0.11815102398395538
49,1474,0.25230658054351807,0.15187308192253113,0.18597954511642456,0.13020849227905273
49,1475,0.2660049796104431,0.16019505262374878,0.19516873359680176,0.1387120932340622
49,1476,0.22922036051750183,0.14089500904083252,0.15873920917510986,0.12414830178022385
49,1477,0.25689899921417236,0.15649156272411346,0.18433904647827148,0.13335908949375153
49,1478,0.25770696997642517,0.15734466910362244,0.18241846561431885,0.13697460293769836
49,1479,0.25618866086006165,0.15626227855682373,0.18166422843933105,0.13630351424217224
49,1480,0.20570744574069977,0.12556731700897217,0.1442854404449463,0.11212974041700363
49,1481,0.2804786264896393,0.16913031041622162,0.2050638198852539,0.14661383628845215
49,1482,0.25598952174186707,0.15630167722702026,0.18063586950302124,0.13716737926006317
49,1483,0.25772717595100403,0.15388303995132446,0.19309580326080322,0.13302913308143616
49,1484,0.291103333234787,0.1796090006828308,0.20296430587768555,0.15154297649860382
49,1485,0.25794917345046997,0.15399637818336487,0.19359779357910156,0.13256829977035522
49,1486,0.2484813630580902,0.15120765566825867,0.17819619178771973,0.1299760937690735
49,1487,0.2428189516067505,0.14629434049129486,0.1763630509376526,0.12989696860313416
49,1488,0.2629850506782532,0.16230961680412292,0.1811363697052002,0.14110440015792847
49,1489,0.2563132643699646,0.15547800064086914,0.18458110094070435,0.13501399755477905
49,1490,0.2688855230808258,0.16197043657302856,0.19715046882629395,0.1402745246887207
49,1491,0.22893963754177094,0.139275461435318,0.16348040103912354,0.12136001884937286
49,1492,0.2633206844329834,0.1612517237663269,0.18523240089416504,0.13988007605075836
49,1493,0.30426648259162903,0.1835588663816452,0.2223019003868103,0.1589343249797821
49,1494,0.28900787234306335,0.17187859117984772,0.21994012594223022,0.14576612412929535
49,1495,0.28021150827407837,0.1671592891216278,0.21032094955444336,0.14461922645568848
49,1496,0.26099708676338196,0.15927428007125854,0.18617427349090576,0.13626539707183838
49,1497,0.2691294550895691,0.16547343134880066,0.1876469850540161,0.14298610389232635
49,1498,0.26637113094329834,0.1588706374168396,0.1996966004371643,0.1381092071533203
49,1499,0.2448483407497406,0.14963209629058838,0.17247945070266724,0.13112235069274902
49,1500,0.2670117914676666,0.16187913715839386,0.1928567886352539,0.13994963467121124
