epoch,global_step,train_loss,l1,ssim,grad
0,1,1.5674586296081543,1.0679149627685547,1.093910813331604,0.30989623069763184
0,2,1.402635931968689,0.9305461049079895,1.0357701778411865,0.2889091372489929
0,3,1.2260322570800781,0.7975873351097107,0.9366967678070068,0.26883143186569214
0,4,1.245671272277832,0.8306330442428589,0.8931701183319092,0.2888506054878235
0,5,1.0222258567810059,0.6404708623886108,0.8191380500793457,0.2704988718032837
0,6,1.0753620862960815,0.7017365097999573,0.7963523268699646,0.27542293071746826
0,7,0.9798614978790283,0.6297324299812317,0.745105504989624,0.2604341506958008
0,8,0.9492396116256714,0.6004651784896851,0.7424018383026123,0.25906845927238464
0,9,0.958962082862854,0.6243866086006165,0.7146488428115845,0.24357977509498596
0,10,0.9196869730949402,0.5946075916290283,0.6882432699203491,0.2489105612039566
0,11,0.8307650685310364,0.5290307402610779,0.6425310373306274,0.22360961139202118
0,12,0.8185831904411316,0.5043518543243408,0.6676782369613647,0.23580023646354675
0,13,0.8720659613609314,0.559673011302948,0.6622141599655151,0.23753637075424194
0,14,0.857025146484375,0.5389376878738403,0.6733046174049377,0.24382814764976501
0,15,0.8605354428291321,0.5536231994628906,0.6480167508125305,0.23852762579917908
0,16,0.798234760761261,0.5099756717681885,0.6123849153518677,0.21652546525001526
0,17,0.7586823105812073,0.4801537096500397,0.5883444547653198,0.21595416963100433
0,18,0.7956526875495911,0.5084969997406006,0.6051226854324341,0.22553300857543945
0,19,0.7804854512214661,0.5185168385505676,0.5503318309783936,0.20917925238609314
0,20,0.714826762676239,0.4475933313369751,0.563426673412323,0.2093140184879303
0,21,0.7037391662597656,0.43319937586784363,0.5686845779418945,0.21532975137233734
0,22,0.6248518228530884,0.3873005509376526,0.5010713338851929,0.1856137216091156
0,23,0.877724289894104,0.6004891991615295,0.577795684337616,0.2305840253829956
0,24,0.7456056475639343,0.4873659014701843,0.5440043807029724,0.20318977534770966
0,25,0.7326754331588745,0.4788442850112915,0.5278152227401733,0.2135252058506012
0,26,0.6760406494140625,0.42408186197280884,0.5347927212715149,0.19020842015743256
0,27,0.6600273847579956,0.4160090684890747,0.5206027030944824,0.17888611555099487
0,28,0.7267147302627563,0.4728687107563019,0.530424177646637,0.20838183164596558
0,29,0.6922950148582458,0.44887396693229675,0.5088018774986267,0.19950157403945923
0,30,0.6819859147071838,0.4401403069496155,0.5093313455581665,0.19056519865989685
0,31,0.7540255188941956,0.49551069736480713,0.5429176092147827,0.20673906803131104
0,32,0.6415143013000488,0.4084286093711853,0.49058443307876587,0.18425926566123962
0,33,0.6901046633720398,0.4477081596851349,0.5079067945480347,0.19616898894309998
0,34,0.6248352527618408,0.39144352078437805,0.4894384741783142,0.1880818009376526
0,35,0.5545135736465454,0.3434692323207855,0.44403040409088135,0.16716095805168152
0,36,0.5621184706687927,0.34038931131362915,0.46485376358032227,0.17893816530704498
0,37,0.6265096068382263,0.4041406214237213,0.46467429399490356,0.18249644339084625
0,38,0.8312410116195679,0.5810847282409668,0.5132806301116943,0.22422021627426147
0,39,0.5999153256416321,0.3787170648574829,0.4648634195327759,0.17626439034938812
0,40,0.5349438190460205,0.32128313183784485,0.4493491053581238,0.1696053147315979
0,41,0.6659018397331238,0.42605018615722656,0.5058811902999878,0.18749597668647766
0,42,0.5491558909416199,0.33076995611190796,0.4594666361808777,0.17299625277519226
0,43,0.5272607803344727,0.32031771540641785,0.4347720146179199,0.1651713103055954
0,44,0.5676476359367371,0.344197154045105,0.476332426071167,0.16458755731582642
0,45,0.6703676581382751,0.44208961725234985,0.47156012058258057,0.1982697993516922
0,46,0.5414959192276001,0.33195173740386963,0.4377806782722473,0.17215971648693085
0,47,0.5004836320877075,0.30332520604133606,0.41442346572875977,0.156945139169693
0,48,0.4976577162742615,0.3033560514450073,0.4021083116531372,0.16729168593883514
0,49,0.5418009161949158,0.3338487148284912,0.4359486699104309,0.167863667011261
0,50,0.5132268071174622,0.31646811962127686,0.41439586877822876,0.1550016552209854
0,51,0.5457386374473572,0.3413640558719635,0.4247494339942932,0.17237406969070435
0,52,0.5291717648506165,0.32160475850105286,0.4380572438240051,0.1617206484079361
0,53,0.570048987865448,0.36041945219039917,0.434944212436676,0.17825919389724731
0,54,0.5219455361366272,0.31275030970573425,0.4451974034309387,0.1555812954902649
0,55,0.4517729580402374,0.27711039781570435,0.3592378497123718,0.15483713150024414
0,56,0.4935137927532196,0.29292839765548706,0.42213690280914307,0.1586531400680542
0,57,0.5339261293411255,0.3348744809627533,0.4114660620689392,0.17232608795166016
0,58,0.4637889564037323,0.27820101380348206,0.3850901126861572,0.15775951743125916
0,59,0.582349419593811,0.3684501051902771,0.44480520486831665,0.1798863410949707
0,60,0.5476462841033936,0.34413403272628784,0.4225809574127197,0.17239919304847717
1,61,0.49686968326568604,0.30379194021224976,0.4038161039352417,0.15775644779205322
1,62,0.43087899684906006,0.2519265413284302,0.3712734580039978,0.15221542119979858
1,63,0.511404275894165,0.3158518671989441,0.4009881615638733,0.17578564584255219
1,64,0.4626373052597046,0.2711309790611267,0.3967544436454773,0.1640227735042572
1,65,0.44090524315834045,0.2610064148902893,0.3729410171508789,0.15361198782920837
1,66,0.44269344210624695,0.2634800672531128,0.3717585802078247,0.1525496542453766
1,67,0.49025100469589233,0.29803717136383057,0.395055890083313,0.17095738649368286
1,68,0.539959192276001,0.34208017587661743,0.4065849184989929,0.17622527480125427
1,69,0.4232026934623718,0.24798594415187836,0.36397379636764526,0.14813613891601562
1,70,0.4305766820907593,0.2518874704837799,0.3672630786895752,0.15891997516155243
1,71,0.42716896533966064,0.2512955367565155,0.3652114272117615,0.14894433319568634
1,72,0.42406487464904785,0.2525617778301239,0.3512638807296753,0.1549876481294632
1,73,0.4605145752429962,0.27972257137298584,0.37392228841781616,0.15611538290977478
1,74,0.45198169350624084,0.2719896733760834,0.3679594397544861,0.16404122114181519
1,75,0.49050456285476685,0.3051154911518097,0.37752681970596313,0.1718916893005371
1,76,0.5061591863632202,0.3068412244319916,0.41179925203323364,0.17299139499664307
1,77,0.46106740832328796,0.2715625762939453,0.39153480529785156,0.1644544154405594
1,78,0.5445300936698914,0.34165748953819275,0.4157778024673462,0.18280750513076782
1,79,0.4771626889705658,0.29675447940826416,0.38053011894226074,0.14098075032234192
1,80,0.4493913948535919,0.27198272943496704,0.35963428020477295,0.16777466237545013
1,81,0.40380141139030457,0.2381376177072525,0.3398245573043823,0.14866997301578522
1,82,0.44784075021743774,0.27057161927223206,0.36736053228378296,0.1516246646642685
1,83,0.42837733030319214,0.24915458261966705,0.37263166904449463,0.15085041522979736
1,84,0.49275699257850647,0.30249571800231934,0.38975048065185547,0.17180553078651428
1,85,0.4787346124649048,0.28824689984321594,0.39465534687042236,0.1631278097629547
1,86,0.48578372597694397,0.30074694752693176,0.3770793676376343,0.17102518677711487
1,87,0.4257153272628784,0.2548065185546875,0.3447491526603699,0.16504573822021484
1,88,0.4162067174911499,0.2451644390821457,0.35611701011657715,0.14297741651535034
1,89,0.3438217341899872,0.19295375049114227,0.3143196105957031,0.12570065259933472
1,90,0.4968023896217346,0.31923240423202515,0.3603866696357727,0.16707660257816315
1,91,0.4970589578151703,0.322432279586792,0.35484862327575684,0.16343605518341064
1,92,0.49084189534187317,0.3089272975921631,0.3723527789115906,0.16486749053001404
1,93,0.4285491704940796,0.255867600440979,0.3591662645339966,0.14507535099983215
1,94,0.39429667592048645,0.23348410427570343,0.3251296877861023,0.15380342304706573
1,95,0.3841950297355652,0.22414381802082062,0.32401376962661743,0.15222841501235962
1,96,0.4187626838684082,0.24277019500732422,0.3667474389076233,0.14646753668785095
1,97,0.44321420788764954,0.2653147578239441,0.36573922634124756,0.15801873803138733
1,98,0.4449121057987213,0.2568998336791992,0.39332127571105957,0.15341880917549133
1,99,0.3921322822570801,0.23825253546237946,0.31669116020202637,0.13601629436016083
1,100,0.45245134830474854,0.27445104718208313,0.3645061254501343,0.16098910570144653
1,101,0.47386059165000916,0.29514628648757935,0.3654536008834839,0.16266416013240814
1,102,0.5030008554458618,0.31527402997016907,0.3875187635421753,0.1635964810848236
1,103,0.3987349569797516,0.2338177114725113,0.34167832136154175,0.14122942090034485
1,104,0.4873408377170563,0.3113041818141937,0.36326485872268677,0.15365350246429443
1,105,0.4004644453525543,0.24301795661449432,0.32298755645751953,0.14125734567642212
1,106,0.4580341577529907,0.2632017731666565,0.40670597553253174,0.16074982285499573
1,107,0.47638827562332153,0.2927548885345459,0.37834596633911133,0.16147495806217194
1,108,0.43906912207603455,0.2558283507823944,0.3803926706314087,0.15541857481002808
1,109,0.46212247014045715,0.27618658542633057,0.3890097141265869,0.1516600251197815
1,110,0.5304880142211914,0.3301979899406433,0.41267889738082886,0.17609229683876038
1,111,0.47587618231773376,0.28679755330085754,0.39748793840408325,0.150417298078537
1,112,0.36428460478782654,0.21137450635433197,0.31658613681793213,0.1313782036304474
1,113,0.4077538251876831,0.24155978858470917,0.3416646718978882,0.14764082431793213
1,114,0.39750880002975464,0.2365286648273468,0.3381698727607727,0.1285609006881714
1,115,0.3771542012691498,0.22081077098846436,0.3201337456703186,0.1414497196674347
1,116,0.46951162815093994,0.28338882327079773,0.38164031505584717,0.16733351349830627
1,117,0.4341004192829132,0.2672191858291626,0.3359639048576355,0.16247819364070892
1,118,0.5104964375495911,0.33585116267204285,0.35172975063323975,0.1697668731212616
1,119,0.4090529978275299,0.2522166669368744,0.32700401544570923,0.1301736682653427
1,120,0.35454556345939636,0.2047170251607895,0.30710941553115845,0.13492386043071747
2,121,0.4095309376716614,0.23966708779335022,0.350538432598114,0.14824233949184418
2,122,0.39569446444511414,0.22842605412006378,0.34135305881500244,0.15363584458827972
2,123,0.4071098566055298,0.24273896217346191,0.3316710591316223,0.15851229429244995
2,124,0.37934526801109314,0.2281520664691925,0.3094884753227234,0.13698910176753998
2,125,0.41863754391670227,0.2582561671733856,0.3321472406387329,0.13761237263679504
2,126,0.34482961893081665,0.20445431768894196,0.28461259603500366,0.13265134394168854
2,127,0.40835222601890564,0.2434031367301941,0.340118408203125,0.14450863003730774
2,128,0.3326387405395508,0.19133949279785156,0.29333388805389404,0.11982841789722443
2,129,0.4169757664203644,0.2512984275817871,0.33781540393829346,0.15275585651397705
2,130,0.35307127237319946,0.19832822680473328,0.32354676723480225,0.12662172317504883
2,131,0.4474432170391083,0.2686249613761902,0.36583411693573,0.16242310404777527
2,132,0.4267391562461853,0.261056125164032,0.3405824303627014,0.14725029468536377
2,133,0.41405797004699707,0.2477528303861618,0.3448804020881653,0.14176492393016815
2,134,0.377062052488327,0.2160954624414444,0.33695220947265625,0.1309286206960678
2,135,0.40257421135902405,0.23917151987552643,0.334725022315979,0.14756342768669128
2,136,0.3560105860233307,0.19933025538921356,0.325836181640625,0.13172924518585205
2,137,0.3693806231021881,0.21656951308250427,0.31466037034988403,0.1347348392009735
2,138,0.40941500663757324,0.2310221940279007,0.3721284866333008,0.14770713448524475
2,139,0.4345875382423401,0.25830695033073425,0.35864579677581787,0.1641111820936203
2,140,0.3846608102321625,0.2246851921081543,0.3377605080604553,0.12435698509216309
2,141,0.4202794134616852,0.25395911931991577,0.33799517154693604,0.15561121702194214
2,142,0.41051289439201355,0.24295657873153687,0.34081798791885376,0.15614548325538635
2,143,0.5189207196235657,0.3389129638671875,0.3595541715621948,0.18093042075634003
2,144,0.4182014763355255,0.2549527585506439,0.34140944480895996,0.13342474400997162
2,145,0.4179929196834564,0.25981009006500244,0.32492929697036743,0.14105546474456787
2,146,0.3886314630508423,0.22639897465705872,0.33312565088272095,0.1449110507965088
2,147,0.44224146008491516,0.27640044689178467,0.34014207124710083,0.1489209085702896
2,148,0.36075401306152344,0.2103702872991562,0.3136032819747925,0.1247120350599289
2,149,0.307969868183136,0.17341692745685577,0.2789227366447449,0.11491920053958893
2,150,0.3805626928806305,0.2307838648557663,0.3035116195678711,0.14187081158161163
2,151,0.3931412696838379,0.22715045511722565,0.3441088795661926,0.14173629879951477
2,152,0.4419723451137543,0.2625308036804199,0.37201976776123047,0.15316808223724365
2,153,0.38150355219841003,0.22442950308322906,0.3241742253303528,0.1370217353105545
2,154,0.33570629358291626,0.19812911748886108,0.2817663550376892,0.12435315549373627
2,155,0.4085056781768799,0.24490481615066528,0.33762115240097046,0.1427619904279709
2,156,0.3574391305446625,0.21357257664203644,0.29209262132644653,0.1351475715637207
2,157,0.3453327417373657,0.19368372857570648,0.3135302662849426,0.13118451833724976
2,158,0.43512246012687683,0.26526767015457153,0.3440902829170227,0.16109336912631989
2,159,0.40637460350990295,0.23853404819965363,0.35781633853912354,0.12357005476951599
2,160,0.4267998933792114,0.2541177272796631,0.36223357915878296,0.13894370198249817
2,161,0.3615419268608093,0.2126607596874237,0.31015437841415405,0.12409709393978119
2,162,0.43044933676719666,0.25880447030067444,0.352367103099823,0.1534901261329651
2,163,0.4554007649421692,0.2817859351634979,0.3526484966278076,0.1627770960330963
2,164,0.3579046428203583,0.20324477553367615,0.31783175468444824,0.13763585686683655
2,165,0.32576876878738403,0.18854671716690063,0.2816595435142517,0.12279126048088074
2,166,0.46019917726516724,0.29232552647590637,0.33975040912628174,0.15986737608909607
2,167,0.4115580916404724,0.2503868043422699,0.3243293762207031,0.1571977138519287
2,168,0.3690599501132965,0.21978195011615753,0.2992843985557556,0.14782118797302246
2,169,0.40473100543022156,0.23896104097366333,0.34606248140335083,0.13672490417957306
2,170,0.4507613480091095,0.28531450033187866,0.3495785593986511,0.12807714939117432
2,171,0.4198317527770996,0.2583148777484894,0.33060377836227417,0.14637675881385803
2,172,0.356741338968277,0.202519029378891,0.3206964135169983,0.1297186315059662
2,173,0.3157494366168976,0.17758269608020782,0.2847113013267517,0.12141107022762299
2,174,0.3475385308265686,0.2028515785932541,0.29757386445999146,0.12828704714775085
2,175,0.4254734218120575,0.2543100416660309,0.35113948583602905,0.1535378247499466
2,176,0.3751949369907379,0.22199776768684387,0.3181557059288025,0.12967446446418762
2,177,0.44807496666908264,0.26989230513572693,0.38022053241729736,0.13047237694263458
2,178,0.4362146854400635,0.27058151364326477,0.3341856598854065,0.15979447960853577
2,179,0.41776856780052185,0.2585313618183136,0.3280767798423767,0.14003250002861023
2,180,0.35732021927833557,0.21676962077617645,0.2925492525100708,0.11765445023775101
3,181,0.38216346502304077,0.2286086082458496,0.31243592500686646,0.1429024338722229
3,182,0.3547534644603729,0.20261706411838531,0.3140642046928406,0.1325535774230957
3,183,0.4137117266654968,0.24255311489105225,0.35598647594451904,0.14382004737854004
3,184,0.4021376371383667,0.25046607851982117,0.30616652965545654,0.14602461457252502
3,185,0.40315383672714233,0.23888595402240753,0.33437877893447876,0.15258195996284485
3,186,0.38091105222702026,0.22714976966381073,0.31370866298675537,0.1413891315460205
3,187,0.38122591376304626,0.22755087912082672,0.31230849027633667,0.1437581479549408
3,188,0.34561124444007874,0.1973687708377838,0.3115280270576477,0.11815615743398666
3,189,0.420477032661438,0.26012781262397766,0.328041672706604,0.14566272497177124
3,190,0.40340375900268555,0.23876987397670746,0.34083497524261475,0.14149948954582214
3,191,0.3734910786151886,0.23076747357845306,0.29158729314804077,0.13044346868991852
3,192,0.3714506924152374,0.22164790332317352,0.3102836608886719,0.12844671308994293
3,193,0.3737160861492157,0.22083427011966705,0.3103216886520386,0.14376571774482727
3,194,0.34209418296813965,0.2013462781906128,0.28742432594299316,0.12889085710048676
3,195,0.3579447567462921,0.20561783015727997,0.31530410051345825,0.13102641701698303
3,196,0.3684259057044983,0.21804457902908325,0.3109584450721741,0.1299896240234375
3,197,0.3793240189552307,0.2233452945947647,0.3223031759262085,0.13528738915920258
3,198,0.35499662160873413,0.20432673394680023,0.3081779479980469,0.13699360191822052
3,199,0.33071303367614746,0.19024524092674255,0.28908103704452515,0.12417689710855484
3,200,0.33404263854026794,0.19297289848327637,0.28622913360595703,0.1328904926776886
3,201,0.36467352509498596,0.21054619550704956,0.31696581840515137,0.1367049217224121
3,202,0.351489394903183,0.20597819983959198,0.2963200807571411,0.13491588830947876
3,203,0.3648883104324341,0.21657659113407135,0.31067371368408203,0.12021127343177795
3,204,0.3304308354854584,0.1930432915687561,0.28283947706222534,0.12125879526138306
3,205,0.3291294574737549,0.1838604062795639,0.3024013638496399,0.1215425655245781
3,206,0.41479480266571045,0.25145336985588074,0.33484774827957153,0.1470116376876831
3,207,0.3608015775680542,0.2105408012866974,0.30740588903427124,0.13649211823940277
3,208,0.35793623328208923,0.20840351283550262,0.3088951110839844,0.1298733353614807
3,209,0.3360266089439392,0.20016442239284515,0.27582675218582153,0.12765736877918243
3,210,0.3431605398654938,0.20106059312820435,0.2905728220939636,0.12935417890548706
3,211,0.3202381134033203,0.1866106390953064,0.26987701654434204,0.12838341295719147
3,212,0.37611985206604004,0.2144356667995453,0.3335064649581909,0.14140799641609192
3,213,0.41350147128105164,0.24179744720458984,0.3622177243232727,0.13408473134040833
3,214,0.3223733901977539,0.18635989725589752,0.27887362241744995,0.1223202794790268
3,215,0.36270877718925476,0.20598632097244263,0.3197087049484253,0.1441948413848877
3,216,0.3351949453353882,0.19319136440753937,0.29072636365890503,0.12856519222259521
3,217,0.3333795666694641,0.19485405087471008,0.28124088048934937,0.1301458477973938
3,218,0.3823871314525604,0.23327046632766724,0.30070602893829346,0.1441713124513626
3,219,0.3771282136440277,0.2185657024383545,0.3238992691040039,0.14501403272151947
3,220,0.33576473593711853,0.18975047767162323,0.3021146059036255,0.1258421391248703
3,221,0.40331393480300903,0.250397264957428,0.3104768395423889,0.1436295360326767
3,222,0.3670472800731659,0.21152202785015106,0.3212735056877136,0.13507911562919617
3,223,0.38330578804016113,0.22893628478050232,0.3147720694541931,0.142303466796875
3,224,0.3711695671081543,0.21230563521385193,0.3348442316055298,0.12463116645812988
3,225,0.4481564462184906,0.27466586232185364,0.35197967290878296,0.16349363327026367
3,226,0.4350023567676544,0.27603843808174133,0.32196044921875,0.15089868009090424
3,227,0.37879589200019836,0.22969868779182434,0.31263530254364014,0.12021535634994507
3,228,0.4257069528102875,0.26122188568115234,0.3354841470718384,0.1514570713043213
3,229,0.4039992392063141,0.23458604514598846,0.3451390266418457,0.1567879617214203
3,230,0.46169066429138184,0.2878173887729645,0.3581101894378662,0.1531461626291275
3,231,0.4045286774635315,0.24905797839164734,0.31561756134033203,0.1461184024810791
3,232,0.3992418646812439,0.2447328120470047,0.3118917942047119,0.14876174926757812
3,233,0.34763798117637634,0.20129980146884918,0.30073314905166626,0.13022473454475403
3,234,0.36633995175361633,0.22083693742752075,0.3046451807022095,0.11822479963302612
3,235,0.37787607312202454,0.2297419309616089,0.30017852783203125,0.14031364023685455
3,236,0.5058307647705078,0.33013588190078735,0.35079658031463623,0.1768811047077179
3,237,0.2931235730648041,0.1708609014749527,0.249850332736969,0.11161265522241592
3,238,0.3320973813533783,0.1914496123790741,0.2912220358848572,0.12079470604658127
3,239,0.3508848249912262,0.20276103913784027,0.2995305061340332,0.14155793190002441
3,240,0.4909556806087494,0.3106232285499573,0.3688983917236328,0.16386549174785614
4,241,0.3386376202106476,0.194320410490036,0.2994515895843506,0.12268286943435669
4,242,0.35883665084838867,0.20979472994804382,0.30164462327957153,0.1419203132390976
4,243,0.34428179264068604,0.19945107400417328,0.2991371154785156,0.12587934732437134
4,244,0.38686418533325195,0.23380427062511444,0.31153786182403564,0.14222383499145508
4,245,0.4273242950439453,0.2620885670185089,0.339385986328125,0.14740672707557678
4,246,0.389901340007782,0.23563040792942047,0.31242311000823975,0.14650845527648926
4,247,0.34239619970321655,0.1958492547273636,0.30114758014678955,0.13043956458568573
4,248,0.41931024193763733,0.2673737704753876,0.3075016736984253,0.14467889070510864
4,249,0.4203871488571167,0.2577942907810211,0.3313257098197937,0.15031284093856812
4,250,0.373587042093277,0.22612513601779938,0.3042459487915039,0.12881772220134735
4,251,0.32189565896987915,0.18390287458896637,0.285383939743042,0.1191961020231247
4,252,0.3791716396808624,0.21706312894821167,0.33701765537261963,0.13650736212730408
4,253,0.30600836873054504,0.17846062779426575,0.26094120740890503,0.11585626006126404
4,254,0.43138587474823,0.26321813464164734,0.35442352294921875,0.1319916993379593
4,255,0.35893771052360535,0.2147335708141327,0.2980806231498718,0.12485940754413605
4,256,0.3533320128917694,0.21173621714115143,0.2919121980667114,0.1241544708609581
4,257,0.37536901235580444,0.22063107788562775,0.3246728777885437,0.12434390187263489
4,258,0.3636626899242401,0.21422484517097473,0.30880415439605713,0.12958097457885742
4,259,0.42532891035079956,0.2621794044971466,0.3348432779312134,0.14606082439422607
4,260,0.34176337718963623,0.19868747889995575,0.29098039865493774,0.13341879844665527
4,261,0.3281957507133484,0.19084593653678894,0.27874207496643066,0.12926484644412994
4,262,0.5032764077186584,0.31328967213630676,0.3900710344314575,0.169791579246521
4,263,0.3350634276866913,0.1953718215227127,0.2888571619987488,0.12074370682239532
4,264,0.4646396040916443,0.28974637389183044,0.35614657402038574,0.16217288374900818
4,265,0.34097912907600403,0.19545820355415344,0.2984463572502136,0.1307118982076645
4,266,0.4343281388282776,0.2687065303325653,0.3362363576889038,0.15563540160655975
4,267,0.36468836665153503,0.20770049095153809,0.3268103003501892,0.13131871819496155
4,268,0.45087793469429016,0.2729230523109436,0.3649035096168518,0.15996745228767395
4,269,0.3472987711429596,0.2002188116312027,0.3078181743621826,0.11976344883441925
4,270,0.3498844504356384,0.20124492049217224,0.3016122579574585,0.1399732083082199
4,271,0.4334045946598053,0.2646527588367462,0.3436861038208008,0.15638691186904907
4,272,0.39340054988861084,0.23572015762329102,0.3206172585487366,0.1471674144268036
4,273,0.36261311173439026,0.21592098474502563,0.2920645475387573,0.14933151006698608
4,274,0.31376558542251587,0.1781325489282608,0.27930527925491333,0.11955475062131882
4,275,0.3542611300945282,0.22181512415409088,0.2666434049606323,0.12894320487976074
4,276,0.391490638256073,0.2347494512796402,0.31920427083969116,0.14529742300510406
4,277,0.37491318583488464,0.21589183807373047,0.33073878288269043,0.13362914323806763
4,278,0.322296679019928,0.1856885850429535,0.2822539210319519,0.11853255331516266
4,279,0.4678291976451874,0.2989414632320404,0.3407479524612427,0.16294284164905548
4,280,0.3771865963935852,0.2318408489227295,0.29796600341796875,0.13079670071601868
4,281,0.3831521272659302,0.2325861155986786,0.3103688955307007,0.13209225237369537
4,282,0.39564502239227295,0.23579047620296478,0.32432281970977783,0.150627002120018
4,283,0.3854859173297882,0.23829326033592224,0.29631245136260986,0.14333835244178772
4,284,0.3645269274711609,0.21044324338436127,0.3145718574523926,0.1412746012210846
4,285,0.4305621087551117,0.2638565003871918,0.34303587675094604,0.14745640754699707
4,286,0.4236812889575958,0.26428812742233276,0.3202136158943176,0.1565386950969696
4,287,0.3238157331943512,0.19121940433979034,0.27210456132888794,0.11877251416444778
4,288,0.3760409951210022,0.219343900680542,0.31629228591918945,0.15090075135231018
4,289,0.3576039671897888,0.20856662094593048,0.302374005317688,0.14043861627578735
4,290,0.3356319069862366,0.1912352293729782,0.29951632022857666,0.12295059859752655
4,291,0.3352084159851074,0.2027953714132309,0.26808714866638184,0.12589097023010254
4,292,0.3942078948020935,0.23609484732151031,0.32400208711624146,0.14256101846694946
4,293,0.38747018575668335,0.2236197292804718,0.3419758081436157,0.13530072569847107
4,294,0.30979353189468384,0.17983511090278625,0.2662440538406372,0.11730407178401947
4,295,0.31980234384536743,0.18082615733146667,0.2868543267250061,0.12117227166891098
4,296,0.33637410402297974,0.19719298183918,0.28424888849258423,0.12740784883499146
4,297,0.3335055708885193,0.19480228424072266,0.28237640857696533,0.1287636160850525
4,298,0.3730049133300781,0.22510936856269836,0.3042958378791809,0.13088592886924744
4,299,0.3752903342247009,0.22880154848098755,0.3015626072883606,0.12931868433952332
4,300,0.395602822303772,0.2340139001607895,0.3345695734024048,0.13880546391010284
5,301,0.38647347688674927,0.23661398887634277,0.30260878801345825,0.14407986402511597
5,302,0.46602702140808105,0.29890698194503784,0.3334617018699646,0.1686767041683197
5,303,0.35947659611701965,0.2074446827173233,0.3158666491508484,0.1284262090921402
5,304,0.42807674407958984,0.2656007707118988,0.3300187587738037,0.1523422747850418
5,305,0.34257742762565613,0.20189936459064484,0.29118812084198,0.12101410329341888
5,306,0.3551374077796936,0.20498698949813843,0.30836915969848633,0.13401377201080322
5,307,0.41950523853302,0.23897941410541534,0.3770424723625183,0.14854413270950317
5,308,0.3642805218696594,0.21694424748420715,0.3017536401748657,0.1331740915775299
5,309,0.37844833731651306,0.2256513386964798,0.31363368034362793,0.13671770691871643
5,310,0.4146102964878082,0.25310665369033813,0.32887041568756104,0.149777352809906
5,311,0.32535773515701294,0.18384192883968353,0.292463481426239,0.12265200167894363
5,312,0.32611343264579773,0.1915532648563385,0.28071504831314087,0.11137068271636963
5,313,0.48079022765159607,0.30861639976501465,0.3437066078186035,0.17345592379570007
5,314,0.34246203303337097,0.20785601437091827,0.27611827850341797,0.12079355120658875
5,315,0.430404931306839,0.2645197808742523,0.346030592918396,0.13736459612846375
5,316,0.32807254791259766,0.19793547689914703,0.2607949376106262,0.12909550964832306
5,317,0.3416919708251953,0.20218035578727722,0.28657805919647217,0.12440194189548492
5,318,0.36626529693603516,0.201812282204628,0.3460785746574402,0.130108043551445
5,319,0.45326438546180725,0.297016978263855,0.31673669815063477,0.14776358008384705
5,320,0.4373927414417267,0.2883967459201813,0.30157792568206787,0.14182397723197937
5,321,0.37091878056526184,0.23334918916225433,0.2794502377510071,0.12894755601882935
5,322,0.33432430028915405,0.1925394982099533,0.2940753102302551,0.12077324837446213
5,323,0.37130770087242126,0.21538251638412476,0.32086092233657837,0.13790415227413177
5,324,0.3203849196434021,0.18838872015476227,0.2646029591560364,0.13077515363693237
5,325,0.3543758690357208,0.2144315540790558,0.2901409864425659,0.1194395124912262
5,326,0.3570168614387512,0.2044932246208191,0.31434136629104614,0.13393551111221313
5,327,0.3377744257450104,0.19506441056728363,0.29617857933044434,0.12119293957948685
5,328,0.3446023166179657,0.20853744447231293,0.27558600902557373,0.12915244698524475
5,329,0.3506052792072296,0.21363948285579681,0.27479445934295654,0.13524015247821808
5,330,0.3698466718196869,0.21958114206790924,0.30331742763519287,0.14469283819198608
5,331,0.4297925531864166,0.2686545252799988,0.34053361415863037,0.1246228963136673
5,332,0.3597119450569153,0.22365771234035492,0.2761545181274414,0.12796205282211304
5,333,0.3374525308609009,0.19546940922737122,0.28718554973602295,0.13554461300373077
5,334,0.3435111939907074,0.1959216296672821,0.29975205659866333,0.1384437531232834
5,335,0.3897511065006256,0.23266978561878204,0.3264857530593872,0.132435142993927
5,336,0.35757380723953247,0.21589058637619019,0.2802622318267822,0.1478915810585022
5,337,0.33412623405456543,0.19351743161678314,0.29103851318359375,0.12096697092056274
5,338,0.3660155236721039,0.2132500857114792,0.31235581636428833,0.13911564648151398
5,339,0.3316531479358673,0.1906336396932602,0.29404544830322266,0.1170065626502037
5,340,0.3771290183067322,0.22502242028713226,0.3031580448150635,0.15421684086322784
5,341,0.3618659973144531,0.2140442430973053,0.31145554780960083,0.11619758605957031
5,342,0.34237828850746155,0.1991451233625412,0.2879754900932312,0.14021486043930054
5,343,0.3760587275028229,0.21742258965969086,0.32258182764053345,0.14801697432994843
5,344,0.325344979763031,0.19539181888103485,0.26509737968444824,0.11957111954689026
5,345,0.37673139572143555,0.22078779339790344,0.3254922032356262,0.12873348593711853
5,346,0.32037797570228577,0.1820661872625351,0.28312593698501587,0.12530694901943207
5,347,0.3661895990371704,0.21477195620536804,0.30956000089645386,0.13796819746494293
5,348,0.3242587149143219,0.18853768706321716,0.27864253520965576,0.12132006883621216
5,349,0.36907511949539185,0.22756965458393097,0.29261428117752075,0.12229868024587631
5,350,0.3442089855670929,0.20418106019496918,0.27956074476242065,0.14101816713809967
5,351,0.3864292800426483,0.23101530969142914,0.32075363397598267,0.13556262850761414
5,352,0.3889918029308319,0.24639777839183807,0.28422409296035767,0.14452189207077026
5,353,0.35954156517982483,0.22336551547050476,0.2713465094566345,0.1381872147321701
5,354,0.3508323132991791,0.2057064026594162,0.2935635447502136,0.13850238919258118
5,355,0.3545844256877899,0.21194060146808624,0.29472237825393677,0.123774453997612
5,356,0.3654545247554779,0.21992719173431396,0.2945975065231323,0.1384415626525879
5,357,0.36741000413894653,0.2289312183856964,0.28235840797424316,0.1276770532131195
5,358,0.350064218044281,0.21411441266536713,0.273773193359375,0.13220271468162537
5,359,0.3774121105670929,0.23165519535541534,0.30221110582351685,0.12436234205961227
5,360,0.40722110867500305,0.24817195534706116,0.31740128993988037,0.16044312715530396
6,361,0.3247434198856354,0.1916269063949585,0.2692070007324219,0.12716853618621826
6,362,0.32395562529563904,0.18713591992855072,0.2796022295951843,0.12489403784275055
6,363,0.32757577300071716,0.1857246309518814,0.2894151210784912,0.1304255723953247
6,364,0.3060547113418579,0.17393624782562256,0.27444279193878174,0.11170675605535507
6,365,0.3980068266391754,0.2389487773180008,0.32819777727127075,0.13889476656913757
6,366,0.3707975447177887,0.22817233204841614,0.29023075103759766,0.13266456127166748
6,367,0.2963891327381134,0.1733749657869339,0.24593621492385864,0.12319842725992203
6,368,0.32257163524627686,0.18853747844696045,0.27045488357543945,0.1292610615491867
6,369,0.3639061152935028,0.22119230031967163,0.2994258403778076,0.11471728980541229
6,370,0.3807424306869507,0.23160770535469055,0.31013619899749756,0.125401109457016
6,371,0.3594745099544525,0.22349238395690918,0.2822115421295166,0.11548751592636108
6,372,0.3588249087333679,0.19976592063903809,0.33750563859939575,0.12028366327285767
6,373,0.36662599444389343,0.22387515008449554,0.292614221572876,0.12852579355239868
6,374,0.4410761892795563,0.27195727825164795,0.3434262275695801,0.15874210000038147
6,375,0.3109644055366516,0.17553074657917023,0.2807888984680176,0.11559060961008072
6,376,0.36574259400367737,0.21727202832698822,0.3008372187614441,0.14067843556404114
6,377,0.4203639328479767,0.26451462507247925,0.3089737296104431,0.16129904985427856
6,378,0.36364391446113586,0.22056978940963745,0.2985932230949402,0.11818419396877289
6,379,0.3618159890174866,0.21580862998962402,0.3037135601043701,0.12260979413986206
6,380,0.3508433997631073,0.21417143940925598,0.2765290141105652,0.13030175864696503
6,381,0.4122582972049713,0.2566816210746765,0.3213873505592346,0.13510873913764954
6,382,0.35490480065345764,0.21273007988929749,0.2870062589645386,0.13686111569404602
6,383,0.35057592391967773,0.20126037299633026,0.3086392283439636,0.1292993128299713
6,384,0.36742767691612244,0.20719988644123077,0.3289339542388916,0.14327093958854675
6,385,0.3724866509437561,0.21829265356063843,0.31395548582077026,0.14305895566940308
6,386,0.47449472546577454,0.2979986071586609,0.3571864366531372,0.16810765862464905
6,387,0.3353789448738098,0.189405158162117,0.30150336027145386,0.12686215341091156
6,388,0.4497373104095459,0.286882609128952,0.32267409563064575,0.16892528533935547
6,389,0.321072518825531,0.1967458873987198,0.25616103410720825,0.10931099951267242
6,390,0.3815527856349945,0.23784175515174866,0.29328376054763794,0.13198760151863098
6,391,0.4056510627269745,0.25824785232543945,0.2973553538322449,0.1423054039478302
6,392,0.31984925270080566,0.18599434196949005,0.26917070150375366,0.13093329966068268
6,393,0.36140841245651245,0.21461501717567444,0.30594438314437866,0.12207817286252975
6,394,0.3371613323688507,0.1922168880701065,0.30162596702575684,0.12147018313407898
6,395,0.2992328107357025,0.16659756004810333,0.2734074592590332,0.1163613349199295
6,396,0.33293989300727844,0.19173869490623474,0.2863406538963318,0.13332468271255493
6,397,0.35891586542129517,0.21034058928489685,0.3022312521934509,0.13841389119625092
6,398,0.4086092412471771,0.24629472196102142,0.33066391944885254,0.15024462342262268
6,399,0.3194783627986908,0.19291755557060242,0.2530418634414673,0.12672019004821777
6,400,0.2843511700630188,0.1607954055070877,0.25135695934295654,0.11506496369838715
6,401,0.34791725873947144,0.20163553953170776,0.3043229579925537,0.12276259064674377
6,402,0.34997496008872986,0.21067820489406586,0.2834041118621826,0.12967556715011597
6,403,0.35816213488578796,0.20439845323562622,0.313265860080719,0.1422865092754364
6,404,0.4198554456233978,0.2565370500087738,0.32805025577545166,0.1604914665222168
6,405,0.37299272418022156,0.21789096295833588,0.32295161485671997,0.12960559129714966
6,406,0.30446550250053406,0.18463866412639618,0.2382938265800476,0.12254648655653
6,407,0.3454396426677704,0.2095421403646469,0.27143555879592896,0.13661636412143707
6,408,0.35727426409721375,0.21528349816799164,0.29269057512283325,0.12457270920276642
6,409,0.3502110540866852,0.19843333959579468,0.316774845123291,0.1253388375043869
6,410,0.3546181619167328,0.21310955286026,0.28439414501190186,0.13875475525856018
6,411,0.36665812134742737,0.20896342396736145,0.32836824655532837,0.13173694908618927
6,412,0.34408289194107056,0.2051190882921219,0.28643113374710083,0.12195681780576706
6,413,0.3122377395629883,0.1772802323102951,0.2772175073623657,0.12035255134105682
6,414,0.3912525773048401,0.23391829431056976,0.3168453574180603,0.15298068523406982
6,415,0.3224007487297058,0.1936764121055603,0.25801849365234375,0.12758463621139526
6,416,0.3410487473011017,0.1998806744813919,0.2897105813026428,0.12641926109790802
6,417,0.33646291494369507,0.2037724405527115,0.27194827795028687,0.11955586075782776
6,418,0.38752204179763794,0.237542524933815,0.30439484119415283,0.1411079466342926
6,419,0.31981971859931946,0.1876322329044342,0.268516480922699,0.12390449643135071
6,420,0.3940463066101074,0.24837225675582886,0.2934594750404358,0.14145135879516602
7,421,0.36107468605041504,0.22073981165885925,0.28518402576446533,0.13130639493465424
7,422,0.4389338195323944,0.2722989618778229,0.3372233510017395,0.15872767567634583
7,423,0.34278151392936707,0.195062518119812,0.3050945997238159,0.12840582430362701
7,424,0.3333587646484375,0.19123642146587372,0.28753662109375,0.13553841412067413
7,425,0.34766656160354614,0.19944418966770172,0.31080734729766846,0.11949723958969116
7,426,0.3233868479728699,0.1853233426809311,0.2781410217285156,0.13403549790382385
7,427,0.32827624678611755,0.20186038315296173,0.2556321620941162,0.12081499397754669
7,428,0.2841346263885498,0.16060985624790192,0.2527291774749756,0.11216549575328827
7,429,0.3809832036495209,0.22510449588298798,0.3224039077758789,0.13458558917045593
7,430,0.33990681171417236,0.19658759236335754,0.29185259342193604,0.13289088010787964
7,431,0.3773191273212433,0.232851043343544,0.2924302816390991,0.13747988641262054
7,432,0.4317321181297302,0.2853531837463379,0.2908639907836914,0.15016674995422363
7,433,0.3134903907775879,0.18491767346858978,0.2608519196510315,0.12115968763828278
7,434,0.3486473560333252,0.20758159458637238,0.29187899827957153,0.12157075107097626
7,435,0.35886403918266296,0.21744124591350555,0.2846221327781677,0.137869730591774
7,436,0.3162102699279785,0.18844138085842133,0.25202685594558716,0.13479064404964447
7,437,0.2969890832901001,0.16815461218357086,0.26089489459991455,0.12238267064094543
7,438,0.3854062855243683,0.229893758893013,0.3183612823486328,0.14083999395370483
7,439,0.3350994288921356,0.19628092646598816,0.28427302837371826,0.12554645538330078
7,440,0.335920512676239,0.1920417696237564,0.2988269329071045,0.12173976004123688
7,441,0.36380165815353394,0.21236170828342438,0.30563920736312866,0.1459214836359024
7,442,0.3135102093219757,0.17814889550209045,0.27480393648147583,0.1271987408399582
7,443,0.2975209653377533,0.16712184250354767,0.2677731513977051,0.11644924432039261
7,444,0.4009953439235687,0.24693359434604645,0.3135257363319397,0.14325720071792603
7,445,0.361606240272522,0.21238070726394653,0.3127283453941345,0.12067101895809174
7,446,0.3174228370189667,0.18658168613910675,0.2726113200187683,0.1089830994606018
7,447,0.36860203742980957,0.21597585082054138,0.30914509296417236,0.14484074711799622
7,448,0.4274837374687195,0.26546481251716614,0.32847338914871216,0.1531478464603424
7,449,0.3432443141937256,0.19626636803150177,0.30618804693222046,0.122513547539711
7,450,0.31651124358177185,0.18524782359600067,0.2635202407836914,0.12927661836147308
7,451,0.34697893261909485,0.19824957847595215,0.3085220456123352,0.1266026794910431
7,452,0.32242250442504883,0.18417787551879883,0.2796122431755066,0.1319986879825592
7,453,0.3479180932044983,0.2009320855140686,0.30816417932510376,0.11860167235136032
7,454,0.3064725697040558,0.18728668987751007,0.24156129360198975,0.11280690133571625
7,455,0.31185147166252136,0.1852341592311859,0.25434279441833496,0.1244010478258133
7,456,0.32206210494041443,0.18306668102741241,0.2913680672645569,0.11224102228879929
7,457,0.317463219165802,0.18192176520824432,0.27963894605636597,0.11842937767505646
7,458,0.30241841077804565,0.16908906400203705,0.27364397048950195,0.11935870349407196
7,459,0.39918527007102966,0.24414920806884766,0.3114616274833679,0.1522570550441742
7,460,0.32687145471572876,0.1838185042142868,0.303633451461792,0.10799777507781982
7,461,0.3578360378742218,0.20893317461013794,0.3015262484550476,0.14146175980567932
7,462,0.28542837500572205,0.16535700857639313,0.2439144253730774,0.1125279888510704
7,463,0.3629365861415863,0.21688304841518402,0.29294878244400024,0.14436998963356018
7,464,0.3435046970844269,0.19989760220050812,0.3016894459724426,0.11465650796890259
7,465,0.3950846493244171,0.2419491559267044,0.30678313970565796,0.15211121737957
7,466,0.31643441319465637,0.19172435998916626,0.2529388666152954,0.11767256259918213
7,467,0.3013470768928528,0.16993491351604462,0.269475519657135,0.11810966581106186
7,468,0.3235807716846466,0.19239264726638794,0.2632054090499878,0.12952978909015656
7,469,0.2796449661254883,0.16158252954483032,0.23644816875457764,0.11741577833890915
7,470,0.33147796988487244,0.1942937970161438,0.2857823371887207,0.1143561601638794
7,471,0.3726072311401367,0.22804485261440277,0.2981760501861572,0.1264597326517105
7,472,0.2959907054901123,0.16581684350967407,0.2687927484512329,0.11328383535146713
7,473,0.3631502091884613,0.2190246880054474,0.2907678484916687,0.1390918642282486
7,474,0.3325125575065613,0.19761817157268524,0.2693712115287781,0.13572947680950165
7,475,0.3110180199146271,0.17745345830917358,0.2737429738044739,0.12033689022064209
7,476,0.3909083604812622,0.24227984249591827,0.3011459708213806,0.14085076749324799
7,477,0.29167962074279785,0.1696496158838272,0.24477005004882812,0.12061004340648651
7,478,0.3502788543701172,0.206618070602417,0.2888789772987366,0.1405460387468338
7,479,0.3868934214115143,0.22221769392490387,0.3369191288948059,0.14954042434692383
7,480,0.28993138670921326,0.16327674686908722,0.2584659457206726,0.11634128540754318
8,481,0.29226163029670715,0.1608845442533493,0.27323126792907715,0.11042279005050659
8,482,0.3247990012168884,0.17764067649841309,0.3071284890174866,0.12153460085391998
8,483,0.33225569128990173,0.19086527824401855,0.29232341051101685,0.12230531871318817
8,484,0.33521199226379395,0.20113055408000946,0.26207834482192993,0.14625045657157898
8,485,0.35229501128196716,0.21140003204345703,0.2936599850654602,0.1171547994017601
8,486,0.3718224763870239,0.2254219800233841,0.29262638092041016,0.14674976468086243
8,487,0.3064587414264679,0.18356679379940033,0.2464841604232788,0.12149135768413544
8,488,0.2865627408027649,0.16849693655967712,0.24098098278045654,0.10836704075336456
8,489,0.3119375705718994,0.18481963872909546,0.2601994276046753,0.115190789103508
8,490,0.3541557490825653,0.21175749599933624,0.2948402762413025,0.12231071293354034
8,491,0.2925756275653839,0.16128794848918915,0.27161842584609985,0.11320153623819351
8,492,0.3604971766471863,0.22160816192626953,0.2815682888031006,0.13130848109722137
8,493,0.34875819087028503,0.20697684586048126,0.29803985357284546,0.11282701790332794
8,494,0.3992452621459961,0.24442033469676971,0.3099978566169739,0.15412890911102295
8,495,0.3544676601886749,0.2104201316833496,0.29262298345565796,0.13499164581298828
8,496,0.30366358160972595,0.174515038728714,0.26065629720687866,0.12443000078201294
8,497,0.31006044149398804,0.181843563914299,0.2589258551597595,0.1232326328754425
8,498,0.30262815952301025,0.1744011640548706,0.26699280738830566,0.10714934021234512
8,499,0.34926551580429077,0.20208965241909027,0.3035844564437866,0.12871038913726807
8,500,0.3854876458644867,0.22166401147842407,0.3336494565010071,0.15181919932365417
8,501,0.39210429787635803,0.22626730799674988,0.3430113196372986,0.14316236972808838
8,502,0.28938138484954834,0.16599507629871368,0.24881047010421753,0.11931069195270538
8,503,0.3245711028575897,0.19103404879570007,0.26979923248291016,0.12808680534362793
8,504,0.3168118894100189,0.18579089641571045,0.2695227861404419,0.11605940014123917
8,505,0.38550442457199097,0.241681307554245,0.28259050846099854,0.153934508562088
8,506,0.349645733833313,0.20470108091831207,0.2927706241607666,0.13918209075927734
8,507,0.35734686255455017,0.2092127799987793,0.2994440793991089,0.14178234338760376
8,508,0.38378944993019104,0.23456613719463348,0.3127821683883667,0.12055213749408722
8,509,0.3505149483680725,0.20213058590888977,0.30737990140914917,0.1271621137857437
8,510,0.38346928358078003,0.22673861682415009,0.31989365816116333,0.1438658982515335
8,511,0.3470495939254761,0.2063767910003662,0.2871664762496948,0.12903103232383728
8,512,0.2864750027656555,0.16306892037391663,0.25338685512542725,0.11025674641132355
8,513,0.33678925037384033,0.20099326968193054,0.2772611379623413,0.12445761263370514
8,514,0.40367069840431213,0.23792432248592377,0.34513717889785767,0.13845762610435486
8,515,0.3663879930973053,0.22028550505638123,0.297540545463562,0.13543125987052917
8,516,0.3194109797477722,0.18055616319179535,0.28404247760772705,0.12618911266326904
8,517,0.31804952025413513,0.1893346756696701,0.2610993981361389,0.12137553095817566
8,518,0.2750771939754486,0.1579517424106598,0.23640930652618408,0.11280865222215652
8,519,0.33943140506744385,0.20618793368339539,0.2691262364387512,0.12796485424041748
8,520,0.27944982051849365,0.1589578092098236,0.24791216850280762,0.1066356971859932
8,521,0.3172677755355835,0.18645106256008148,0.2654048204421997,0.1232738345861435
8,522,0.324618935585022,0.19427375495433807,0.2700175642967224,0.11169077455997467
8,523,0.39984819293022156,0.24360613524913788,0.3065623641014099,0.16808557510375977
8,524,0.32714414596557617,0.19290995597839355,0.2663014531135559,0.1385679543018341
8,525,0.38315486907958984,0.2285025417804718,0.31393665075302124,0.14538830518722534
8,526,0.3142969310283661,0.17496196925640106,0.2871555685997009,0.12236375361680984
8,527,0.37837862968444824,0.2297334223985672,0.29997843503952026,0.14326907694339752
8,528,0.3545386493206024,0.21097783744335175,0.28951311111450195,0.1387777328491211
8,529,0.29499849677085876,0.16859260201454163,0.25786781311035156,0.11629386246204376
8,530,0.36376553773880005,0.21998073160648346,0.2975180149078369,0.12388791143894196
8,531,0.3228967785835266,0.18728630244731903,0.27527278661727905,0.12750685214996338
8,532,0.3221875727176666,0.19301845133304596,0.25697314739227295,0.13189929723739624
8,533,0.32947513461112976,0.19094014167785645,0.28550171852111816,0.12167153507471085
8,534,0.33575907349586487,0.20011650025844574,0.2791517972946167,0.1199091300368309
8,535,0.3236565887928009,0.18726561963558197,0.2764558792114258,0.12904301285743713
8,536,0.31995463371276855,0.18608570098876953,0.274017333984375,0.12131001055240631
8,537,0.333599716424942,0.198716402053833,0.2692442536354065,0.13592815399169922
8,538,0.33122172951698303,0.19238580763339996,0.2844012379646301,0.12537717819213867
8,539,0.32452884316444397,0.18230131268501282,0.29412585496902466,0.1228858083486557
8,540,0.3372366726398468,0.20313699543476105,0.2675178647041321,0.1354627013206482
9,541,0.3277563452720642,0.19118942320346832,0.27871596813201904,0.12540258467197418
9,542,0.32990625500679016,0.19529291987419128,0.2736719846725464,0.1257227510213852
9,543,0.4090331494808197,0.23495995998382568,0.3576504588127136,0.1550648808479309
9,544,0.311822772026062,0.18477071821689606,0.25537627935409546,0.12450762838125229
9,545,0.30753886699676514,0.18093806505203247,0.25461244583129883,0.12377914041280746
9,546,0.34471914172172546,0.20086026191711426,0.2956835627555847,0.1279272735118866
9,547,0.3391147255897522,0.19222556054592133,0.3009341359138489,0.1325775384902954
9,548,0.2856673300266266,0.17158229649066925,0.22715622186660767,0.11611263453960419
9,549,0.2758747339248657,0.1553398221731186,0.2463301420211792,0.11001427471637726
9,550,0.2876819372177124,0.16652284562587738,0.2435588240623474,0.11867781728506088
9,551,0.33918097615242004,0.1938273012638092,0.303594708442688,0.11957895755767822
9,552,0.30814889073371887,0.18414898216724396,0.25018417835235596,0.11963110417127609
9,553,0.3519890010356903,0.21177127957344055,0.2831169366836548,0.13485480844974518
9,554,0.35107582807540894,0.21419835090637207,0.2788206934928894,0.12674598395824432
9,555,0.38671937584877014,0.2314770519733429,0.31600648164749146,0.1441987156867981
9,556,0.2756752371788025,0.16034896671772003,0.23164939880371094,0.11333254724740982
9,557,0.3485318124294281,0.1988096982240677,0.317516028881073,0.11357864737510681
9,558,0.29288843274116516,0.17777219414710999,0.23426592350006104,0.107049360871315
9,559,0.30864471197128296,0.18181918561458588,0.25410789251327515,0.12591177225112915
9,560,0.3432918190956116,0.20803725719451904,0.2790459394454956,0.11818096041679382
9,561,0.3397226929664612,0.19634440541267395,0.29420363903045654,0.12848401069641113
9,562,0.3022806942462921,0.1773638278245926,0.25300508737564087,0.11857417225837708
9,563,0.33835431933403015,0.20716384053230286,0.2606877088546753,0.13457703590393066
9,564,0.44550269842147827,0.2892438471317291,0.3045666813850403,0.17216086387634277
9,565,0.33494094014167786,0.1957164704799652,0.29027819633483887,0.11556600034236908
9,566,0.3982944190502167,0.24867406487464905,0.3117748498916626,0.12455211579799652
9,567,0.299162894487381,0.1750391274690628,0.24949336051940918,0.12163202464580536
9,568,0.344964861869812,0.21045726537704468,0.27020740509033203,0.13212324678897858
9,569,0.3044644892215729,0.17891129851341248,0.24996417760849,0.12783747911453247
9,570,0.2953054904937744,0.16919203102588654,0.25859010219573975,0.11338715255260468
9,571,0.4045712351799011,0.2517262101173401,0.3107531666755676,0.14271891117095947
9,572,0.3719741404056549,0.22338469326496124,0.301838219165802,0.1392708271741867
9,573,0.3107622563838959,0.17753738164901733,0.27139711380004883,0.12333019077777863
9,574,0.35469958186149597,0.20841437578201294,0.2948085069656372,0.14180901646614075
9,575,0.32745397090911865,0.1976257711648941,0.270821750164032,0.10749760270118713
9,576,0.3233875334262848,0.18892598152160645,0.277363657951355,0.11758048832416534
9,577,0.34425869584083557,0.2012491524219513,0.2962515354156494,0.12254462391138077
9,578,0.3694947063922882,0.22100196778774261,0.30058062076568604,0.14130249619483948
9,579,0.39240652322769165,0.23114866018295288,0.3297882080078125,0.14671291410923004
9,580,0.28541284799575806,0.1661183089017868,0.24239581823349,0.11168110370635986
9,581,0.4080105125904083,0.2575671076774597,0.3036001920700073,0.14501667022705078
9,582,0.31512051820755005,0.1842452436685562,0.2686089277267456,0.11715863645076752
9,583,0.2995433211326599,0.16940522193908691,0.26608043909072876,0.11852961778640747
9,584,0.2805250883102417,0.15985792875289917,0.24437683820724487,0.11458225548267365
9,585,0.3457595109939575,0.1985877901315689,0.3031715750694275,0.12951546907424927
9,586,0.31659984588623047,0.1859958916902542,0.26876819133758545,0.11548341810703278
9,587,0.32657134532928467,0.19208666682243347,0.27299249172210693,0.1264384388923645
9,588,0.3642241060733795,0.2189338207244873,0.2981029152870178,0.13024552166461945
9,589,0.3078039884567261,0.18219953775405884,0.2544386386871338,0.11914484202861786
9,590,0.3031313121318817,0.17735134065151215,0.2516319155693054,0.125636026263237
9,591,0.3125688135623932,0.18452061712741852,0.25438326597213745,0.13147437572479248
9,592,0.3273380994796753,0.19266772270202637,0.2810496687889099,0.1112525686621666
9,593,0.3899664878845215,0.24684447050094604,0.29419392347335815,0.1272222250699997
9,594,0.3132707476615906,0.18868760764598846,0.25150543451309204,0.11990483105182648
9,595,0.3275443911552429,0.1899956464767456,0.28240519762039185,0.12293338030576706
9,596,0.29181990027427673,0.16561132669448853,0.2572211027145386,0.11660073697566986
9,597,0.35897621512413025,0.2133210003376007,0.29625391960144043,0.13576824963092804
9,598,0.3705184757709503,0.22015292942523956,0.30271440744400024,0.14639905095100403
9,599,0.3182099163532257,0.18569891154766083,0.2693541646003723,0.12384671717882156
9,600,0.2854781150817871,0.16482745110988617,0.24140089750289917,0.12045148015022278
10,601,0.36562269926071167,0.21540114283561707,0.31118226051330566,0.1287432312965393
10,602,0.3674718141555786,0.21766740083694458,0.30105477571487427,0.14691241085529327
10,603,0.32884737849235535,0.18925833702087402,0.27800673246383667,0.14193181693553925
10,604,0.3906358778476715,0.23595893383026123,0.30853474140167236,0.15631523728370667
10,605,0.3983210027217865,0.2429298311471939,0.31662821769714355,0.1436995267868042
10,606,0.3061942458152771,0.17608149349689484,0.26509588956832886,0.12037196755409241
10,607,0.3302079141139984,0.18261413276195526,0.3030749559402466,0.13181892037391663
10,608,0.2997145354747772,0.16861999034881592,0.2684652805328369,0.1185421347618103
10,609,0.38941484689712524,0.21513055264949799,0.37130510807037354,0.128811314702034
10,610,0.29749682545661926,0.1721465289592743,0.25588732957839966,0.11497674882411957
10,611,0.3028325140476227,0.17419852316379547,0.2578635811805725,0.12744276225566864
10,612,0.2973315417766571,0.16801923513412476,0.26671940088272095,0.11312278360128403
10,613,0.40008193254470825,0.24529825150966644,0.30956512689590454,0.15478821098804474
10,614,0.3056402802467346,0.17645171284675598,0.2598397135734558,0.12626329064369202
10,615,0.34695616364479065,0.21991607546806335,0.2514873147010803,0.13222575187683105
10,616,0.3675333261489868,0.21656428277492523,0.31051522493362427,0.13381488621234894
10,617,0.3101164996623993,0.17412228882312775,0.2775958180427551,0.12477951496839523
10,618,0.3387224078178406,0.1958940476179123,0.2912766933441162,0.1315883845090866
10,619,0.2858448028564453,0.1616191565990448,0.25772708654403687,0.1056739091873169
10,620,0.32408633828163147,0.2054581344127655,0.2371504306793213,0.11884020268917084
10,621,0.36569827795028687,0.22928105294704437,0.2734774947166443,0.13513115048408508
10,622,0.3089667856693268,0.17645308375358582,0.27403563261032104,0.11449725180864334
10,623,0.34874385595321655,0.19816704094409943,0.31515437364578247,0.1225753203034401
10,624,0.3252410590648651,0.18545649945735931,0.2893350124359131,0.12025284767150879
10,625,0.3618321418762207,0.2234620600938797,0.28220462799072266,0.12744107842445374
10,626,0.3251268267631531,0.1907484382390976,0.27178847789764404,0.12831488251686096
10,627,0.35500702261924744,0.21223953366279602,0.2825998067855835,0.14863768219947815
10,628,0.32537999749183655,0.19060851633548737,0.27131378650665283,0.131229966878891
10,629,0.3057093322277069,0.17887260019779205,0.2542269825935364,0.1257297396659851
10,630,0.28954675793647766,0.1588630974292755,0.269423246383667,0.1145717054605484
10,631,0.27548032999038696,0.15715225040912628,0.237402081489563,0.11683635413646698
10,632,0.3732246160507202,0.22098387777805328,0.3020803928375244,0.1570429503917694
10,633,0.36796388030052185,0.21977826952934265,0.30110490322113037,0.1387181282043457
10,634,0.3647302985191345,0.22142726182937622,0.2841385006904602,0.14823830127716064
10,635,0.2832118570804596,0.1639217734336853,0.236602783203125,0.12324488162994385
10,636,0.27159547805786133,0.15465998649597168,0.23783248662948608,0.10901249945163727
10,637,0.351143479347229,0.20416057109832764,0.2991734743118286,0.13656771183013916
10,638,0.34530866146087646,0.20708370208740234,0.2725740075111389,0.14597678184509277
10,639,0.3039286136627197,0.16981002688407898,0.2737805247306824,0.12303182482719421
10,640,0.3379831910133362,0.19320644438266754,0.2973094582557678,0.12926487624645233
10,641,0.37700343132019043,0.2209412008523941,0.3248554468154907,0.13060034811496735
10,642,0.3636803925037384,0.2063319981098175,0.3268468379974365,0.13304831087589264
10,643,0.3390696346759796,0.19672782719135284,0.29445284605026245,0.12280333787202835
10,644,0.3455696702003479,0.2097557634115219,0.27007460594177246,0.13892024755477905
10,645,0.31100767850875854,0.16867786645889282,0.29696959257125854,0.11770988255739212
10,646,0.45141416788101196,0.2903531491756439,0.32280534505844116,0.15969440340995789
10,647,0.3416315019130707,0.1989751011133194,0.2921942472457886,0.12889349460601807
10,648,0.29371634125709534,0.17178384959697723,0.24757671356201172,0.1145089641213417
10,649,0.3572261333465576,0.21411918103694916,0.2895101308822632,0.13651448488235474
10,650,0.29726308584213257,0.17101581394672394,0.25652986764907837,0.11817657947540283
10,651,0.30625492334365845,0.17540304362773895,0.2687927484512329,0.1166737973690033
10,652,0.3124949634075165,0.18463969230651855,0.2527626156806946,0.13375124335289001
10,653,0.30396905541419983,0.17416174709796906,0.261957585811615,0.12512138485908508
10,654,0.4005577564239502,0.2420051097869873,0.32013702392578125,0.15248927474021912
10,655,0.3031875193119049,0.17110991477966309,0.26958298683166504,0.12122192978858948
10,656,0.2792215347290039,0.15847989916801453,0.24405419826507568,0.11559981852769852
10,657,0.3856116533279419,0.24362581968307495,0.27683770656585693,0.15625368058681488
10,658,0.320778489112854,0.18909917771816254,0.2721278667449951,0.1141408383846283
10,659,0.2905566096305847,0.17090190947055817,0.23862451314926147,0.12102456390857697
10,660,0.3070433735847473,0.17658062279224396,0.2625378370285034,0.1272379755973816
11,661,0.3826653063297272,0.23621691763401031,0.29900062084198,0.13424068689346313
11,662,0.33097755908966064,0.19884273409843445,0.2662467956542969,0.1281806081533432
11,663,0.3010557293891907,0.16694276034832,0.27603471279144287,0.11849536001682281
11,664,0.31487536430358887,0.18425185978412628,0.2653675079345703,0.12238243222236633
11,665,0.3260059952735901,0.19673961400985718,0.25561732053756714,0.13509714603424072
11,666,0.34534648060798645,0.20990121364593506,0.2720144987106323,0.13319730758666992
11,667,0.3398735225200653,0.2077283412218094,0.2655562162399292,0.12961342930793762
11,668,0.32477352023124695,0.1931430846452713,0.26375091075897217,0.1306503415107727
11,669,0.36185386776924133,0.22156329452991486,0.28204798698425293,0.13735701143741608
11,670,0.3001744747161865,0.1662846952676773,0.2784997224807739,0.11244957149028778
11,671,0.3139265775680542,0.18969419598579407,0.2535555362701416,0.1140507310628891
11,672,0.30530717968940735,0.18023735284805298,0.2541310787200928,0.11708690226078033
11,673,0.37527748942375183,0.2304234653711319,0.2933744192123413,0.13752129673957825
11,674,0.30031540989875793,0.1782962828874588,0.2481555938720703,0.11378446221351624
11,675,0.29017430543899536,0.16801515221595764,0.24874567985534668,0.11330438405275345
11,676,0.34092170000076294,0.20019006729125977,0.29268431663513184,0.11828960478305817
11,677,0.2863975167274475,0.16193072497844696,0.25150781869888306,0.1193184107542038
11,678,0.38946086168289185,0.23331086337566376,0.31313419342041016,0.15448153018951416
11,679,0.3192022442817688,0.1844254583120346,0.2707039713859558,0.13247594237327576
11,680,0.3289453685283661,0.1869352161884308,0.29314905405044556,0.12375268340110779
11,681,0.35084646940231323,0.20731091499328613,0.29946374893188477,0.11875033378601074
11,682,0.27973565459251404,0.15982693433761597,0.24362361431121826,0.11229631304740906
11,683,0.2806427478790283,0.15745820105075836,0.2502260208129883,0.11547079682350159
11,684,0.31184571981430054,0.17772048711776733,0.2768632769584656,0.11689963936805725
11,685,0.3499266505241394,0.22283342480659485,0.2548243999481201,0.1258174329996109
11,686,0.2903870642185211,0.16620084643363953,0.25266098976135254,0.11560903489589691
11,687,0.3228387236595154,0.1886937916278839,0.274375319480896,0.12197405099868774
11,688,0.34106510877609253,0.2024449110031128,0.2768591642379761,0.13938269019126892
11,689,0.3714704215526581,0.21860022842884064,0.3094598650932312,0.1454313099384308
11,690,0.3464867174625397,0.20385970175266266,0.2865750193595886,0.13998502492904663
11,691,0.2944200932979584,0.16998782753944397,0.24865740537643433,0.12484656274318695
11,692,0.3218374252319336,0.19860294461250305,0.24788016080856323,0.120412178337574
11,693,0.3562449514865875,0.21286290884017944,0.28971874713897705,0.13747280836105347
11,694,0.3050963878631592,0.17321009933948517,0.2685205340385437,0.12239032983779907
11,695,0.3231640160083771,0.18463239073753357,0.285605788230896,0.12144661694765091
11,696,0.3194601535797119,0.18882189691066742,0.2617330551147461,0.12972521781921387
11,697,0.3547261357307434,0.21337053179740906,0.2798728942871094,0.1470322161912918
11,698,0.34362658858299255,0.20689836144447327,0.281879186630249,0.119882732629776
11,699,0.3430682420730591,0.20486249029636383,0.2730810046195984,0.14486676454544067
11,700,0.31943243741989136,0.1859944462776184,0.27127236127853394,0.1246451660990715
11,701,0.27430325746536255,0.1563388854265213,0.2409338355064392,0.10795421898365021
11,702,0.3430521488189697,0.19911807775497437,0.29424285888671875,0.1311846375465393
11,703,0.32030922174453735,0.18804942071437836,0.26967161893844604,0.1219557672739029
11,704,0.3128920793533325,0.17981095612049103,0.2701263427734375,0.12515290081501007
11,705,0.35292038321495056,0.21581950783729553,0.27361243963241577,0.138279527425766
11,706,0.325493723154068,0.18904273211956024,0.2773559093475342,0.12754300236701965
11,707,0.3371380865573883,0.19823893904685974,0.29026931524276733,0.11395703256130219
11,708,0.30213508009910583,0.17282794415950775,0.26519936323165894,0.11613690853118896
11,709,0.33045804500579834,0.19605404138565063,0.27190345525741577,0.12821321189403534
11,710,0.3202494978904724,0.18343941867351532,0.27751731872558594,0.12901568412780762
11,711,0.3549642264842987,0.21112960577011108,0.2882971167564392,0.14257889986038208
11,712,0.343912810087204,0.20730018615722656,0.27129822969436646,0.1404666304588318
11,713,0.3549971580505371,0.21247874200344086,0.28477615118026733,0.14303982257843018
11,714,0.3891187310218811,0.24702562391757965,0.28266847133636475,0.14512865245342255
11,715,0.29052525758743286,0.1684296727180481,0.24734318256378174,0.11579152196645737
11,716,0.3113294243812561,0.17966653406620026,0.2680925726890564,0.12212938070297241
11,717,0.309661865234375,0.17783565819263458,0.2637712359428406,0.13158851861953735
11,718,0.30572324991226196,0.18339000642299652,0.24228549003601074,0.12709522247314453
11,719,0.32286322116851807,0.19004203379154205,0.26535844802856445,0.13338913023471832
11,720,0.27891117334365845,0.1568499505519867,0.25393128395080566,0.10244351625442505
12,721,0.30216488242149353,0.17006249725818634,0.2711421251296997,0.11822772771120071
12,722,0.3318741023540497,0.19278784096240997,0.2804167866706848,0.13459767401218414
12,723,0.3193114399909973,0.17416934669017792,0.2983296513557434,0.12905125319957733
12,724,0.33129802346229553,0.19364295899868011,0.2777239680290222,0.13282737135887146
12,725,0.30427730083465576,0.1746550351381302,0.2630954384803772,0.12192048132419586
12,726,0.31965699791908264,0.1886618733406067,0.2586575746536255,0.1376604586839676
12,727,0.27096059918403625,0.15620993077754974,0.2339189052581787,0.10591547191143036
12,728,0.3529548943042755,0.2094939798116684,0.282418429851532,0.15246769785881042
12,729,0.34529486298561096,0.2065952569246292,0.2765848636627197,0.1403282731771469
12,730,0.31889352202415466,0.18248605728149414,0.275149405002594,0.131738543510437
12,731,0.3096808195114136,0.18491317331790924,0.253360390663147,0.11711752414703369
12,732,0.3210242688655853,0.1896500289440155,0.2637184262275696,0.1294342577457428
12,733,0.3604053556919098,0.20824694633483887,0.3109394907951355,0.13891306519508362
12,734,0.32543206214904785,0.1726113110780716,0.32307326793670654,0.11795725673437119
12,735,0.3405064642429352,0.20254169404506683,0.2842496633529663,0.12132453918457031
12,736,0.3298071622848511,0.17823825776576996,0.3136247396469116,0.13059504330158234
12,737,0.3440309166908264,0.19964627921581268,0.29820144176483154,0.12552015483379364
12,738,0.3227804899215698,0.1936158686876297,0.254877507686615,0.1360682249069214
12,739,0.35437318682670593,0.21915262937545776,0.26562410593032837,0.1448545753955841
12,740,0.4256541132926941,0.27022871375083923,0.3104177713394165,0.1562914401292801
12,741,0.34704431891441345,0.1988012045621872,0.30269622802734375,0.13582304120063782
12,742,0.29087889194488525,0.16334418952465057,0.2623974680900574,0.11287855356931686
12,743,0.3635716438293457,0.22076208889484406,0.2921344041824341,0.12977898120880127
12,744,0.40955430269241333,0.2589229941368103,0.3029143214225769,0.14732789993286133
12,745,0.3130801320075989,0.18185466527938843,0.2666688561439514,0.12278961390256882
12,746,0.35747256875038147,0.2069731503725052,0.3079725503921509,0.13655205070972443
12,747,0.30354371666908264,0.1750200092792511,0.2622562646865845,0.11810605973005295
12,748,0.35424110293388367,0.21875664591789246,0.276265025138855,0.12489210069179535
12,749,0.3727482259273529,0.22444167733192444,0.29186350107192993,0.1578056812286377
12,750,0.3195474147796631,0.19634230434894562,0.2503734230995178,0.11527867615222931
12,751,0.3492445945739746,0.2204384058713913,0.2536802887916565,0.13667024672031403
12,752,0.36830174922943115,0.22699400782585144,0.285342276096344,0.13585415482521057
12,753,0.31179824471473694,0.17648276686668396,0.2812287211418152,0.11411994695663452
12,754,0.45040571689605713,0.2947295308113098,0.315615177154541,0.14715039730072021
12,755,0.3836517930030823,0.2427988499403,0.2811492085456848,0.14196640253067017
12,756,0.31465771794319153,0.18085311353206635,0.2742881774902344,0.12044672667980194
12,757,0.342644065618515,0.20612649619579315,0.2774137258529663,0.12776032090187073
12,758,0.29376617074012756,0.17230939865112305,0.2401648759841919,0.1269541084766388
12,759,0.27143049240112305,0.15652614831924438,0.22796738147735596,0.11858688294887543
12,760,0.2689986824989319,0.15427279472351074,0.23804610967636108,0.09753726422786713
12,761,0.34494680166244507,0.20461152493953705,0.28118836879730225,0.1392996907234192
12,762,0.33471304178237915,0.19397398829460144,0.2828212380409241,0.13805268704891205
12,763,0.34989598393440247,0.20615972578525543,0.2886665463447571,0.1413482427597046
12,764,0.3168008625507355,0.18183238804340363,0.27584201097488403,0.12315841019153595
12,765,0.33588963747024536,0.18998759984970093,0.29745548963546753,0.1345992088317871
12,766,0.3114776015281677,0.18158435821533203,0.26811420917510986,0.11323774605989456
12,767,0.3466101288795471,0.19910259544849396,0.3115573525428772,0.1144229844212532
12,768,0.3665675222873688,0.21086519956588745,0.3180789351463318,0.1423536241054535
12,769,0.344220906496048,0.2073376476764679,0.27823227643966675,0.12795159220695496
12,770,0.299651563167572,0.1739725023508072,0.25562387704849243,0.1171475276350975
12,771,0.2716677188873291,0.1547876000404358,0.23758190870285034,0.1092366948723793
12,772,0.3175416588783264,0.18669220805168152,0.2594386339187622,0.1353699266910553
12,773,0.3411526083946228,0.1918611079454422,0.30121201276779175,0.14403346180915833
12,774,0.306431382894516,0.16961818933486938,0.2824794054031372,0.11910717189311981
12,775,0.2995623052120209,0.16984190046787262,0.26340407133102417,0.12179389595985413
12,776,0.2996109426021576,0.16970589756965637,0.26750367879867554,0.11451774835586548
12,777,0.32162535190582275,0.18430066108703613,0.28048598766326904,0.1256515085697174
12,778,0.3201887011528015,0.16912800073623657,0.31867384910583496,0.11795583367347717
12,779,0.2993820309638977,0.16726364195346832,0.27305495738983154,0.11448197066783905
12,780,0.29698115587234497,0.16505363583564758,0.27015185356140137,0.119333915412426
13,781,0.3248128890991211,0.188212051987648,0.2740899920463562,0.13482417166233063
13,782,0.32754194736480713,0.19005508720874786,0.27987492084503174,0.12768453359603882
13,783,0.3044060468673706,0.17219597101211548,0.2760252356529236,0.10899995267391205
13,784,0.3293991982936859,0.19863690435886383,0.2606127858161926,0.13258591294288635
13,785,0.3571084439754486,0.21681539714336395,0.2850237488746643,0.1314176768064499
13,786,0.31462743878364563,0.1814776360988617,0.2680078148841858,0.12973342835903168
13,787,0.35130956768989563,0.19748802483081818,0.3212536573410034,0.12660038471221924
13,788,0.2952745258808136,0.1680811643600464,0.25669437646865845,0.12257801741361618
13,789,0.27440911531448364,0.15325656533241272,0.24650561809539795,0.11275149136781693
13,790,0.3504301905632019,0.212310791015625,0.27847808599472046,0.13364075124263763
13,791,0.25673702359199524,0.14559908211231232,0.22428607940673828,0.10711756348609924
13,792,0.33462071418762207,0.1968676894903183,0.2848556637763977,0.11905378103256226
13,793,0.31655094027519226,0.1891814023256302,0.251179039478302,0.13448962569236755
13,794,0.30618882179260254,0.17898066341876984,0.2560576796531677,0.12392547726631165
13,795,0.3151524066925049,0.17253266274929047,0.295948326587677,0.1212020218372345
13,796,0.3121776580810547,0.17731598019599915,0.2723163962364197,0.12967561185359955
13,797,0.32512742280960083,0.18999658524990082,0.2736507058143616,0.1283528059720993
13,798,0.28947898745536804,0.16754047572612762,0.243682861328125,0.12232674658298492
13,799,0.29425695538520813,0.17226415872573853,0.25225746631622314,0.10544905066490173
13,800,0.3334467113018036,0.1947677582502365,0.2820262908935547,0.1293422281742096
13,801,0.2622881829738617,0.14184460043907166,0.24900120496749878,0.10421541333198547
13,802,0.34006553888320923,0.20593149960041046,0.2681093215942383,0.13445159792900085
13,803,0.3538965582847595,0.2234065979719162,0.2616179585456848,0.1292138546705246
13,804,0.3004484474658966,0.16815438866615295,0.27162522077560425,0.1182197853922844
13,805,0.3121623992919922,0.17718744277954102,0.27634555101394653,0.12218368053436279
13,806,0.3091951012611389,0.17891915142536163,0.2639691233634949,0.12344156205654144
13,807,0.2961806654930115,0.1751982718706131,0.24534934759140015,0.1142132431268692
13,808,0.28818464279174805,0.16133756935596466,0.26078200340270996,0.11267146468162537
13,809,0.3188871145248413,0.18960879743099213,0.2597549557685852,0.12688159942626953
13,810,0.29102152585983276,0.1633131057024002,0.26245981454849243,0.11362262070178986
13,811,0.29798224568367004,0.16368211805820465,0.279197096824646,0.11310656368732452
13,812,0.3943118155002594,0.2503760755062103,0.28710734844207764,0.14546388387680054
13,813,0.31255263090133667,0.18292143940925598,0.2542191743850708,0.13971763849258423
13,814,0.29096949100494385,0.16443532705307007,0.2605603337287903,0.11155009269714355
13,815,0.3775775730609894,0.23260337114334106,0.30302590131759644,0.1188192069530487
13,816,0.3425036072731018,0.19687797129154205,0.302179753780365,0.12376871705055237
13,817,0.2887554466724396,0.1604272872209549,0.26467716693878174,0.1122865229845047
13,818,0.31635046005249023,0.18060031533241272,0.2756437659263611,0.1274632215499878
13,819,0.3145820200443268,0.1934632658958435,0.24180543422698975,0.12198282778263092
13,820,0.43569979071617126,0.2748941481113434,0.322562575340271,0.1589031219482422
13,821,0.26744210720062256,0.1463666707277298,0.2513384222984314,0.10270033776760101
13,822,0.2935894727706909,0.16572417318820953,0.2587698698043823,0.12178666889667511
13,823,0.3103436529636383,0.17590224742889404,0.27402275800704956,0.12416147440671921
13,824,0.31599369645118713,0.19121021032333374,0.24943119287490845,0.1250550001859665
13,825,0.31184127926826477,0.18966220319271088,0.2485402226448059,0.11381490528583527
13,826,0.32783743739128113,0.19038119912147522,0.2739488482475281,0.13938358426094055
13,827,0.31824013590812683,0.17276933789253235,0.30353808403015137,0.12027790397405624
13,828,0.2986237704753876,0.1601988822221756,0.2849910259246826,0.12214240431785583
13,829,0.27393633127212524,0.15205299854278564,0.2532855272293091,0.10284558683633804
13,830,0.3440610468387604,0.21138522028923035,0.2666696310043335,0.13003990054130554
13,831,0.2909003496170044,0.16657748818397522,0.2504119873046875,0.12079028785228729
13,832,0.3450828492641449,0.2042158842086792,0.28474247455596924,0.1348498910665512
13,833,0.43915197253227234,0.26015394926071167,0.3695107102394104,0.15596871078014374
13,834,0.3157859146595001,0.19049282371997833,0.2488476037979126,0.1287703812122345
13,835,0.3087446689605713,0.17791198194026947,0.2672799825668335,0.11960338801145554
13,836,0.3640833795070648,0.2209533452987671,0.28584563732147217,0.1439589262008667
13,837,0.3051808178424835,0.18494343757629395,0.23816025257110596,0.12486638128757477
13,838,0.2720908224582672,0.16029010713100433,0.22466647624969482,0.10967062413692474
13,839,0.29798468947410583,0.1642760932445526,0.27732837200164795,0.11388608813285828
13,840,0.29511353373527527,0.16848120093345642,0.256511390209198,0.12013880908489227
14,841,0.31485262513160706,0.18521705269813538,0.2557287812232971,0.13672025501728058
14,842,0.25664836168289185,0.14720365405082703,0.22036957740783691,0.1064842939376831
14,843,0.3249683380126953,0.18523040413856506,0.28338104486465454,0.13192760944366455
14,844,0.28867441415786743,0.16599397361278534,0.2506137490272522,0.11217477172613144
14,845,0.30497729778289795,0.1813720315694809,0.24320346117019653,0.13161946833133698
14,846,0.30999165773391724,0.1826118379831314,0.25233566761016846,0.1322278082370758
14,847,0.3122522830963135,0.18331271409988403,0.2680262327194214,0.10864543914794922
14,848,0.366748571395874,0.2146400362253189,0.3117852807044983,0.13697214424610138
14,849,0.3185657262802124,0.183524951338768,0.27392077445983887,0.12736231088638306
14,850,0.3225247859954834,0.18715940415859222,0.28353267908096313,0.10976151376962662
14,851,0.38305962085723877,0.23659305274486542,0.2855951189994812,0.16114264726638794
14,852,0.28817102313041687,0.1652977168560028,0.249381422996521,0.11560359597206116
14,853,0.2975868284702301,0.17585210502147675,0.24541157484054565,0.11785046011209488
14,854,0.3453206419944763,0.20673057436943054,0.27903544902801514,0.13487935066223145
14,855,0.31566691398620605,0.18222354352474213,0.2704905867576599,0.12623560428619385
14,856,0.34219786524772644,0.19624480605125427,0.29777467250823975,0.13421590626239777
14,857,0.277955025434494,0.1557527631521225,0.24790877103805542,0.115193672478199
14,858,0.28966960310935974,0.16305316984653473,0.2579495906829834,0.11718297004699707
14,859,0.266941636800766,0.15150316059589386,0.23563861846923828,0.10591517388820648
14,860,0.29539647698402405,0.1678314507007599,0.262018620967865,0.11378784477710724
14,861,0.3301036059856415,0.18902507424354553,0.28339308500289917,0.13860641419887543
14,862,0.33393070101737976,0.1978420466184616,0.2716026306152344,0.13723811507225037
14,863,0.42778587341308594,0.26388198137283325,0.32339799404144287,0.1727234572172165
14,864,0.2833820581436157,0.1648631989955902,0.23669970035552979,0.11919490993022919
14,865,0.296013206243515,0.17388631403446198,0.24194413423538208,0.12674610316753387
14,866,0.37523603439331055,0.2211504727602005,0.3133702278137207,0.1436874270439148
14,867,0.3390160799026489,0.20021787285804749,0.2805877923965454,0.13281536102294922
14,868,0.3130919337272644,0.18328624963760376,0.26290011405944824,0.12322816252708435
14,869,0.3162745237350464,0.18619729578495026,0.25372546911239624,0.14293527603149414
14,870,0.3690270781517029,0.2225159853696823,0.2880772352218628,0.15640097856521606
14,871,0.3281819224357605,0.19399523735046387,0.2746896743774414,0.12155409157276154
14,872,0.3062360882759094,0.18221084773540497,0.24734491109848022,0.12543635070323944
14,873,0.2808924913406372,0.16087596118450165,0.24341881275177002,0.11324495077133179
14,874,0.31840401887893677,0.18442535400390625,0.27547603845596313,0.1189412921667099
14,875,0.30183711647987366,0.17818477749824524,0.24930447340011597,0.11965270340442657
14,876,0.3260761797428131,0.1979641616344452,0.25667375326156616,0.1272125244140625
14,877,0.31750744581222534,0.18461032211780548,0.26562488079071045,0.1332358568906784
14,878,0.2949599623680115,0.16241921484470367,0.2803943157196045,0.10191521048545837
14,879,0.30552494525909424,0.1730021983385086,0.2677615284919739,0.127090722322464
14,880,0.33846965432167053,0.1948074996471405,0.293340802192688,0.13162913918495178
14,881,0.2994310259819031,0.18077349662780762,0.23386168479919434,0.12556438148021698
14,882,0.41654685139656067,0.26471590995788574,0.295337975025177,0.1684788316488266
14,883,0.33053189516067505,0.19517002999782562,0.27445483207702637,0.12789961695671082
14,884,0.284098356962204,0.16473723948001862,0.24221283197402954,0.11237995326519012
14,885,0.3017119765281677,0.17832112312316895,0.24954956769943237,0.11785505712032318
14,886,0.2836805284023285,0.16222834587097168,0.2454359531402588,0.11638893187046051
14,887,0.26063457131385803,0.14539512991905212,0.23744738101959229,0.10130244493484497
14,888,0.30886131525039673,0.17790386080741882,0.26486337184906006,0.12506060302257538
14,889,0.30287259817123413,0.1759326159954071,0.2574014663696289,0.11989700049161911
14,890,0.30262652039527893,0.17146886885166168,0.26890045404434204,0.11798743903636932
14,891,0.2768314480781555,0.15903256833553314,0.24170130491256714,0.1055917888879776
14,892,0.3335220515727997,0.20091214776039124,0.2717556357383728,0.11953818798065186
14,893,0.2759852707386017,0.15660786628723145,0.24350333213806152,0.1098804771900177
14,894,0.35251566767692566,0.207819864153862,0.2999228835105896,0.12363332509994507
14,895,0.2912403345108032,0.1656429022550583,0.26172077655792236,0.10454568266868591
14,896,0.2697964012622833,0.15703736245632172,0.2309512495994568,0.10189270973205566
14,897,0.31076058745384216,0.18672221899032593,0.24952828884124756,0.12113527953624725
14,898,0.3187263011932373,0.1865527629852295,0.264453649520874,0.1319604367017746
14,899,0.2837589383125305,0.16668759286403656,0.23845577239990234,0.10844521224498749
14,900,0.2737399935722351,0.16069461405277252,0.22982758283615112,0.1055717021226883
15,901,0.29696059226989746,0.1753644347190857,0.24227005243301392,0.12344060838222504
15,902,0.28750330209732056,0.16734035313129425,0.24119120836257935,0.11843232810497284
15,903,0.33076250553131104,0.19337600469589233,0.28029894828796387,0.1263345330953598
15,904,0.44153013825416565,0.2869843542575836,0.30431389808654785,0.16410107910633087
15,905,0.3726538419723511,0.21783538162708282,0.3090630769729614,0.15596605837345123
15,906,0.2826453447341919,0.15819232165813446,0.25553053617477417,0.11120407283306122
15,907,0.27968645095825195,0.1613370031118393,0.23718810081481934,0.11737115681171417
15,908,0.3188997209072113,0.18926456570625305,0.26011723279953003,0.12794119119644165
15,909,0.2719884216785431,0.1534019112586975,0.24036645889282227,0.11219960451126099
15,910,0.31500867009162903,0.17706365883350372,0.2868991494178772,0.11592666804790497
15,911,0.3244434595108032,0.17560645937919617,0.3067569136619568,0.13067108392715454
15,912,0.2637966573238373,0.1506042182445526,0.2320844531059265,0.10179325193166733
15,913,0.29099246859550476,0.16964241862297058,0.2466307282447815,0.11348874121904373
15,914,0.33559465408325195,0.19704554975032806,0.2837374210357666,0.1252705603837967
15,915,0.3542116582393646,0.21425935626029968,0.2949028015136719,0.1099558174610138
15,916,0.3054264187812805,0.1766996681690216,0.2577391266822815,0.12815555930137634
15,917,0.3411232531070709,0.20128028094768524,0.2756415009498596,0.14793187379837036
15,918,0.3087408244609833,0.1651369035243988,0.30323320627212524,0.11155319213867188
15,919,0.3562324643135071,0.21739035844802856,0.2784680128097534,0.13727456331253052
15,920,0.3005416691303253,0.1753457635641098,0.2548890709877014,0.11620139330625534
15,921,0.2921392619609833,0.16412854194641113,0.2622963786125183,0.11546096950769424
15,922,0.2902030050754547,0.1678590029478073,0.24410492181777954,0.12351015210151672
15,923,0.3209286332130432,0.19311131536960602,0.25045013427734375,0.13818633556365967
15,924,0.28114914894104004,0.16618531942367554,0.23221725225448608,0.11038470268249512
15,925,0.316845566034317,0.18701153993606567,0.26416194438934326,0.12084612250328064
15,926,0.34788230061531067,0.2084023356437683,0.28033560514450073,0.13672854006290436
15,927,0.28754720091819763,0.16941696405410767,0.23759281635284424,0.11546557396650314
15,928,0.2717851400375366,0.1514560729265213,0.2501341700553894,0.10137706249952316
15,929,0.31579625606536865,0.18619291484355927,0.2610965371131897,0.12582364678382874
15,930,0.29968783259391785,0.1732526421546936,0.25691819190979004,0.11833947896957397
15,931,0.30510929226875305,0.1767689287662506,0.25739699602127075,0.1269078552722931
15,932,0.27657628059387207,0.15732383728027344,0.24140816926956177,0.11344583332538605
15,933,0.3018763065338135,0.1681574285030365,0.2753112316131592,0.11797185987234116
15,934,0.28352171182632446,0.16134673357009888,0.24826323986053467,0.11434832960367203
15,935,0.31290796399116516,0.1804783195257187,0.27221882343292236,0.11771059036254883
15,936,0.313309907913208,0.18513838946819305,0.2610093355178833,0.11883881688117981
15,937,0.33591973781585693,0.19223754107952118,0.299652099609375,0.11910680681467056
15,938,0.3575936555862427,0.20439526438713074,0.3134468197822571,0.13909828662872314
15,939,0.30949467420578003,0.17027293145656586,0.2905386686325073,0.11503133177757263
15,940,0.36172571778297424,0.20820538699626923,0.31439507007598877,0.13881149888038635
15,941,0.30151790380477905,0.16979116201400757,0.2714560031890869,0.11572159826755524
15,942,0.25283172726631165,0.14177832007408142,0.22855830192565918,0.09815039485692978
15,943,0.2994152903556824,0.17666609585285187,0.2474154829978943,0.11891496181488037
15,944,0.27524253726005554,0.15905067324638367,0.23164832592010498,0.11766274273395538
15,945,0.31628715991973877,0.18177062273025513,0.27597033977508545,0.12064206600189209
15,946,0.2846086025238037,0.16479423642158508,0.23913729190826416,0.12079716473817825
15,947,0.24979031085968018,0.14153502881526947,0.2171127200126648,0.10705101490020752
15,948,0.3394363522529602,0.19827216863632202,0.27955204248428345,0.14671683311462402
15,949,0.29662880301475525,0.17286176979541779,0.2471049427986145,0.12462522089481354
15,950,0.3369176983833313,0.20528453588485718,0.25895756483078003,0.140250563621521
15,951,0.34543296694755554,0.21249280869960785,0.2698236107826233,0.1250534951686859
15,952,0.2912203073501587,0.16539451479911804,0.2533942461013794,0.12234050035476685
15,953,0.27858665585517883,0.1622304469347,0.23502063751220703,0.11173984408378601
15,954,0.3169620931148529,0.1863892376422882,0.26468193531036377,0.12350033223628998
15,955,0.2800457179546356,0.15796877443790436,0.24768489599227905,0.1150149255990982
15,956,0.35258057713508606,0.21612957119941711,0.28025269508361816,0.12174968421459198
15,957,0.28041887283325195,0.15827202796936035,0.24902474880218506,0.11268460750579834
15,958,0.2914543151855469,0.1714330017566681,0.23733025789260864,0.12544599175453186
15,959,0.29839247465133667,0.17625586688518524,0.23962998390197754,0.13142307102680206
15,960,0.37274813652038574,0.21212466061115265,0.34453004598617554,0.11405734717845917
16,961,0.34309104084968567,0.20091739296913147,0.2914561629295349,0.127955824136734
16,962,0.297911673784256,0.1736806482076645,0.24741977453231812,0.12631544470787048
16,963,0.3007679283618927,0.17434823513031006,0.25798338651657104,0.1161317452788353
16,964,0.3249388337135315,0.18256869912147522,0.29175376892089844,0.12834303081035614
16,965,0.29752328991889954,0.16681575775146484,0.2693873643875122,0.11476290225982666
16,966,0.28687992691993713,0.16696077585220337,0.23593425750732422,0.12772727012634277
16,967,0.2820768356323242,0.16658785939216614,0.23386985063552856,0.1097051203250885
16,968,0.3344971537590027,0.19877004623413086,0.2748990058898926,0.1288374662399292
16,969,0.2981426417827606,0.17326000332832336,0.2515904903411865,0.12123209983110428
16,970,0.26481661200523376,0.14612029492855072,0.24446994066238403,0.10454164445400238
16,971,0.23937579989433289,0.13272421061992645,0.2189406156539917,0.09537668526172638
16,972,0.3073040246963501,0.1725834459066391,0.27419596910476685,0.12521085143089294
16,973,0.266725093126297,0.14962522685527802,0.23839682340621948,0.10870571434497833
16,974,0.31335708498954773,0.1775665581226349,0.27973031997680664,0.11949195712804794
16,975,0.29416996240615845,0.1683274805545807,0.2540944218635559,0.1210235133767128
16,976,0.3025077283382416,0.1763763129711151,0.25188392400741577,0.1268891543149948
16,977,0.35433048009872437,0.2142743021249771,0.2770068049430847,0.14626720547676086
16,978,0.30287966132164,0.1782831847667694,0.2539963126182556,0.1149897649884224
16,979,0.37099316716194153,0.2206801027059555,0.30731886625289917,0.1369275152683258
16,980,0.27557891607284546,0.1510542333126068,0.2563212513923645,0.10998078435659409
16,981,0.3240063190460205,0.191237211227417,0.2673463821411133,0.1291528046131134
16,982,0.3253253698348999,0.18941354751586914,0.27692073583602905,0.12571772933006287
16,983,0.270212322473526,0.15967309474945068,0.2242896556854248,0.10411685705184937
16,984,0.3703663945198059,0.22988520562648773,0.27972114086151123,0.14296367764472961
16,985,0.3221386671066284,0.19139991700649261,0.2537152171134949,0.14626316726207733
16,986,0.2959720492362976,0.17513993382453918,0.2457672357559204,0.1126260831952095
16,987,0.3124610185623169,0.18095527589321136,0.2659544348716736,0.12561970949172974
16,988,0.2785126268863678,0.16197191178798676,0.23568564653396606,0.11133230477571487
16,989,0.2990856170654297,0.17479300498962402,0.2493547797203064,0.12275348603725433
16,990,0.37762215733528137,0.2350727766752243,0.2887117266654968,0.13532336056232452
16,991,0.29072242975234985,0.17099884152412415,0.2411087155342102,0.11640045046806335
16,992,0.30868953466415405,0.17753879725933075,0.2627179026603699,0.13031786680221558
16,993,0.3043297827243805,0.17511889338493347,0.2607229948043823,0.1246083676815033
16,994,0.2883678376674652,0.16913771629333496,0.24128848314285278,0.11357368528842926
16,995,0.32501354813575745,0.19139176607131958,0.26563477516174316,0.13683933019638062
16,996,0.318653404712677,0.18022365868091583,0.28412407636642456,0.12390069663524628
16,997,0.306375652551651,0.1695774793624878,0.2825567126274109,0.11887747049331665
16,998,0.322899729013443,0.18488822877407074,0.28396075963974,0.12213597446680069
16,999,0.3375350832939148,0.21038375794887543,0.24935680627822876,0.13704299926757812
16,1000,0.29871246218681335,0.1704864799976349,0.2559633255004883,0.12920314073562622
16,1001,0.2866571843624115,0.16092708706855774,0.2555215358734131,0.11760737001895905
16,1002,0.3486010730266571,0.20663213729858398,0.27964770793914795,0.1505492627620697
16,1003,0.30434393882751465,0.17587977647781372,0.25560545921325684,0.13110998272895813
16,1004,0.27874815464019775,0.16075828671455383,0.23651796579360962,0.1169133335351944
16,1005,0.2857762277126312,0.16339103877544403,0.24684762954711914,0.11823074519634247
16,1006,0.3350336253643036,0.1887592226266861,0.2970615029335022,0.13724911212921143
16,1007,0.3165278732776642,0.18628059327602386,0.26661163568496704,0.11801320314407349
16,1008,0.254578560590744,0.14550931751728058,0.22228163480758667,0.10078300535678864
16,1009,0.34299951791763306,0.19818724691867828,0.29807811975479126,0.12790511548519135
16,1010,0.2864021062850952,0.1599951684474945,0.25859344005584717,0.11484766006469727
16,1011,0.30052223801612854,0.1850130558013916,0.23144042491912842,0.11466502398252487
16,1012,0.2702683210372925,0.15444588661193848,0.23494631052017212,0.10921953618526459
16,1013,0.3034125864505768,0.17421233654022217,0.2684568762779236,0.10908759385347366
16,1014,0.33394190669059753,0.19395938515663147,0.2900131344795227,0.11988624185323715
16,1015,0.3211383521556854,0.1886468082666397,0.2680150866508484,0.12642759084701538
16,1016,0.34308841824531555,0.19393868744373322,0.30073922872543335,0.1442701667547226
16,1017,0.33227241039276123,0.19602851569652557,0.2724320888519287,0.13635531067848206
16,1018,0.30302366614341736,0.17202945053577423,0.26859694719314575,0.11777716130018234
16,1019,0.28872746229171753,0.1585955172777176,0.2681601047515869,0.11433957517147064
16,1020,0.31526023149490356,0.17956705391407013,0.2823832631111145,0.11369947344064713
17,1021,0.3267199695110321,0.19090338051319122,0.27275562286376953,0.1335717737674713
17,1022,0.3025582432746887,0.17994509637355804,0.24366092681884766,0.12574397027492523
17,1023,0.3214908838272095,0.18638108670711517,0.2744317650794983,0.1266854852437973
17,1024,0.316715270280838,0.18461115658283234,0.26712220907211304,0.1262761950492859
17,1025,0.30180880427360535,0.18021617829799652,0.24659991264343262,0.11476317048072815
17,1026,0.31580182909965515,0.18485668301582336,0.26014649868011475,0.13443274796009064
17,1027,0.3096810281276703,0.17507371306419373,0.27171504497528076,0.1296064704656601
17,1028,0.2781907618045807,0.16107158362865448,0.23733872175216675,0.11091849207878113
17,1029,0.2861194908618927,0.1646956205368042,0.24403244256973267,0.11905445158481598
17,1030,0.3175973892211914,0.18520335853099823,0.2673211097717285,0.12732785940170288
17,1031,0.325032502412796,0.18408606946468353,0.2882997393608093,0.1281326413154602
17,1032,0.2748485803604126,0.15891769528388977,0.23111695051193237,0.11742058396339417
17,1033,0.33323952555656433,0.18827660381793976,0.2991490364074707,0.12651649117469788
17,1034,0.3153284788131714,0.1838066279888153,0.2631151080131531,0.1313791424036026
17,1035,0.2888876497745514,0.16675183176994324,0.2481178641319275,0.11444324254989624
17,1036,0.34963029623031616,0.20220224559307098,0.2994420528411865,0.1382560282945633
17,1037,0.3053635060787201,0.18426328897476196,0.24093294143676758,0.12363526225090027
17,1038,0.2939262092113495,0.1710478961467743,0.24124592542648315,0.1318996548652649
17,1039,0.34394869208335876,0.20290915668010712,0.28128892183303833,0.142619788646698
17,1040,0.3258812427520752,0.18883201479911804,0.2719278335571289,0.14139042794704437
17,1041,0.2942306101322174,0.1713864505290985,0.24722182750701904,0.11977710574865341
17,1042,0.31131982803344727,0.17497894167900085,0.27744537591934204,0.12681369483470917
17,1043,0.2768387198448181,0.15419435501098633,0.24978792667388916,0.113646000623703
17,1044,0.27094507217407227,0.1604825109243393,0.2172461748123169,0.11782053112983704
17,1045,0.3106320798397064,0.18687063455581665,0.2557670474052429,0.1072731614112854
17,1046,0.3226442039012909,0.17825084924697876,0.3060568571090698,0.10985299944877625
17,1047,0.27713364362716675,0.15866871178150177,0.23785096406936646,0.1166226863861084
17,1048,0.3347710371017456,0.20031943917274475,0.2701379060745239,0.13198208808898926
17,1049,0.3190982937812805,0.1758711189031601,0.29780226945877075,0.12053138762712479
17,1050,0.3161228895187378,0.177122563123703,0.2857804298400879,0.12344080954790115
17,1051,0.3494558334350586,0.21183040738105774,0.27175724506378174,0.14461256563663483
17,1052,0.3455895781517029,0.20179565250873566,0.2876724600791931,0.14362475275993347
17,1053,0.28228890895843506,0.1580488383769989,0.2546059489250183,0.11198844015598297
17,1054,0.3671863079071045,0.2207573652267456,0.29784494638442993,0.13645483553409576
17,1055,0.2801891565322876,0.15386530756950378,0.26073455810546875,0.11015014350414276
17,1056,0.28457722067832947,0.1594083160161972,0.25404804944992065,0.11774833500385284
17,1057,0.35356009006500244,0.20280404388904572,0.3056669235229492,0.14244650304317474
17,1058,0.29820331931114197,0.16650977730751038,0.2662240266799927,0.12601950764656067
17,1059,0.26736658811569214,0.1532275676727295,0.22736144065856934,0.11597219109535217
17,1060,0.31900835037231445,0.1893826425075531,0.2578883767127991,0.1323518455028534
17,1061,0.29749852418899536,0.17269229888916016,0.24695605039596558,0.13011899590492249
17,1062,0.26996228098869324,0.15214501321315765,0.23940426111221313,0.11027787625789642
17,1063,0.3274686336517334,0.18959124386310577,0.27776795625686646,0.13385102152824402
17,1064,0.30488520860671997,0.16713783144950867,0.283990740776062,0.12075546383857727
17,1065,0.2745741009712219,0.15867434442043304,0.23311156034469604,0.11327558010816574
17,1066,0.33595985174179077,0.19559025764465332,0.27842438220977783,0.1449991762638092
17,1067,0.2631898522377014,0.1537850797176361,0.21812152862548828,0.11078071594238281
17,1068,0.31580284237861633,0.18257655203342438,0.2692767381668091,0.12757793068885803
17,1069,0.29619473218917847,0.1761782169342041,0.24462741613388062,0.11082760989665985
17,1070,0.2812953591346741,0.1584128886461258,0.24977141618728638,0.11486948281526566
17,1071,0.32780200242996216,0.18551932275295258,0.2879704236984253,0.13547258079051971
17,1072,0.29411566257476807,0.16965198516845703,0.24776750802993774,0.12678346037864685
17,1073,0.3094600439071655,0.18177661299705505,0.25455260276794434,0.12931202352046967
17,1074,0.31138885021209717,0.17989958822727203,0.2629365921020508,0.1315731555223465
17,1075,0.3217236399650574,0.18813000619411469,0.263996422290802,0.13997520506381989
17,1076,0.2759837210178375,0.15414881706237793,0.24881374835968018,0.11154690384864807
17,1077,0.30338022112846375,0.1763351410627365,0.2529860734939575,0.12925323843955994
17,1078,0.31934282183647156,0.17876695096492767,0.28803378343582153,0.126811683177948
17,1079,0.29256054759025574,0.16669729351997375,0.25237953662872314,0.12455712258815765
17,1080,0.3232699930667877,0.1883600503206253,0.26754558086395264,0.13945862650871277
18,1081,0.30824241042137146,0.17968370020389557,0.2605159282684326,0.121761754155159
18,1082,0.29704874753952026,0.17249907553195953,0.24721360206604004,0.12832126021385193
18,1083,0.3920109272003174,0.24187807738780975,0.312505304813385,0.12565360963344574
18,1084,0.330888569355011,0.18918262422084808,0.29699862003326416,0.11453234404325485
18,1085,0.3184828758239746,0.1769683063030243,0.29129236936569214,0.1249881163239479
18,1086,0.2809518873691559,0.16008031368255615,0.24625658988952637,0.11184465885162354
18,1087,0.3702192008495331,0.23053953051567078,0.2737417221069336,0.15091489255428314
18,1088,0.32070955634117126,0.18661214411258698,0.27202892303466797,0.1264292597770691
18,1089,0.3231130838394165,0.1866757869720459,0.2710576057434082,0.14007128775119781
18,1090,0.37082281708717346,0.22894777357578278,0.2959955930709839,0.11738410592079163
18,1091,0.35769692063331604,0.22536492347717285,0.25742465257644653,0.1468106508255005
18,1092,0.30156031250953674,0.18252258002758026,0.23870378732681274,0.11778107285499573
18,1093,0.29824209213256836,0.1761995255947113,0.24545401334762573,0.1193048357963562
18,1094,0.3374048173427582,0.19517266750335693,0.2907226085662842,0.12971550226211548
18,1095,0.353146493434906,0.2110038697719574,0.2847398519515991,0.14123332500457764
18,1096,0.300689160823822,0.17135538160800934,0.25875431299209595,0.12916021049022675
18,1097,0.27965161204338074,0.1545501947402954,0.2564549446105957,0.11259718984365463
18,1098,0.29796338081359863,0.16681748628616333,0.2698060870170593,0.11611731350421906
18,1099,0.3075876533985138,0.1765221208333969,0.26311641931533813,0.1290949285030365
18,1100,0.2959490120410919,0.1731257140636444,0.24676865339279175,0.12057918310165405
18,1101,0.2993702292442322,0.18035297095775604,0.23549431562423706,0.12409757822751999
18,1102,0.2319316565990448,0.13288076221942902,0.2009548544883728,0.09334474802017212
18,1103,0.2666785717010498,0.1517244428396225,0.23175495862960815,0.111260786652565
18,1104,0.32522857189178467,0.18099451065063477,0.29736024141311646,0.12644968926906586
18,1105,0.33710262179374695,0.19211292266845703,0.2959012985229492,0.13314592838287354
18,1106,0.3797266185283661,0.22182655334472656,0.3194676637649536,0.1505650281906128
18,1107,0.32397234439849854,0.1896933764219284,0.26914918422698975,0.13309645652770996
18,1108,0.3075803518295288,0.1806582659482956,0.255382239818573,0.1238459050655365
18,1109,0.32218748331069946,0.19075416028499603,0.26835107803344727,0.12046439945697784
18,1110,0.32147276401519775,0.18803459405899048,0.2730647325515747,0.12106138467788696
18,1111,0.3341853618621826,0.1897946298122406,0.29164719581604004,0.13865923881530762
18,1112,0.27488765120506287,0.16006503999233246,0.23075270652770996,0.11260759830474854
18,1113,0.26810598373413086,0.15036068856716156,0.2403324842453003,0.1080615445971489
18,1114,0.25641220808029175,0.14921943843364716,0.21526706218719482,0.10542967170476913
18,1115,0.31152084469795227,0.17954117059707642,0.2713083028793335,0.11728176474571228
18,1116,0.313551127910614,0.1838100403547287,0.26044052839279175,0.12782442569732666
18,1117,0.3134855628013611,0.17819461226463318,0.27630746364593506,0.12383976578712463
18,1118,0.30709147453308105,0.1695316880941391,0.28522127866744995,0.1173563301563263
18,1119,0.30492210388183594,0.1814950555562973,0.24594610929489136,0.12524312734603882
18,1120,0.2930956482887268,0.1691468358039856,0.2582247853279114,0.10329455137252808
18,1121,0.3111567497253418,0.1925555318593979,0.2351192831993103,0.12276749312877655
18,1122,0.3238946199417114,0.19240064918994904,0.26726001501083374,0.12294970452785492
18,1123,0.310136616230011,0.1921672374010086,0.23731964826583862,0.11520762741565704
18,1124,0.3419398367404938,0.20514580607414246,0.28699737787246704,0.10997533798217773
18,1125,0.296303391456604,0.16780097782611847,0.2657366394996643,0.11103886365890503
18,1126,0.27212557196617126,0.15763583779335022,0.2285165786743164,0.11541542410850525
18,1127,0.3047999143600464,0.17139722406864166,0.26985323429107666,0.12730710208415985
18,1128,0.29303136467933655,0.1614888310432434,0.27227848768234253,0.11315567791461945
18,1129,0.2802232801914215,0.16522608697414398,0.22783172130584717,0.11932247132062912
18,1130,0.34266409277915955,0.20798684656620026,0.2654707431793213,0.14244481921195984
18,1131,0.3064184784889221,0.17684844136238098,0.263849675655365,0.12015077471733093
18,1132,0.32050925493240356,0.19620537757873535,0.2601696848869324,0.10118015110492706
18,1133,0.31457215547561646,0.18858306109905243,0.24426013231277466,0.14142513275146484
18,1134,0.37427181005477905,0.22329998016357422,0.2989659905433655,0.15692707896232605
18,1135,0.36334285140037537,0.21663013100624084,0.29339873790740967,0.14676609635353088
18,1136,0.33384793996810913,0.19523076713085175,0.28218841552734375,0.128709077835083
18,1137,0.31618043780326843,0.18207992613315582,0.2717582583427429,0.12698599696159363
18,1138,0.30108556151390076,0.17689330875873566,0.2537112832069397,0.11353862285614014
18,1139,0.2888145446777344,0.1665663719177246,0.244590163230896,0.12206043303012848
18,1140,0.28382638096809387,0.1617310643196106,0.2464359998703003,0.11760455369949341
19,1141,0.25968673825263977,0.14784587919712067,0.2312300205230713,0.09674428403377533
19,1142,0.30611327290534973,0.1734752357006073,0.26786088943481445,0.12746842205524445
19,1143,0.28103211522102356,0.15628257393836975,0.25477105379104614,0.11420556902885437
19,1144,0.2955366373062134,0.17162086069583893,0.24475860595703125,0.13006161153316498
19,1145,0.29707983136177063,0.18103082478046417,0.2273157835006714,0.1256135255098343
19,1146,0.29772621393203735,0.17679528892040253,0.24649250507354736,0.11166955530643463
19,1147,0.28937849402427673,0.1665397584438324,0.24349677562713623,0.12720000743865967
19,1148,0.2705039978027344,0.15374653041362762,0.23331499099731445,0.11715735495090485
19,1149,0.33919593691825867,0.20327335596084595,0.2703492045402527,0.13891437649726868
19,1150,0.2749063968658447,0.15102921426296234,0.2514817714691162,0.1164223775267601
19,1151,0.26271653175354004,0.15137401223182678,0.2209606170654297,0.11479136347770691
19,1152,0.3391360640525818,0.20628482103347778,0.2668988108634949,0.13045856356620789
19,1153,0.2748590111732483,0.156170055270195,0.2420855164527893,0.10927372425794601
19,1154,0.27739277482032776,0.16004891693592072,0.23652279376983643,0.11367359012365341
19,1155,0.3222263753414154,0.17840391397476196,0.29909104108810425,0.12093017995357513
19,1156,0.2983710467815399,0.1740870624780655,0.255271315574646,0.11087734997272491
19,1157,0.2608765661716461,0.14654642343521118,0.2338307499885559,0.10398922115564346
19,1158,0.32308173179626465,0.18777815997600555,0.2745658755302429,0.12738609313964844
19,1159,0.2705550491809845,0.1525864601135254,0.2436659336090088,0.10251103341579437
19,1160,0.3461929261684418,0.19915561378002167,0.3008792996406555,0.1334279179573059
19,1161,0.30940091609954834,0.18069133162498474,0.2595962882041931,0.12435531616210938
19,1162,0.35968342423439026,0.2172708511352539,0.28141146898269653,0.14923986792564392
19,1163,0.3150867521762848,0.1730125993490219,0.2933812141418457,0.12360823154449463
19,1164,0.31072235107421875,0.1828390508890152,0.2574562430381775,0.12450399249792099
19,1165,0.3185379207134247,0.1816014051437378,0.27831268310546875,0.12805719673633575
19,1166,0.2924565374851227,0.1739141047000885,0.23641228675842285,0.11988759785890579
19,1167,0.26865333318710327,0.15393054485321045,0.23075473308563232,0.11210443824529648
19,1168,0.34833887219429016,0.21373754739761353,0.2672949433326721,0.13841676712036133
19,1169,0.2516898214817047,0.14195840060710907,0.2228880524635315,0.10288102924823761
19,1170,0.34992697834968567,0.19989047944545746,0.313650906085968,0.12288062274456024
19,1171,0.31783410906791687,0.18148089945316315,0.279577374458313,0.12261141836643219
19,1172,0.3159322440624237,0.17461568117141724,0.29473453760147095,0.11711367964744568
19,1173,0.3051134943962097,0.18787071108818054,0.2290935516357422,0.12802673876285553
19,1174,0.3220442533493042,0.18800927698612213,0.27549195289611816,0.11919091641902924
19,1175,0.277464359998703,0.15831144154071808,0.24369758367538452,0.1083693876862526
19,1176,0.3196053206920624,0.19029845297336578,0.2610350251197815,0.12446429580450058
19,1177,0.32936891913414,0.18520349264144897,0.2968919277191162,0.12704332172870636
19,1178,0.2792273163795471,0.16515663266181946,0.2268875241279602,0.1165783554315567
19,1179,0.2844259738922119,0.16423088312149048,0.23880141973495483,0.12337272614240646
19,1180,0.2907012104988098,0.16485963761806488,0.25887542963027954,0.11145701259374619
19,1181,0.31764093041419983,0.18621595203876495,0.2627769708633423,0.1315709501504898
19,1182,0.37416672706604004,0.2302561104297638,0.27887672185897827,0.16179965436458588
19,1183,0.3653038740158081,0.21795977652072906,0.28639984130859375,0.16392076015472412
19,1184,0.2726665139198303,0.155655637383461,0.23431843519210815,0.11641763150691986
19,1185,0.3084934651851654,0.18234603106975555,0.25677692890167236,0.11718329787254333
19,1186,0.25687316060066223,0.1418445110321045,0.23968124389648438,0.09578080475330353
19,1187,0.28692397475242615,0.1635439246892929,0.24647170305252075,0.1239568293094635
19,1188,0.27400684356689453,0.15252387523651123,0.24872291088104248,0.10996907949447632
19,1189,0.25733503699302673,0.1458813101053238,0.22752076387405396,0.10222704708576202
19,1190,0.3112592101097107,0.18717581033706665,0.2504393458366394,0.11953829228878021
19,1191,0.2881152629852295,0.15837635099887848,0.26846879720687866,0.11175685375928879
19,1192,0.34731557965278625,0.20936642587184906,0.27665072679519653,0.13644422590732574
19,1193,0.3065739870071411,0.17936620116233826,0.25211822986602783,0.13180235028266907
19,1194,0.29918915033340454,0.1720397174358368,0.25923997163772583,0.11726724356412888
19,1195,0.275481641292572,0.15467597544193268,0.24755525588989258,0.10891778767108917
19,1196,0.29888632893562317,0.16831909120082855,0.265933632850647,0.12096895277500153
19,1197,0.3551693260669708,0.21072418987751007,0.29217714071273804,0.1378714144229889
19,1198,0.30569833517074585,0.18238121271133423,0.23978209495544434,0.13702139258384705
19,1199,0.2827203869819641,0.16680346429347992,0.22990137338638306,0.11978176981210709
19,1200,0.3339986205101013,0.19657665491104126,0.27554231882095337,0.1360252946615219
20,1201,0.33462071418762207,0.20088084042072296,0.26828843355178833,0.13212254643440247
20,1202,0.3263775408267975,0.19602186977863312,0.25315189361572266,0.14547447860240936
20,1203,0.28807610273361206,0.16820868849754333,0.2390097975730896,0.12131756544113159
20,1204,0.3048471510410309,0.17246024310588837,0.2688789367675781,0.12417659163475037
20,1205,0.3073572814464569,0.17212727665901184,0.2792077660560608,0.11773456633090973
20,1206,0.26032596826553345,0.14877542853355408,0.22479552030563354,0.10816168785095215
20,1207,0.2584332525730133,0.14755667746067047,0.223521888256073,0.1073390394449234
20,1208,0.23318946361541748,0.13611643016338348,0.19467651844024658,0.0960121676325798
20,1209,0.2902701795101166,0.1658603698015213,0.24960893392562866,0.12283119559288025
20,1210,0.2952103912830353,0.1686607301235199,0.25766676664352417,0.1174146831035614
20,1211,0.30085861682891846,0.1732664853334427,0.2537711262702942,0.13041836023330688
20,1212,0.30428948998451233,0.17503944039344788,0.25749528408050537,0.1312597393989563
20,1213,0.31201088428497314,0.18237368762493134,0.26082414388656616,0.12653765082359314
20,1214,0.2827964425086975,0.1656515896320343,0.23530566692352295,0.11511298269033432
20,1215,0.30234193801879883,0.17244939506053925,0.26267009973526,0.12412244081497192
20,1216,0.3192291259765625,0.1937335878610611,0.24353039264678955,0.1404169797897339
20,1217,0.3030555844306946,0.17017661035060883,0.27277249097824097,0.11884988844394684
20,1218,0.292973130941391,0.1732666790485382,0.24097567796707153,0.11658091098070145
20,1219,0.36636462807655334,0.21441565454006195,0.31937915086746216,0.12098650634288788
20,1220,0.2999234199523926,0.17512652277946472,0.25308090448379517,0.11782260239124298
20,1221,0.3052780330181122,0.17999209463596344,0.25146484375,0.12350010126829147
20,1222,0.35408133268356323,0.21784384548664093,0.2731330990791321,0.1349211484193802
20,1223,0.30022186040878296,0.1645006537437439,0.2818424105644226,0.11492116749286652
20,1224,0.3007180392742157,0.18189457058906555,0.23546922206878662,0.12317876517772675
20,1225,0.3303219676017761,0.19251246750354767,0.2787579298019409,0.13153162598609924
20,1226,0.30691275000572205,0.17381583154201508,0.27486902475357056,0.11574660241603851
20,1227,0.25312721729278564,0.143771231174469,0.21888893842697144,0.10900197178125381
20,1228,0.31362301111221313,0.1895826905965805,0.2475629448890686,0.12507575750350952
20,1229,0.28847840428352356,0.16028478741645813,0.2628766894340515,0.11521473526954651
20,1230,0.26948291063308716,0.15651629865169525,0.22650611400604248,0.11182090640068054
20,1231,0.27965372800827026,0.16112735867500305,0.24228930473327637,0.10805316269397736
20,1232,0.33798521757125854,0.19623880088329315,0.28491348028182983,0.1389050930738449
20,1233,0.3239889442920685,0.1848837435245514,0.279299795627594,0.1369263231754303
20,1234,0.30786561965942383,0.18282978236675262,0.24560898542404175,0.13396117091178894
20,1235,0.3016463816165924,0.1783863753080368,0.25049400329589844,0.11531201004981995
20,1236,0.28403371572494507,0.16388729214668274,0.23990404605865479,0.1209239661693573
20,1237,0.3224516212940216,0.17836250364780426,0.29965120553970337,0.12114322185516357
20,1238,0.29372164607048035,0.17328199744224548,0.24235183000564575,0.11749458312988281
20,1239,0.3057829439640045,0.1820298731327057,0.24461466073989868,0.12953589856624603
20,1240,0.31463882327079773,0.1866639405488968,0.2559007406234741,0.12807288765907288
20,1241,0.30977216362953186,0.1841498762369156,0.24740815162658691,0.13329516351222992
20,1242,0.31281235814094543,0.18004289269447327,0.2662507891654968,0.13134564459323883
20,1243,0.2831529378890991,0.15898670256137848,0.2542484998703003,0.11233421415090561
20,1244,0.2894899845123291,0.1654355823993683,0.2528448700904846,0.11458215117454529
20,1245,0.2974824607372284,0.16771510243415833,0.26673442125320435,0.11536787450313568
20,1246,0.257406622171402,0.14473353326320648,0.2288147211074829,0.10573597252368927
20,1247,0.24794423580169678,0.1438484787940979,0.20649492740631104,0.10748891532421112
20,1248,0.28822630643844604,0.16635215282440186,0.25174570083618164,0.10587923973798752
20,1249,0.28639155626296997,0.17236728966236115,0.22440248727798462,0.12131628394126892
20,1250,0.29160210490226746,0.1695273518562317,0.24077439308166504,0.12882497906684875
20,1251,0.30187904834747314,0.18083491921424866,0.2366323471069336,0.13195589184761047
20,1252,0.2995547950267792,0.1720661073923111,0.2580745220184326,0.12129441648721695
20,1253,0.3127857744693756,0.1752476841211319,0.28604358434677124,0.11560335755348206
20,1254,0.26183465123176575,0.15294435620307922,0.21771281957626343,0.10902583599090576
20,1255,0.2450053095817566,0.1352597177028656,0.22367316484451294,0.10138161480426788
20,1256,0.28427955508232117,0.16539618372917175,0.24235045909881592,0.10971586406230927
20,1257,0.3197197914123535,0.18875381350517273,0.2577435374259949,0.1393427848815918
20,1258,0.28650516271591187,0.16077589988708496,0.2594626545906067,0.10972097516059875
20,1259,0.2877143919467926,0.17127595841884613,0.22980499267578125,0.12258222699165344
20,1260,0.2952594757080078,0.16967818140983582,0.2538524270057678,0.12020153552293777
21,1261,0.3268264830112457,0.19583633542060852,0.2572706937789917,0.14040929079055786
21,1262,0.3389921188354492,0.18771213293075562,0.31229567527770996,0.13180844485759735
21,1263,0.2634078562259674,0.1510082632303238,0.22508972883224487,0.11181846261024475
21,1264,0.28200098872184753,0.16209734976291656,0.2437381148338318,0.1120419129729271
21,1265,0.2925316393375397,0.16575407981872559,0.25619494915008545,0.1214979887008667
21,1266,0.3000495135784149,0.17266032099723816,0.2611772418022156,0.11459139734506607
21,1267,0.2764122486114502,0.1591411978006363,0.23526155948638916,0.11583201587200165
21,1268,0.32445794343948364,0.19412928819656372,0.2574160695075989,0.13681118190288544
21,1269,0.27815723419189453,0.15541566908359528,0.25314903259277344,0.1074097752571106
21,1270,0.32844316959381104,0.1923130750656128,0.26650720834732056,0.14763614535331726
21,1271,0.28985369205474854,0.17550435662269592,0.22441893815994263,0.12290886789560318
21,1272,0.32583948969841003,0.17669779062271118,0.3110896348953247,0.12352924793958664
21,1273,0.23826928436756134,0.13061968982219696,0.22232729196548462,0.09359340369701385
21,1274,0.2856425344944,0.15803076326847076,0.2672603130340576,0.10353823006153107
21,1275,0.28729403018951416,0.16855491697788239,0.2369307279586792,0.11983408778905869
21,1276,0.33058398962020874,0.19060790538787842,0.282418429851532,0.13504350185394287
21,1277,0.24143142998218536,0.1320044845342636,0.22407835721969604,0.09897807240486145
21,1278,0.3550669550895691,0.21096938848495483,0.2929959297180176,0.13449591398239136
21,1279,0.29668083786964417,0.16733059287071228,0.26299017667770386,0.12077075242996216
21,1280,0.3010660409927368,0.17781096696853638,0.2509310245513916,0.1144133061170578
21,1281,0.28561079502105713,0.16907693445682526,0.22913652658462524,0.1243961751461029
21,1282,0.27850475907325745,0.16628170013427734,0.22143977880477905,0.11823582649230957
21,1283,0.3363030254840851,0.1977878212928772,0.28063690662384033,0.13130220770835876
21,1284,0.2888651192188263,0.1614968478679657,0.2602893114089966,0.11626266688108444
21,1285,0.359139621257782,0.20747065544128418,0.30716264247894287,0.14401951432228088
21,1286,0.3468345105648041,0.21893584728240967,0.2509616017341614,0.1375700980424881
21,1287,0.3086158037185669,0.17609591782093048,0.27048224210739136,0.12163497507572174
21,1288,0.27825072407722473,0.15558978915214539,0.25112444162368774,0.11105579137802124
21,1289,0.270335853099823,0.1525854915380478,0.24238014221191406,0.10399146378040314
21,1290,0.3043685853481293,0.17872150242328644,0.24804335832595825,0.13214868307113647
21,1291,0.3089268207550049,0.1809343844652176,0.2580673098564148,0.12382756918668747
21,1292,0.2921040952205658,0.16596688330173492,0.2562352418899536,0.11821550130844116
21,1293,0.27116674184799194,0.1592111885547638,0.22603756189346313,0.1077025756239891
21,1294,0.326646625995636,0.19242165982723236,0.2709144949913025,0.12929581105709076
21,1295,0.3343181014060974,0.2016342431306839,0.2568809390068054,0.14965742826461792
21,1296,0.2774431109428406,0.16069366037845612,0.23085421323776245,0.12203891575336456
21,1297,0.30239084362983704,0.1736154705286026,0.2620887756347656,0.11969943344593048
21,1298,0.26872488856315613,0.15506812930107117,0.22938644886016846,0.10951092094182968
21,1299,0.2817956507205963,0.16446076333522797,0.2342802882194519,0.11811396479606628
21,1300,0.2885908782482147,0.16543051600456238,0.2448391318321228,0.1261236071586609
21,1301,0.301325261592865,0.1752856820821762,0.24917984008789062,0.13183818757534027
21,1302,0.28207919001579285,0.16666674613952637,0.2277073860168457,0.1216474175453186
21,1303,0.2956807017326355,0.1732930690050125,0.24760013818740845,0.1167379766702652
21,1304,0.23622632026672363,0.13338686525821686,0.20951807498931885,0.09516110271215439
21,1305,0.2607588469982147,0.14973084628582,0.22370147705078125,0.10773703455924988
21,1306,0.271694153547287,0.1532137095928192,0.2424364686012268,0.10752928256988525
21,1307,0.27299022674560547,0.1566532701253891,0.23667818307876587,0.10832840204238892
21,1308,0.2921658456325531,0.17560015618801117,0.23141509294509888,0.11999829113483429
21,1309,0.32928526401519775,0.1966712474822998,0.2652786374092102,0.13251280784606934
21,1310,0.30547550320625305,0.18745021522045135,0.2380768060684204,0.11397281289100647
21,1311,0.300300657749176,0.16799674928188324,0.27110958099365234,0.11930032074451447
21,1312,0.3248990476131439,0.18113571405410767,0.2934662103652954,0.13188426196575165
21,1313,0.3250615894794464,0.18613041937351227,0.2884777784347534,0.1177002489566803
21,1314,0.3251749277114868,0.1943235993385315,0.2645289897918701,0.12519872188568115
21,1315,0.22827261686325073,0.13017253577709198,0.19869285821914673,0.09311463683843613
21,1316,0.28081774711608887,0.1610805094242096,0.24527323246002197,0.10813964903354645
21,1317,0.2935205399990082,0.1677302122116089,0.25514429807662964,0.11866305768489838
21,1318,0.3117535412311554,0.17919012904167175,0.2677913308143616,0.1272342950105667
21,1319,0.34389129281044006,0.20562097430229187,0.2671216130256653,0.15710827708244324
21,1320,0.3265622556209564,0.19150908291339874,0.27450865507125854,0.12624864280223846
22,1321,0.26967698335647583,0.16164584457874298,0.21576160192489624,0.10863238573074341
22,1322,0.24448074400424957,0.1324722319841385,0.23226261138916016,0.0955173671245575
22,1323,0.32223132252693176,0.17854605615139008,0.2942745089530945,0.12987735867500305
22,1324,0.2987813651561737,0.17372073233127594,0.25138503313064575,0.12253317981958389
22,1325,0.3370967507362366,0.191100612282753,0.30280452966690063,0.12437158823013306
22,1326,0.29612788558006287,0.16492287814617157,0.26707524061203003,0.12187449634075165
22,1327,0.3623766303062439,0.2219248116016388,0.27407658100128174,0.15410581231117249
22,1328,0.32050958275794983,0.19090035557746887,0.25609147548675537,0.1358630657196045
22,1329,0.31826746463775635,0.18837280571460724,0.25826674699783325,0.13293974101543427
22,1330,0.2922867238521576,0.16795791685581207,0.25027114152908325,0.12110172212123871
22,1331,0.27921590209007263,0.1547737717628479,0.2554057240486145,0.11139914393424988
22,1332,0.261545866727829,0.15227243304252625,0.21776819229125977,0.11083081364631653
22,1333,0.28513434529304504,0.16986365616321564,0.22951477766036987,0.1173238456249237
22,1334,0.2851852774620056,0.1684618890285492,0.23251980543136597,0.11857731640338898
22,1335,0.30082187056541443,0.1817242056131363,0.23859745264053345,0.11829347908496857
22,1336,0.3305355906486511,0.1925497204065323,0.2819409966468811,0.12604743242263794
22,1337,0.26747623085975647,0.14715515077114105,0.24803268909454346,0.1055399477481842
22,1338,0.2769883871078491,0.16396570205688477,0.22627002000808716,0.11257338523864746
22,1339,0.28295910358428955,0.15921668708324432,0.25287455320358276,0.11296306550502777
22,1340,0.3206601142883301,0.19140586256980896,0.25869739055633545,0.1288764923810959
22,1341,0.22704154253005981,0.12721388041973114,0.20257771015167236,0.09398290514945984
22,1342,0.32817044854164124,0.19723673164844513,0.2567213773727417,0.1412259042263031
22,1343,0.3099279999732971,0.17408187687397003,0.2761700749397278,0.12689051032066345
22,1344,0.2876696288585663,0.16712088882923126,0.24484610557556152,0.11305154860019684
22,1345,0.2744067907333374,0.15395797789096832,0.2429538369178772,0.11633642017841339
22,1346,0.3242112398147583,0.18672141432762146,0.27520304918289185,0.1370430439710617
22,1347,0.28278517723083496,0.16079871356487274,0.24836444854736328,0.11320345103740692
22,1348,0.27558740973472595,0.16254229843616486,0.22473227977752686,0.11576104164123535
22,1349,0.3288310766220093,0.19388854503631592,0.2704561948776245,0.133800208568573
22,1350,0.3151741921901703,0.18175506591796875,0.2679896950721741,0.13111619651317596
22,1351,0.3348207175731659,0.19765755534172058,0.2738882899284363,0.13803920149803162
22,1352,0.2682923376560211,0.15568561851978302,0.2214488387107849,0.12013598531484604
22,1353,0.276067852973938,0.16078411042690277,0.23207610845565796,0.11226648092269897
22,1354,0.27027609944343567,0.15853291749954224,0.2196255922317505,0.11946474015712738
22,1355,0.30996063351631165,0.1776023656129837,0.26827025413513184,0.12525078654289246
22,1356,0.287393718957901,0.1653493493795395,0.24542754888534546,0.11936679482460022
22,1357,0.30899545550346375,0.18169577419757843,0.2529122829437256,0.13067373633384705
22,1358,0.2886599004268646,0.1713993400335312,0.2276807427406311,0.1309412717819214
22,1359,0.2603835165500641,0.1494060903787613,0.22040915489196777,0.11406884342432022
22,1360,0.32451802492141724,0.19110529124736786,0.2657797336578369,0.13550417125225067
22,1361,0.28966620564460754,0.17166636884212494,0.23061126470565796,0.12877660989761353
22,1362,0.29005828499794006,0.16278177499771118,0.2584300637245178,0.11952229589223862
22,1363,0.3094298243522644,0.1914844512939453,0.23241961002349854,0.12488766014575958
22,1364,0.29852592945098877,0.17579443752765656,0.24951404333114624,0.11462946236133575
22,1365,0.2633628845214844,0.1486838012933731,0.235010027885437,0.10337532311677933
22,1366,0.3014166057109833,0.1715121865272522,0.2662621736526489,0.11699776351451874
22,1367,0.28820350766181946,0.16183707118034363,0.2592254877090454,0.11338121443986893
22,1368,0.2670765519142151,0.15228918194770813,0.23203033208847046,0.10987624526023865
22,1369,0.28508952260017395,0.16210542619228363,0.24839472770690918,0.11813107132911682
22,1370,0.30420559644699097,0.16562606394290924,0.2857608199119568,0.12137606739997864
22,1371,0.33127737045288086,0.19986018538475037,0.25863009691238403,0.1398257166147232
22,1372,0.2587587237358093,0.15164950489997864,0.21062499284744263,0.11429610848426819
22,1373,0.2780555784702301,0.16595496237277985,0.22150444984436035,0.11749421060085297
22,1374,0.28715983033180237,0.16871997714042664,0.24012595415115356,0.11194737255573273
22,1375,0.3166235387325287,0.18427661061286926,0.26922136545181274,0.12329187989234924
22,1376,0.3340875506401062,0.20123976469039917,0.2616844177246094,0.1408701241016388
22,1377,0.27787020802497864,0.16130825877189636,0.23172837495803833,0.11935298144817352
22,1378,0.3587553799152374,0.21833065152168274,0.27051448822021484,0.16109466552734375
22,1379,0.3100568950176239,0.1785617470741272,0.2650054097175598,0.12746500968933105
22,1380,0.2581087350845337,0.14854508638381958,0.21715599298477173,0.11350621283054352
23,1381,0.28758081793785095,0.16396667063236237,0.2507179379463196,0.11663481593132019
23,1382,0.3075868487358093,0.17925091087818146,0.2545310854911804,0.13261742889881134
23,1383,0.27791908383369446,0.1488182097673416,0.27066636085510254,0.10417169332504272
23,1384,0.2888338565826416,0.17351287603378296,0.22899013757705688,0.11862460523843765
23,1385,0.30999526381492615,0.18458232283592224,0.24873870611190796,0.12958724796772003
23,1386,0.3165087401866913,0.17888274788856506,0.2813922166824341,0.125345379114151
23,1387,0.29525110125541687,0.16430263221263885,0.265516459941864,0.12370949238538742
23,1388,0.30541664361953735,0.17020709812641144,0.2864392399787903,0.10316930711269379
23,1389,0.32472971081733704,0.18366073071956635,0.28610366582870483,0.1331375241279602
23,1390,0.2505325973033905,0.14190423488616943,0.21755141019821167,0.10803896933794022
23,1391,0.26035115122795105,0.1469295769929886,0.22804147005081177,0.11102503538131714
23,1392,0.30987781286239624,0.181932270526886,0.25896012783050537,0.1218075156211853
23,1393,0.3057318925857544,0.18092700839042664,0.25353533029556274,0.11695369333028793
23,1394,0.29459863901138306,0.1705804467201233,0.24550217390060425,0.12908659875392914
23,1395,0.28247275948524475,0.1641809493303299,0.23744362592697144,0.11657184362411499
23,1396,0.3120145797729492,0.1887415200471878,0.23782378435134888,0.14071780443191528
23,1397,0.3426307439804077,0.2070865035057068,0.2682257890701294,0.14126956462860107
23,1398,0.28082236647605896,0.1591094583272934,0.24822694063186646,0.11211064457893372
23,1399,0.3315548002719879,0.1968727856874466,0.2708702087402344,0.13166965544223785
23,1400,0.25585517287254333,0.14530757069587708,0.22703629732131958,0.09866534173488617
23,1401,0.3044195771217346,0.17885665595531464,0.24707049131393433,0.13367357850074768
23,1402,0.3143601715564728,0.1804964393377304,0.27155768871307373,0.1262032389640808
23,1403,0.27535146474838257,0.16047847270965576,0.230815589427948,0.11273384839296341
23,1404,0.24900981783866882,0.13994675874710083,0.2210453748703003,0.1032244861125946
23,1405,0.30775871872901917,0.18617664277553558,0.2383056879043579,0.13129907846450806
23,1406,0.30926233530044556,0.18022342026233673,0.25723785161972046,0.13071896135807037
23,1407,0.27652302384376526,0.15387214720249176,0.2530131936073303,0.10722798109054565
23,1408,0.2936401963233948,0.1685369908809662,0.2551078200340271,0.11530037224292755
23,1409,0.2698339521884918,0.14749543368816376,0.2506523132324219,0.11038799583911896
23,1410,0.273032546043396,0.15190495550632477,0.2524547576904297,0.10072839260101318
23,1411,0.3325485289096832,0.19846278429031372,0.2670208811759949,0.1363869309425354
23,1412,0.3422906994819641,0.20673826336860657,0.26957595348358154,0.13861027359962463
23,1413,0.31252342462539673,0.18413245677947998,0.25582605600357056,0.13030272722244263
23,1414,0.27953270077705383,0.16171370446681976,0.23704499006271362,0.11500488966703415
23,1415,0.3110073506832123,0.1914786994457245,0.23408281803131104,0.1294775903224945
23,1416,0.28490960597991943,0.16326171159744263,0.24470245838165283,0.11883454024791718
23,1417,0.3010944724082947,0.17021696269512177,0.26472294330596924,0.12494160234928131
23,1418,0.30213791131973267,0.17366750538349152,0.26044511795043945,0.12146174907684326
23,1419,0.28052303194999695,0.158574640750885,0.24943619966506958,0.11086948961019516
23,1420,0.3047983646392822,0.18027463555335999,0.25111591815948486,0.12038683891296387
23,1421,0.310825377702713,0.18551142513751984,0.2438090443611145,0.13895168900489807
23,1422,0.3351694345474243,0.20777763426303864,0.25356996059417725,0.12981902062892914
23,1423,0.3274029791355133,0.19341808557510376,0.26332348585128784,0.14327754080295563
23,1424,0.32898157835006714,0.1833912581205368,0.3015151619911194,0.12492118775844574
23,1425,0.28982770442962646,0.16019085049629211,0.2647508978843689,0.11868235468864441
23,1426,0.2752213478088379,0.15527336299419403,0.24340075254440308,0.11293848603963852
23,1427,0.2969138026237488,0.17537479102611542,0.24121081829071045,0.1252734661102295
23,1428,0.2694268226623535,0.16082774102687836,0.2139717936515808,0.11505179107189178
23,1429,0.276638388633728,0.1638064682483673,0.2199258804321289,0.12430785596370697
23,1430,0.32055792212486267,0.1805858612060547,0.289240300655365,0.12137970328330994
23,1431,0.2955215573310852,0.1729566603899002,0.24453073740005493,0.1237630844116211
23,1432,0.27261459827423096,0.1617446094751358,0.21728700399398804,0.11977596580982208
23,1433,0.3114854693412781,0.1851082146167755,0.2573751211166382,0.11713598668575287
23,1434,0.2763068675994873,0.1590929925441742,0.23235511779785156,0.12135915458202362
23,1435,0.29872772097587585,0.17628507316112518,0.24544674158096313,0.12131975591182709
23,1436,0.3079550564289093,0.17381568253040314,0.27141255140304565,0.12787175178527832
23,1437,0.2926029860973358,0.16483113169670105,0.264196515083313,0.11046622693538666
23,1438,0.2777808606624603,0.16041935980319977,0.2356829047203064,0.11544164270162582
23,1439,0.2852603495121002,0.1653197854757309,0.23894959688186646,0.1218036413192749
23,1440,0.332584023475647,0.188064843416214,0.2925634980201721,0.13746891915798187
24,1441,0.3019406199455261,0.17771796882152557,0.2537558674812317,0.11360149085521698
24,1442,0.2762998640537262,0.1614774614572525,0.22880005836486816,0.11651191115379333
24,1443,0.31060367822647095,0.18531468510627747,0.24651432037353516,0.13341642916202545
24,1444,0.2982751727104187,0.16801394522190094,0.26360660791397095,0.12409298121929169
24,1445,0.30599942803382874,0.17667177319526672,0.2582061290740967,0.13022595643997192
24,1446,0.2996252179145813,0.17314182221889496,0.25156092643737793,0.12929511070251465
24,1447,0.30861952900886536,0.17422562837600708,0.2748565673828125,0.12225645780563354
24,1448,0.3005577325820923,0.17279060184955597,0.2587072253227234,0.121421217918396
24,1449,0.26820260286331177,0.15759505331516266,0.2232787013053894,0.10648031532764435
24,1450,0.31479981541633606,0.18145018815994263,0.27097201347351074,0.12480410188436508
24,1451,0.3047218322753906,0.18554680049419403,0.23535174131393433,0.1251717209815979
24,1452,0.2746405303478241,0.15582618117332458,0.23880374431610107,0.11646416783332825
24,1453,0.31711244583129883,0.18261078000068665,0.2724906802177429,0.12752702832221985
24,1454,0.28508567810058594,0.1706765741109848,0.22822922468185425,0.11558709293603897
24,1455,0.2816699743270874,0.16011016070842743,0.24606066942214966,0.11567775905132294
24,1456,0.27561473846435547,0.15945279598236084,0.23429864645004272,0.11221242696046829
24,1457,0.3052181303501129,0.1778000146150589,0.2565966248512268,0.12389728426933289
24,1458,0.27503493428230286,0.1547418236732483,0.24766510725021362,0.1061352789402008
24,1459,0.26980912685394287,0.15000788867473602,0.24437975883483887,0.1102467030286789
24,1460,0.32859960198402405,0.1894340068101883,0.2787967324256897,0.1382344365119934
24,1461,0.35785141587257385,0.21828967332839966,0.27723467350006104,0.1433393359184265
24,1462,0.30210167169570923,0.1704946607351303,0.2687535881996155,0.12052792310714722
24,1463,0.26225849986076355,0.14577174186706543,0.23621153831481934,0.11001067608594894
24,1464,0.3064311146736145,0.18503238260746002,0.23732256889343262,0.13234855234622955
24,1465,0.2531810700893402,0.14241431653499603,0.2238600254058838,0.1061137318611145
24,1466,0.2618335783481598,0.15030315518379211,0.22532159090042114,0.1070089042186737
24,1467,0.28923308849334717,0.16479893028736115,0.24732589721679688,0.12751904129981995
24,1468,0.2963672876358032,0.16493478417396545,0.26811617612838745,0.12093006074428558
24,1469,0.26152703166007996,0.1504797637462616,0.22328996658325195,0.10865640640258789
24,1470,0.2953600585460663,0.1733531951904297,0.2411336898803711,0.12776681780815125
24,1471,0.2696104049682617,0.15465198457241058,0.2280297875404358,0.11873248219490051
24,1472,0.2755246162414551,0.15873482823371887,0.23674684762954712,0.11045508086681366
24,1473,0.2943403422832489,0.1679287999868393,0.26222068071365356,0.1076163649559021
24,1474,0.37342920899391174,0.22706416249275208,0.28721773624420166,0.15738974511623383
24,1475,0.28134599328041077,0.1631464660167694,0.23479491472244263,0.12140773981809616
24,1476,0.32587629556655884,0.20216672122478485,0.24543321132659912,0.1276814341545105
24,1477,0.35001006722450256,0.20738670229911804,0.27957820892333984,0.1539604663848877
24,1478,0.31709811091423035,0.17956231534481049,0.28028756380081177,0.1271037757396698
24,1479,0.32830971479415894,0.190913125872612,0.27916932106018066,0.12864428758621216
24,1480,0.27380675077438354,0.1536179482936859,0.24421286582946777,0.1125182956457138
24,1481,0.2867143750190735,0.1712830662727356,0.2275228500366211,0.12211082130670547
24,1482,0.30340591073036194,0.17956142127513885,0.2415940761566162,0.13603439927101135
24,1483,0.30984705686569214,0.18193572759628296,0.2634085416793823,0.11273954063653946
24,1484,0.3041973114013672,0.1767120659351349,0.2540861964225769,0.1292538344860077
24,1485,0.2787386178970337,0.1576191633939743,0.2429962158203125,0.11960484087467194
24,1486,0.28614845871925354,0.1645536571741104,0.24784201383590698,0.11228986829519272
24,1487,0.28183889389038086,0.15792901813983917,0.25500810146331787,0.10953329503536224
24,1488,0.2676546573638916,0.15274395048618317,0.23452341556549072,0.10550668835639954
24,1489,0.27914732694625854,0.16283023357391357,0.23364150524139404,0.11430256068706512
24,1490,0.2906012237071991,0.1704348474740982,0.23653167486190796,0.12776851654052734
24,1491,0.2878258228302002,0.16552327573299408,0.24474674463272095,0.12201917171478271
24,1492,0.30114975571632385,0.173998162150383,0.25713562965393066,0.12148669362068176
24,1493,0.320539265871048,0.18080145120620728,0.2907670736312866,0.11715492606163025
24,1494,0.3189002573490143,0.176802858710289,0.29769760370254517,0.11509177833795547
24,1495,0.3279697597026825,0.18745896220207214,0.2828328013420105,0.1368883103132248
24,1496,0.32716870307922363,0.1802932471036911,0.30114060640335083,0.1320960819721222
24,1497,0.318389356136322,0.1822309046983719,0.27351778745651245,0.13375672698020935
24,1498,0.3201008439064026,0.18592429161071777,0.27366703748703003,0.123548723757267
24,1499,0.3053181767463684,0.17386382818222046,0.27031803131103516,0.1166357547044754
24,1500,0.36866599321365356,0.21113525331020355,0.3216293454170227,0.1443949043750763
25,1501,0.2786594331264496,0.16297213733196259,0.23122042417526245,0.11599551141262054
25,1502,0.301730751991272,0.1766662895679474,0.2507590651512146,0.12380413711071014
25,1503,0.27797016501426697,0.16883938014507294,0.21839183568954468,0.10887020081281662
25,1504,0.3529607951641083,0.21416673064231873,0.2804243564605713,0.1331215798854828
25,1505,0.2814137041568756,0.15539370477199554,0.25720643997192383,0.11568708717823029
25,1506,0.2737571895122528,0.15262816846370697,0.24674957990646362,0.11214597523212433
25,1507,0.3045594394207001,0.17203176021575928,0.27293843030929565,0.11676142364740372
25,1508,0.34958553314208984,0.20673319697380066,0.2810455560684204,0.1521705836057663
25,1509,0.3400436043739319,0.1962270736694336,0.284058153629303,0.15096628665924072
25,1510,0.2957026958465576,0.16588473320007324,0.26528507471084595,0.11851967871189117
25,1511,0.2750313878059387,0.1542159616947174,0.25024843215942383,0.10358025878667831
25,1512,0.2791307866573334,0.15655097365379333,0.24845391511917114,0.11599122732877731
25,1513,0.3179916739463806,0.1828852742910385,0.2724343538284302,0.1306632161140442
25,1514,0.31758612394332886,0.18647731840610504,0.26193010807037354,0.1316838264465332
25,1515,0.27868175506591797,0.15205377340316772,0.2601492404937744,0.11284147202968597
25,1516,0.2928207218647003,0.16320209205150604,0.26664066314697266,0.11481183022260666
25,1517,0.38702279329299927,0.2476465404033661,0.26846927404403687,0.15994271636009216
25,1518,0.26611149311065674,0.1498323529958725,0.23388171195983887,0.11363230645656586
25,1519,0.2537072002887726,0.14462915062904358,0.22055375576019287,0.10428265482187271
25,1520,0.2987514138221741,0.17844721674919128,0.23990660905838013,0.12170784175395966
25,1521,0.2916852831840515,0.1749296933412552,0.22992092370986938,0.12393610924482346
25,1522,0.30932581424713135,0.18213744461536407,0.2539718747138977,0.12799808382987976
25,1523,0.27871373295783997,0.1617654412984848,0.23060381412506104,0.12353373318910599
25,1524,0.3057021200656891,0.1820705235004425,0.24147957563400269,0.13519877195358276
25,1525,0.2419048696756363,0.13653765618801117,0.21276205778121948,0.10131195187568665
25,1526,0.2806486189365387,0.15778212249279022,0.25301593542099,0.10830053687095642
25,1527,0.3255445957183838,0.1980828493833542,0.2495896816253662,0.13812926411628723
25,1528,0.2742299437522888,0.16092179715633392,0.22450321912765503,0.11753430962562561
25,1529,0.2900471091270447,0.1605129987001419,0.26464784145355225,0.11837482452392578
25,1530,0.31444960832595825,0.18502289056777954,0.2524656057357788,0.14220239222049713
25,1531,0.3071333169937134,0.18924202024936676,0.2418869137763977,0.10568263381719589
25,1532,0.2991584837436676,0.17552146315574646,0.24352043867111206,0.13114425539970398
25,1533,0.32835474610328674,0.1962549239397049,0.2609197497367859,0.13865958154201508
25,1534,0.2863836884498596,0.16668613255023956,0.24003666639328003,0.11841447651386261
25,1535,0.3277725875377655,0.19926795363426208,0.2579202651977539,0.12668268382549286
25,1536,0.3504043519496918,0.20795710384845734,0.2888863682746887,0.13446342945098877
25,1537,0.29243355989456177,0.1684931218624115,0.2539013624191284,0.11189936846494675
25,1538,0.27337586879730225,0.15749280154705048,0.23629391193389893,0.10682744532823563
25,1539,0.3116897642612457,0.1892295777797699,0.23799240589141846,0.13631613552570343
25,1540,0.3031246066093445,0.1632174402475357,0.29134517908096313,0.11684559285640717
25,1541,0.289684534072876,0.16752155125141144,0.24628287553787231,0.11824924498796463
25,1542,0.30003055930137634,0.15756775438785553,0.29745662212371826,0.11740068346261978
25,1543,0.3030819296836853,0.17274326086044312,0.2616462707519531,0.12840069830417633
25,1544,0.2649971842765808,0.1538444608449936,0.2234131097793579,0.1089373230934143
25,1545,0.26145192980766296,0.1478055864572525,0.2343757152557373,0.09948034584522247
25,1546,0.27379974722862244,0.1620568037033081,0.21869099140167236,0.12133274972438812
25,1547,0.27226799726486206,0.15849336981773376,0.22847503423690796,0.11192303895950317
25,1548,0.334561824798584,0.1990361362695694,0.27118152379989624,0.1352654993534088
25,1549,0.25485190749168396,0.14259225130081177,0.2275068759918213,0.10628451406955719
25,1550,0.31500253081321716,0.18831020593643188,0.2517701983451843,0.1299213171005249
25,1551,0.283098042011261,0.15852563083171844,0.25347721576690674,0.11590767651796341
25,1552,0.3109165132045746,0.16868995130062103,0.29756611585617065,0.11600056290626526
25,1553,0.27926549315452576,0.15803968906402588,0.24524664878845215,0.11563566327095032
25,1554,0.28038740158081055,0.16472940146923065,0.2295817732810974,0.11912643909454346
25,1555,0.29346412420272827,0.1705794483423233,0.24901610612869263,0.1163911521434784
25,1556,0.2998608648777008,0.18119828402996063,0.23743045330047607,0.11845206469297409
25,1557,0.3104444742202759,0.17909474670886993,0.2594917416572571,0.1377650946378708
25,1558,0.29696935415267944,0.1704619824886322,0.2540584206581116,0.12441997975111008
25,1559,0.2989729940891266,0.1721428483724594,0.2557176947593689,0.12271545082330704
25,1560,0.2779632806777954,0.15865638852119446,0.23889672756195068,0.11874093860387802
26,1561,0.2658023536205292,0.15392251312732697,0.22178363800048828,0.11583195626735687
26,1562,0.2896873652935028,0.1694934070110321,0.23942184448242188,0.12212604284286499
26,1563,0.2666707932949066,0.15402118861675262,0.22237902879714966,0.11848999559879303
26,1564,0.26361435651779175,0.14484326541423798,0.24188435077667236,0.1100868359208107
26,1565,0.27188560366630554,0.15659233927726746,0.2293676733970642,0.11773090809583664
26,1566,0.28060412406921387,0.16376134753227234,0.23325210809707642,0.11770964413881302
26,1567,0.258497029542923,0.14491750299930573,0.23102599382400513,0.10584556311368942
26,1568,0.27545130252838135,0.15306417644023895,0.2518818974494934,0.10817186534404755
26,1569,0.32156795263290405,0.19874465465545654,0.24087786674499512,0.1323607712984085
26,1570,0.2941639721393585,0.17087391018867493,0.24179691076278687,0.132856547832489
26,1571,0.2479781210422516,0.13920946419239044,0.2203633189201355,0.10311661660671234
26,1572,0.281573623418808,0.16092059016227722,0.24401628971099854,0.11523262411355972
26,1573,0.26237571239471436,0.15412019193172455,0.2156583070755005,0.10996101796627045
26,1574,0.291322261095047,0.16685345768928528,0.2486465573310852,0.1250508725643158
26,1575,0.26668256521224976,0.15423478186130524,0.22376197576522827,0.11471489816904068
26,1576,0.2689923346042633,0.1476900577545166,0.24938690662384033,0.10773749649524689
26,1577,0.30310744047164917,0.17681019008159637,0.24710959196090698,0.13726705312728882
26,1578,0.2875637710094452,0.1697818785905838,0.23412370681762695,0.12066204845905304
26,1579,0.26407700777053833,0.14822763204574585,0.23610460758209229,0.10703761875629425
26,1580,0.28395214676856995,0.15987315773963928,0.24832630157470703,0.12374230474233627
26,1581,0.2306249886751175,0.12890024483203888,0.20539218187332153,0.09783931821584702
26,1582,0.2838498651981354,0.15810689330101013,0.255373477935791,0.117967888712883
26,1583,0.25557300448417664,0.14261065423488617,0.2334684133529663,0.09787497669458389
26,1584,0.3114790916442871,0.1773814707994461,0.2738187313079834,0.12285062670707703
26,1585,0.24907845258712769,0.14604060351848602,0.20514130592346191,0.10490667074918747
26,1586,0.28835082054138184,0.1651318073272705,0.2482094168663025,0.11967625468969345
26,1587,0.2906752824783325,0.16399307548999786,0.25684207677841187,0.11972694098949432
26,1588,0.2802720367908478,0.16530251502990723,0.22351497411727905,0.12781769037246704
26,1589,0.2603437304496765,0.15084919333457947,0.21674591302871704,0.11398090422153473
26,1590,0.30406278371810913,0.171894371509552,0.2667062282562256,0.12742960453033447
26,1591,0.28134915232658386,0.1592889130115509,0.2502685785293579,0.10976407676935196
26,1592,0.29935944080352783,0.17033632099628448,0.2586742639541626,0.12776705622673035
26,1593,0.30072277784347534,0.1718631386756897,0.2619090676307678,0.12048004567623138
26,1594,0.34891510009765625,0.2133205682039261,0.27012330293655396,0.13772612810134888
26,1595,0.2898049056529999,0.1720706969499588,0.2326725721359253,0.12332594394683838
26,1596,0.26717010140419006,0.1548094004392624,0.22115379571914673,0.11949588358402252
26,1597,0.294125497341156,0.16363336145877838,0.26690202951431274,0.11865654587745667
26,1598,0.29433318972587585,0.18147674202919006,0.22107303142547607,0.122136190533638
26,1599,0.2870808243751526,0.16154597699642181,0.2564750909805298,0.11472398042678833
26,1600,0.2548035681247711,0.1468454897403717,0.21403884887695312,0.11171270161867142
26,1601,0.27181971073150635,0.1603011041879654,0.22437113523483276,0.10885082185268402
26,1602,0.3551980257034302,0.22173769772052765,0.27565085887908936,0.11599990725517273
26,1603,0.33053159713745117,0.19794732332229614,0.2662675380706787,0.1303863823413849
26,1604,0.23959483206272125,0.1385704129934311,0.20360147953033447,0.09791916608810425
26,1605,0.2625189423561096,0.14119653403759003,0.2481514811515808,0.11030919849872589
26,1606,0.24518443644046783,0.14290547370910645,0.2006971836090088,0.11000041663646698
26,1607,0.24821320176124573,0.14362004399299622,0.21023911237716675,0.10248750448226929
26,1608,0.32491934299468994,0.18651443719863892,0.27871233224868774,0.1345997303724289
26,1609,0.27209246158599854,0.15283417701721191,0.24169844388961792,0.11289452016353607
26,1610,0.35407763719558716,0.21435976028442383,0.270968496799469,0.15665225684642792
26,1611,0.26811257004737854,0.14982463419437408,0.23994654417037964,0.11154656112194061
26,1612,0.3066675066947937,0.18203626573085785,0.24819540977478027,0.1267653852701187
26,1613,0.34845152497291565,0.21598994731903076,0.2573525309562683,0.14760282635688782
26,1614,0.3070020079612732,0.17831332981586456,0.26384514570236206,0.115753173828125
26,1615,0.29423651099205017,0.17824970185756683,0.22677916288375854,0.12637576460838318
26,1616,0.3287331163883209,0.1992291957139969,0.2515988349914551,0.14432194828987122
26,1617,0.30837252736091614,0.186660498380661,0.24627381563186646,0.11601248383522034
26,1618,0.27409663796424866,0.16188432276248932,0.21881729364395142,0.12342701852321625
26,1619,0.2847582995891571,0.16368213295936584,0.242218017578125,0.12094482779502869
26,1620,0.2780042886734009,0.15954455733299255,0.23819971084594727,0.11589919030666351
27,1621,0.26598039269447327,0.14977051317691803,0.2347676157951355,0.1115141361951828
27,1622,0.285562127828598,0.16857020556926727,0.22815650701522827,0.1286466419696808
27,1623,0.29807358980178833,0.17397618293762207,0.2479773759841919,0.12453232705593109
27,1624,0.2749007046222687,0.14474226534366608,0.27231621742248535,0.10615980625152588
27,1625,0.34765204787254333,0.2107388973236084,0.27169328927993774,0.1411791294813156
27,1626,0.28567618131637573,0.1619989424943924,0.25054407119750977,0.11729806661605835
27,1627,0.2832225263118744,0.16714362800121307,0.22792738676071167,0.12453974783420563
27,1628,0.25868338346481323,0.1483052521944046,0.2203342318534851,0.11122217774391174
27,1629,0.2907876670360565,0.16582360863685608,0.2551385760307312,0.11454307287931442
27,1630,0.27508318424224854,0.1543460637331009,0.24522918462753296,0.11322729289531708
27,1631,0.2590174973011017,0.1469419002532959,0.22662532329559326,0.10712726414203644
27,1632,0.31206008791923523,0.1886013001203537,0.24351531267166138,0.1302632987499237
27,1633,0.2780008316040039,0.14830434322357178,0.2696976065635681,0.10908730328083038
27,1634,0.2643930912017822,0.1549920290708542,0.21422946453094482,0.11854627728462219
27,1635,0.2822432518005371,0.16569563746452332,0.22798985242843628,0.12675832211971283
27,1636,0.30139443278312683,0.17194528877735138,0.2588028311729431,0.12964007258415222
27,1637,0.27415552735328674,0.15452183783054352,0.2407403588294983,0.11668767035007477
27,1638,0.2934759855270386,0.16671331226825714,0.2578102946281433,0.11819273233413696
27,1639,0.2736852765083313,0.16190113127231598,0.21663498878479004,0.1256508082151413
27,1640,0.30088552832603455,0.17098984122276306,0.2616114020347595,0.12625566124916077
27,1641,0.3426656424999237,0.20238249003887177,0.27300673723220825,0.1554023027420044
27,1642,0.2526349723339081,0.14525502920150757,0.21184563636779785,0.11320846527814865
27,1643,0.2743319272994995,0.15766064822673798,0.23363816738128662,0.11608003824949265
27,1644,0.29216015338897705,0.16492865979671478,0.25573718547821045,0.12468311190605164
27,1645,0.26112833619117737,0.15156784653663635,0.2167690396308899,0.11426438391208649
27,1646,0.3372015655040741,0.19428355991840363,0.2898958921432495,0.1347983479499817
27,1647,0.29388269782066345,0.1768772155046463,0.22730165719985962,0.13042409718036652
27,1648,0.331509530544281,0.18893319368362427,0.286060631275177,0.1407603919506073
27,1649,0.28075486421585083,0.16798362135887146,0.22180253267288208,0.12025117874145508
27,1650,0.2524682879447937,0.14813055098056793,0.20579570531845093,0.1100972518324852
27,1651,0.2574903666973114,0.1478927880525589,0.22103583812713623,0.10591631382703781
27,1652,0.2981607913970947,0.17037883400917053,0.2570805549621582,0.12474865466356277
27,1653,0.2875414192676544,0.1648717224597931,0.24811798334121704,0.11711253225803375
27,1654,0.2796248197555542,0.15472333133220673,0.2544505000114441,0.11560647189617157
27,1655,0.36135318875312805,0.21035510301589966,0.30455905199050903,0.14587241411209106
27,1656,0.2509705126285553,0.14410434663295746,0.21307283639907837,0.10818509757518768
27,1657,0.27114537358283997,0.15468314290046692,0.23220324516296387,0.1179046630859375
27,1658,0.27212634682655334,0.15768595039844513,0.2274063229560852,0.11738932877779007
27,1659,0.25362446904182434,0.14408554136753082,0.2181178331375122,0.11145895719528198
27,1660,0.3287019729614258,0.1939610242843628,0.26520389318466187,0.14329704642295837
27,1661,0.29822373390197754,0.16803708672523499,0.26581406593322754,0.11930502951145172
27,1662,0.29450199007987976,0.16759167611598969,0.25551390647888184,0.1235237792134285
27,1663,0.3306783139705658,0.19345471262931824,0.27219390869140625,0.14173012971878052
27,1664,0.27770882844924927,0.15070809423923492,0.26391422748565674,0.10717519372701645
27,1665,0.29947248101234436,0.17621374130249023,0.24647969007492065,0.12333443015813828
27,1666,0.2669770121574402,0.1538008451461792,0.22920691967010498,0.10746707022190094
27,1667,0.28318479657173157,0.16104671359062195,0.24338287115097046,0.12392465770244598
27,1668,0.2505760192871094,0.13910222053527832,0.2269688844680786,0.10343125462532043
27,1669,0.30482304096221924,0.17704562842845917,0.25185805559158325,0.13517090678215027
27,1670,0.2987442910671234,0.18086478114128113,0.22927188873291016,0.13085384666919708
27,1671,0.29270437359809875,0.1704109162092209,0.24714481830596924,0.11717771738767624
27,1672,0.26427850127220154,0.15002945065498352,0.23012256622314453,0.11100006103515625
27,1673,0.29621127247810364,0.17051860690116882,0.2486029863357544,0.13125728070735931
27,1674,0.2857593595981598,0.16708272695541382,0.23941344022750854,0.11455625295639038
27,1675,0.2516481280326843,0.1439284235239029,0.21621650457382202,0.10616562515497208
27,1676,0.2524634599685669,0.1474594920873642,0.21042704582214355,0.10416580736637115
27,1677,0.269220232963562,0.15437115728855133,0.2319047451019287,0.11043588817119598
27,1678,0.26174309849739075,0.15331988036632538,0.2180355191230774,0.10604506731033325
27,1679,0.29236629605293274,0.15817125141620636,0.2827044725418091,0.10556628555059433
27,1680,0.31016767024993896,0.18482010066509247,0.24396777153015137,0.1388022005558014
28,1681,0.3323418200016022,0.20075508952140808,0.2551661729812622,0.1476012021303177
28,1682,0.2746425271034241,0.15311145782470703,0.25223231315612793,0.10319073498249054
28,1683,0.2739572823047638,0.1607034057378769,0.22383958101272583,0.11859012395143509
28,1684,0.28876835107803345,0.1592692881822586,0.26673418283462524,0.1140269860625267
28,1685,0.2879581153392792,0.16768954694271088,0.24247664213180542,0.11638949811458588
28,1686,0.2596012353897095,0.1486968696117401,0.22289413213729858,0.10873351991176605
28,1687,0.33265915513038635,0.18484565615653992,0.30175256729125977,0.1355622112751007
28,1688,0.2518589496612549,0.14509671926498413,0.21123409271240234,0.11134292185306549
28,1689,0.2972342073917389,0.16766159236431122,0.26051563024520874,0.12683182954788208
28,1690,0.2916530966758728,0.17398154735565186,0.23463207483291626,0.11909359693527222
28,1691,0.32364383339881897,0.18492303788661957,0.27853167057037354,0.13654063642024994
28,1692,0.27463042736053467,0.15835614502429962,0.23021197319030762,0.12094755470752716
28,1693,0.26452264189720154,0.14982229471206665,0.23488616943359375,0.10372936725616455
28,1694,0.3124288320541382,0.17719432711601257,0.27550965547561646,0.12515325844287872
28,1695,0.29767006635665894,0.17670558393001556,0.23762255907058716,0.1295771598815918
28,1696,0.2966011166572571,0.17708194255828857,0.24312126636505127,0.11135337501764297
28,1697,0.2690066695213318,0.155209481716156,0.22852236032485962,0.11194132268428802
28,1698,0.254803866147995,0.1516958773136139,0.2064608931541443,0.10261817276477814
28,1699,0.29805105924606323,0.16516071557998657,0.2776205539703369,0.10921065509319305
28,1700,0.3244682252407074,0.18658706545829773,0.2807910442352295,0.1278235912322998
28,1701,0.29600605368614197,0.1815718412399292,0.22680789232254028,0.11855529993772507
28,1702,0.28811782598495483,0.16687960922718048,0.24263834953308105,0.12091447412967682
28,1703,0.27147573232650757,0.15215662121772766,0.2440342903137207,0.10852692276239395
28,1704,0.27010083198547363,0.15389083325862885,0.2334425449371338,0.11416500806808472
28,1705,0.23816928267478943,0.13229437172412872,0.21536487340927124,0.09864477813243866
28,1706,0.2818905711174011,0.16248859465122223,0.23987185955047607,0.11726617813110352
28,1707,0.2951943874359131,0.1749250739812851,0.2376192808151245,0.12610787153244019
28,1708,0.27434995770454407,0.15634258091449738,0.2384316325187683,0.11317361891269684
28,1709,0.2511826753616333,0.13742193579673767,0.23394352197647095,0.10091669112443924
28,1710,0.35767990350723267,0.2149897664785385,0.2852681279182434,0.14291441440582275
28,1711,0.299530953168869,0.18644839525222778,0.2234775424003601,0.11845771968364716
28,1712,0.2971196174621582,0.17631179094314575,0.24194538593292236,0.1201484277844429
28,1713,0.3215300738811493,0.18467605113983154,0.27174633741378784,0.1407773196697235
28,1714,0.2840794622898102,0.15922409296035767,0.257631778717041,0.1090133786201477
28,1715,0.28323766589164734,0.16808520257472992,0.23404771089553833,0.10766689479351044
28,1716,0.3183663785457611,0.18300937116146088,0.28179794549942017,0.11318906396627426
28,1717,0.2656607925891876,0.1562773883342743,0.21719926595687866,0.11251850426197052
28,1718,0.3094528019428253,0.18072213232517242,0.2567221522331238,0.1302090585231781
28,1719,0.37315186858177185,0.22181281447410583,0.2989901304244995,0.15871493518352509
28,1720,0.283528596162796,0.16390569508075714,0.23758476972579956,0.12294504046440125
28,1721,0.27697184681892395,0.15682850778102875,0.24343842267990112,0.1138397753238678
28,1722,0.31928199529647827,0.1858741194009781,0.2650909423828125,0.1368575394153595
28,1723,0.24583496153354645,0.12990811467170715,0.2424185872077942,0.09479709714651108
28,1724,0.2960166037082672,0.17613135278224945,0.23685717582702637,0.12571187317371368
28,1725,0.2743038833141327,0.1611558347940445,0.22409862279891968,0.11754301190376282
28,1726,0.2890544533729553,0.16640734672546387,0.24370533227920532,0.12582476437091827
28,1727,0.33139199018478394,0.20146216452121735,0.25192147493362427,0.1458061933517456
28,1728,0.2625034749507904,0.1478380262851715,0.23059505224227905,0.11213710159063339
28,1729,0.27978742122650146,0.15911778807640076,0.24445205926895142,0.11444397270679474
28,1730,0.2732510566711426,0.15354199707508087,0.24003159999847412,0.11848218739032745
28,1731,0.26346784830093384,0.15456418693065643,0.2125834822654724,0.11935129761695862
28,1732,0.3077410161495209,0.17795632779598236,0.25751209259033203,0.13389934599399567
28,1733,0.3083350360393524,0.1770591139793396,0.26245689392089844,0.13146579265594482
28,1734,0.2891390919685364,0.16082514822483063,0.26379942893981934,0.11397097259759903
28,1735,0.24245354533195496,0.1423386186361313,0.19754654169082642,0.10548162460327148
28,1736,0.2739172875881195,0.15342269837856293,0.24469894170761108,0.11307507753372192
28,1737,0.29437005519866943,0.16841918230056763,0.24974024295806885,0.13027386367321014
28,1738,0.26345017552375793,0.14555318653583527,0.24329036474227905,0.10290423035621643
28,1739,0.26900553703308105,0.1502707451581955,0.24331730604171753,0.10703939199447632
28,1740,0.2658330202102661,0.13992439210414886,0.26255279779434204,0.10443747043609619
29,1741,0.26751643419265747,0.1523951292037964,0.2306993007659912,0.11420783400535583
29,1742,0.27935072779655457,0.1592525988817215,0.24368685483932495,0.11311700940132141
29,1743,0.2915060818195343,0.17190103232860565,0.2336367964744568,0.1307516247034073
29,1744,0.35613715648651123,0.2183830589056015,0.26401764154434204,0.16073526442050934
29,1745,0.25574615597724915,0.1511467695236206,0.2025349736213684,0.11792699992656708
29,1746,0.25228503346443176,0.14304660260677338,0.22210204601287842,0.10198801755905151
29,1747,0.2938024401664734,0.18286161124706268,0.21535921096801758,0.12398569285869598
29,1748,0.2802262604236603,0.1608465313911438,0.23884665966033936,0.11920525133609772
29,1749,0.26170265674591064,0.14357715845108032,0.2425680160522461,0.10549147427082062
29,1750,0.27272462844848633,0.15304139256477356,0.2432968020439148,0.11182248592376709
29,1751,0.300420343875885,0.17020411789417267,0.26092231273651123,0.12923665344715118
29,1752,0.27746492624282837,0.16189338266849518,0.22919809818267822,0.11946149170398712
29,1753,0.2757965922355652,0.15600377321243286,0.24010837078094482,0.11874736845493317
29,1754,0.3191751539707184,0.18625177443027496,0.26155322790145874,0.14151057600975037
29,1755,0.2776109278202057,0.1622607707977295,0.22708511352539062,0.12258049845695496
29,1756,0.2970910966396332,0.17146643996238708,0.251517653465271,0.1250879168510437
29,1757,0.31969526410102844,0.19771352410316467,0.23753267526626587,0.13484330475330353
29,1758,0.314972460269928,0.18301227688789368,0.2608456611633301,0.13810966908931732
29,1759,0.3142973780632019,0.1876245141029358,0.2504372000694275,0.13248999416828156
29,1760,0.32403478026390076,0.19060929119586945,0.2637976408004761,0.139532208442688
29,1761,0.35526254773139954,0.20326866209506989,0.30806809663772583,0.14383336901664734
29,1762,0.2667948305606842,0.1558494120836258,0.22138553857803345,0.11195598542690277
29,1763,0.2764846682548523,0.15932491421699524,0.24097228050231934,0.1038542166352272
29,1764,0.2343422770500183,0.13755549490451813,0.19078338146209717,0.10236711800098419
29,1765,0.2577069401741028,0.1503537893295288,0.21326690912246704,0.11023189127445221
29,1766,0.29679062962532043,0.18025772273540497,0.23136061429977417,0.11994326114654541
29,1767,0.3466358482837677,0.20076394081115723,0.2910428047180176,0.1472739279270172
29,1768,0.2631716728210449,0.15280978381633759,0.21774154901504517,0.11632639914751053
29,1769,0.28408119082450867,0.17121300101280212,0.2202121615409851,0.12391653656959534
29,1770,0.3060162663459778,0.1769934445619583,0.258320152759552,0.12847384810447693
29,1771,0.26930326223373413,0.1544337421655655,0.23070693016052246,0.11293379962444305
29,1772,0.2740490436553955,0.14615334570407867,0.2656412720680237,0.10819603502750397
29,1773,0.2964053750038147,0.16599535942077637,0.266962468624115,0.11812500655651093
29,1774,0.2905919849872589,0.16723686456680298,0.24615925550460815,0.12445709109306335
29,1775,0.25936147570610046,0.14822949469089508,0.22246074676513672,0.11073844134807587
29,1776,0.30528724193573,0.17437471449375153,0.26657915115356445,0.12140438705682755
29,1777,0.2530529797077179,0.14644747972488403,0.21054530143737793,0.11193698644638062
29,1778,0.2770983874797821,0.15762639045715332,0.24038821458816528,0.11658351123332977
29,1779,0.3082857131958008,0.18074525892734528,0.25274741649627686,0.13220742344856262
29,1780,0.24849849939346313,0.1480766236782074,0.19963622093200684,0.1028369665145874
29,1781,0.2955210506916046,0.16670991480350494,0.2612939476966858,0.12146780639886856
29,1782,0.2574000358581543,0.1470882147550583,0.22231096029281616,0.10693712532520294
29,1783,0.293873131275177,0.17737892270088196,0.22325509786605835,0.13596083223819733
29,1784,0.3292640149593353,0.1914750635623932,0.27667224407196045,0.1356002688407898
29,1785,0.23921215534210205,0.12656962871551514,0.23336917161941528,0.09647426009178162
29,1786,0.24721886217594147,0.13911756873130798,0.21656417846679688,0.10737814009189606
29,1787,0.2882225811481476,0.16247893869876862,0.2520904541015625,0.12453731894493103
29,1788,0.23454363644123077,0.13128559291362762,0.20907855033874512,0.0981331467628479
29,1789,0.3197406232357025,0.18832503259181976,0.26140934228897095,0.13425925374031067
29,1790,0.29617244005203247,0.16609150171279907,0.26198214292526245,0.12644034624099731
29,1791,0.26481109857559204,0.15320636332035065,0.2228885293006897,0.11224662512540817
29,1792,0.2643931210041046,0.14217111468315125,0.2527462840080261,0.10561754554510117
29,1793,0.2991848587989807,0.1703818440437317,0.2626238465309143,0.11876726150512695
29,1794,0.29684215784072876,0.1657535880804062,0.2676827907562256,0.1200772076845169
29,1795,0.2865200936794281,0.1514338105916977,0.28375667333602905,0.10791806876659393
29,1796,0.27702596783638,0.14736983180046082,0.26950472593307495,0.10927127301692963
29,1797,0.29290997982025146,0.16490255296230316,0.26044124364852905,0.11915452778339386
29,1798,0.3064466118812561,0.1811850666999817,0.2454966902732849,0.13531434535980225
29,1799,0.3107021450996399,0.18264301121234894,0.2559015154838562,0.12849263846874237
29,1800,0.30202117562294006,0.1735919862985611,0.25551432371139526,0.13111726939678192
30,1801,0.33206239342689514,0.19234734773635864,0.278661847114563,0.1412515938282013
30,1802,0.25651493668556213,0.1463439166545868,0.21889036893844604,0.11307427287101746
30,1803,0.26805034279823303,0.15528257191181183,0.22659319639205933,0.11065244674682617
30,1804,0.3298634886741638,0.1920996755361557,0.272693932056427,0.14343109726905823
30,1805,0.309952974319458,0.17881803214550018,0.26410508155822754,0.12746445834636688
30,1806,0.2996869683265686,0.17160765826702118,0.2549061179161072,0.13058426976203918
30,1807,0.31620311737060547,0.18694858253002167,0.257624089717865,0.13102439045906067
30,1808,0.27224284410476685,0.15587230026721954,0.23326367139816284,0.11532534658908844
30,1809,0.27031460404396057,0.1527828723192215,0.24152451753616333,0.10460957884788513
30,1810,0.29165369272232056,0.1686735898256302,0.24805372953414917,0.11879308521747589
30,1811,0.28200507164001465,0.15603813529014587,0.26019179821014404,0.10945111513137817
30,1812,0.3117830455303192,0.17978820204734802,0.26933085918426514,0.12131249159574509
30,1813,0.3010252118110657,0.16419385373592377,0.28327929973602295,0.11759825050830841
30,1814,0.2811586856842041,0.16483859717845917,0.2314680814743042,0.11866415292024612
30,1815,0.2999628186225891,0.17740614712238312,0.24162226915359497,0.12953880429267883
30,1816,0.2694995105266571,0.15288834273815155,0.233012855052948,0.11703019589185715
30,1817,0.26755794882774353,0.15249544382095337,0.23494887351989746,0.10541481524705887
30,1818,0.363900750875473,0.21509070694446564,0.2976664900779724,0.14871731400489807
30,1819,0.2846359610557556,0.15553197264671326,0.26536422967910767,0.11479142308235168
30,1820,0.364377498626709,0.21565967798233032,0.2949902415275574,0.15360860526561737
30,1821,0.2621830105781555,0.15263190865516663,0.2189125418663025,0.10993048548698425
30,1822,0.2743808925151825,0.1559164971113205,0.23919528722763062,0.11393146216869354
30,1823,0.2539941668510437,0.14639431238174438,0.21669799089431763,0.10460338741540909
30,1824,0.30419355630874634,0.18057715892791748,0.24437546730041504,0.12933112680912018
30,1825,0.2764689028263092,0.15892522037029266,0.23675715923309326,0.11420416831970215
30,1826,0.270684152841568,0.1509886533021927,0.24313974380493164,0.11219793558120728
30,1827,0.27775582671165466,0.15341724455356598,0.2542790174484253,0.11313489824533463
30,1828,0.29347532987594604,0.17169158160686493,0.24570375680923462,0.11751116067171097
30,1829,0.34755006432533264,0.21684543788433075,0.26318222284317017,0.12715858221054077
30,1830,0.2934209108352661,0.16915899515151978,0.2485051155090332,0.1242993175983429
30,1831,0.25102126598358154,0.1432913988828659,0.21768951416015625,0.10327032208442688
30,1832,0.29133421182632446,0.16722825169563293,0.24992311000823975,0.12068367749452591
30,1833,0.31317827105522156,0.18311098217964172,0.2593858242034912,0.1315646767616272
30,1834,0.2948951721191406,0.17856331169605255,0.23370361328125,0.11425208300352097
30,1835,0.34096014499664307,0.2083376795053482,0.2609727382659912,0.1411668360233307
30,1836,0.28428253531455994,0.16537238657474518,0.23800307512283325,0.11854451894760132
30,1837,0.26687806844711304,0.14517764747142792,0.2523355484008789,0.10383102297782898
30,1838,0.2984066605567932,0.17338283360004425,0.2455538511276245,0.13401144742965698
30,1839,0.30348774790763855,0.16769571602344513,0.28144729137420654,0.11606554687023163
30,1840,0.2514510452747345,0.144205242395401,0.21473175287246704,0.10676544904708862
30,1841,0.25366663932800293,0.14347165822982788,0.22077727317810059,0.1094202995300293
30,1842,0.29458653926849365,0.16789698600769043,0.2523343563079834,0.12877905368804932
30,1843,0.28074681758880615,0.16370943188667297,0.22849959135055542,0.12818771600723267
30,1844,0.29124370217323303,0.16945499181747437,0.24254947900772095,0.12384464591741562
30,1845,0.28189265727996826,0.16191989183425903,0.2427462935447693,0.11437112838029861
30,1846,0.2660769522190094,0.1558479219675064,0.22033023834228516,0.11048472672700882
30,1847,0.29748132824897766,0.17131873965263367,0.2528800368309021,0.12505273520946503
30,1848,0.3012554943561554,0.17800605297088623,0.24274224042892456,0.13076269626617432
30,1849,0.28717169165611267,0.16440315544605255,0.2486954927444458,0.11645174026489258
30,1850,0.3133266270160675,0.1807316094636917,0.26825350522994995,0.12646806240081787
30,1851,0.26874613761901855,0.16317367553710938,0.2038125991821289,0.12023702263832092
30,1852,0.29627951979637146,0.1615993082523346,0.27990370988845825,0.11359357833862305
30,1853,0.2319793701171875,0.12840501964092255,0.2097873091697693,0.09829716384410858
30,1854,0.2922734320163727,0.16135790944099426,0.26859360933303833,0.11739027500152588
30,1855,0.2645522356033325,0.15316376090049744,0.2192816138267517,0.118379145860672
30,1856,0.2867513597011566,0.16856807470321655,0.2332594394683838,0.12439754605293274
30,1857,0.2698155343532562,0.14564745128154755,0.256804883480072,0.10723073780536652
30,1858,0.2510918974876404,0.1428253948688507,0.22037172317504883,0.10058906674385071
30,1859,0.31894904375076294,0.1816420704126358,0.27823561429977417,0.13006359338760376
30,1860,0.29416191577911377,0.17047598958015442,0.2464626431465149,0.1255042552947998
31,1861,0.2879027724266052,0.15711800754070282,0.2694600820541382,0.11500358581542969
31,1862,0.29167822003364563,0.1665731817483902,0.2505826950073242,0.12435983866453171
31,1863,0.31692737340927124,0.18607038259506226,0.2579876184463501,0.13830971717834473
31,1864,0.29628288745880127,0.1620178520679474,0.27537065744400024,0.12058381736278534
31,1865,0.2968660295009613,0.1785126030445099,0.2285768985748291,0.13461336493492126
31,1866,0.276893675327301,0.15204119682312012,0.25394123792648315,0.11637981235980988
31,1867,0.3545260429382324,0.2077140510082245,0.2971145510673523,0.1398307979106903
31,1868,0.31644126772880554,0.18273313343524933,0.2690284252166748,0.13048379123210907
31,1869,0.25135406851768494,0.1440722495317459,0.21599078178405762,0.10442747920751572
31,1870,0.34719493985176086,0.20289485156536102,0.2993808388710022,0.12273874878883362
31,1871,0.28080087900161743,0.16327914595603943,0.23624193668365479,0.11512471735477448
31,1872,0.26620930433273315,0.15205629169940948,0.23171627521514893,0.10733242332935333
31,1873,0.2614581286907196,0.14776583015918732,0.22696709632873535,0.11452731490135193
31,1874,0.2953311502933502,0.1806563138961792,0.2263699769973755,0.12063431739807129
31,1875,0.2417324036359787,0.13572946190834045,0.2156599760055542,0.09869477152824402
31,1876,0.2824550271034241,0.16011452674865723,0.2460286021232605,0.11964535713195801
31,1877,0.2876642942428589,0.16793720424175262,0.2335389256477356,0.13155758380889893
31,1878,0.25678732991218567,0.14711715281009674,0.2171022891998291,0.11414630711078644
31,1879,0.28349679708480835,0.15730232000350952,0.25689172744750977,0.11718904972076416
31,1880,0.27497607469558716,0.16136813163757324,0.22075074911117554,0.12653818726539612
31,1881,0.26723411679267883,0.15006135404109955,0.23591536283493042,0.11403306573629379
31,1882,0.2746054232120514,0.15949198603630066,0.22920620441436768,0.11715474724769592
31,1883,0.2898133099079132,0.16488805413246155,0.24836421012878418,0.12789779901504517
31,1884,0.3076203167438507,0.17409344017505646,0.27140796184539795,0.12481853365898132
31,1885,0.297049880027771,0.170480415225029,0.2545279264450073,0.12379133701324463
31,1886,0.32912009954452515,0.190841406583786,0.27315109968185425,0.1450912058353424
31,1887,0.3114961087703705,0.18254879117012024,0.2530473470687866,0.13864195346832275
31,1888,0.25175750255584717,0.14316144585609436,0.21439629793167114,0.11418763548135757
31,1889,0.27837496995925903,0.16096745431423187,0.23332291841506958,0.12039163708686829
31,1890,0.2607612907886505,0.1503230482339859,0.21976196765899658,0.11266721785068512
31,1891,0.3612689971923828,0.2016720473766327,0.3251033425331116,0.14777806401252747
31,1892,0.2836051881313324,0.15557067096233368,0.2644766569137573,0.11121928691864014
31,1893,0.25712040066719055,0.14861835539340973,0.21498000621795654,0.11255031824111938
31,1894,0.2989633083343506,0.17090289294719696,0.25425660610198975,0.13178879022598267
31,1895,0.28661033511161804,0.16584716737270355,0.2392534613609314,0.12530899047851562
31,1896,0.2448563128709793,0.13536283373832703,0.22223025560379028,0.10300685465335846
31,1897,0.26633220911026,0.15042361617088318,0.23139047622680664,0.1167619600892067
31,1898,0.26954635977745056,0.15164253115653992,0.2378210425376892,0.1138770580291748
31,1899,0.2896311581134796,0.16954125463962555,0.23569321632385254,0.12906315922737122
31,1900,0.2524555027484894,0.14239764213562012,0.22287815809249878,0.10453292727470398
31,1901,0.2987796664237976,0.1717221736907959,0.25351983308792114,0.1282476782798767
31,1902,0.2819710075855255,0.16260547935962677,0.2349359393119812,0.12695586681365967
31,1903,0.25544482469558716,0.14584554731845856,0.2210717797279358,0.10585281997919083
31,1904,0.2799306809902191,0.16006016731262207,0.23870772123336792,0.12193714827299118
31,1905,0.259853333234787,0.15038487315177917,0.21762806177139282,0.11208619177341461
31,1906,0.25848841667175293,0.15091563761234283,0.2110181450843811,0.11582763493061066
31,1907,0.2805340886116028,0.16083607077598572,0.23719757795333862,0.12409497797489166
31,1908,0.30620813369750977,0.17691218852996826,0.2567164897918701,0.13304683566093445
31,1909,0.29094240069389343,0.1630270779132843,0.2589206099510193,0.1217353492975235
31,1910,0.30449268221855164,0.16336525976657867,0.29559755325317383,0.11444199830293655
31,1911,0.27348965406417847,0.15784120559692383,0.2308485507965088,0.11654505133628845
31,1912,0.2810022830963135,0.16490857303142548,0.23328202962875366,0.11390441656112671
31,1913,0.26044580340385437,0.1515703797340393,0.21833527088165283,0.10770653933286667
31,1914,0.2577682435512543,0.14260374009609222,0.2363874912261963,0.1030474603176117
31,1915,0.3103982210159302,0.17068378627300262,0.2854316830635071,0.12770870327949524
31,1916,0.3066950738430023,0.1775769740343094,0.25994521379470825,0.12570002675056458
31,1917,0.2538745701313019,0.13831426203250885,0.2381894588470459,0.10142268985509872
31,1918,0.27204757928848267,0.1574130356311798,0.226279616355896,0.12061344087123871
31,1919,0.26277613639831543,0.1504831314086914,0.2276599407196045,0.10614514350891113
31,1920,0.27934956550598145,0.15301141142845154,0.26007080078125,0.11154915392398834
32,1921,0.28057050704956055,0.14821726083755493,0.2763156294822693,0.10913488268852234
32,1922,0.2641405761241913,0.14949746429920197,0.23020797967910767,0.11279961466789246
32,1923,0.31810417771339417,0.18840599060058594,0.25199007987976074,0.14451071619987488
32,1924,0.2650800049304962,0.15096515417099,0.23003464937210083,0.11050494015216827
32,1925,0.2676883935928345,0.16294273734092712,0.2065005898475647,0.11072716861963272
32,1926,0.3109310269355774,0.18729236721992493,0.24427032470703125,0.1296526938676834
32,1927,0.31020262837409973,0.1824275702238083,0.2567526698112488,0.1253698766231537
32,1928,0.2864064872264862,0.1697530746459961,0.23082804679870605,0.1216108500957489
32,1929,0.29752323031425476,0.17833629250526428,0.23433244228363037,0.12726977467536926
32,1930,0.32506129145622253,0.19930516183376312,0.24590975046157837,0.13696125149726868
32,1931,0.2260943502187729,0.12447044253349304,0.20934045314788818,0.08943864703178406
32,1932,0.2945934236049652,0.1756799966096878,0.23151808977127075,0.13153086602687836
32,1933,0.3029889166355133,0.18003535270690918,0.2507530450820923,0.11326181888580322
32,1934,0.28660184144973755,0.16549214720726013,0.24443084001541138,0.11668676882982254
32,1935,0.29397398233413696,0.162409245967865,0.2710513472557068,0.1157209500670433
32,1936,0.28221815824508667,0.16158732771873474,0.2418944239616394,0.11936536431312561
32,1937,0.3001551628112793,0.1780259907245636,0.24634063243865967,0.11796452105045319
32,1938,0.261591374874115,0.1461779922246933,0.23270976543426514,0.11164741218090057
32,1939,0.29792529344558716,0.16487503051757812,0.27228736877441406,0.1206766813993454
32,1940,0.2817937135696411,0.15625916421413422,0.25871729850769043,0.11023825407028198
32,1941,0.28835225105285645,0.1567850410938263,0.2730857729911804,0.1116645410656929
32,1942,0.310200959444046,0.17407561838626862,0.28594088554382324,0.10874494910240173
32,1943,0.2990362048149109,0.16955159604549408,0.2598381042480469,0.12774674594402313
32,1944,0.2897197902202606,0.16812320053577423,0.2456842064857483,0.11661458015441895
32,1945,0.2844693660736084,0.1669086366891861,0.23267579078674316,0.12245215475559235
32,1946,0.24785247445106506,0.1398337185382843,0.2170531153678894,0.10598745197057724
32,1947,0.2915225028991699,0.16921843588352203,0.2440168857574463,0.12348653376102448
32,1948,0.27089640498161316,0.15923145413398743,0.22226053476333618,0.1138036698102951
32,1949,0.2545739412307739,0.15022940933704376,0.20737522840499878,0.10697212815284729
32,1950,0.32110661268234253,0.18664343655109406,0.26563525199890137,0.14104537665843964
32,1951,0.32087910175323486,0.17784316837787628,0.29352235794067383,0.1281348615884781
32,1952,0.26913708448410034,0.1527792364358902,0.23316913843154907,0.11545099318027496
32,1953,0.24945522844791412,0.13577142357826233,0.23268985748291016,0.10303929448127747
32,1954,0.281540185213089,0.1532408893108368,0.26536548137664795,0.11076553165912628
32,1955,0.32215771079063416,0.18277893960475922,0.28331321477890015,0.13026739656925201
32,1956,0.294603168964386,0.16816356778144836,0.2606961131095886,0.11080584675073624
32,1957,0.31410667300224304,0.18438388407230377,0.2580369710922241,0.1325400322675705
32,1958,0.2775004208087921,0.15173393487930298,0.2591608762741089,0.11051078140735626
32,1959,0.2841116189956665,0.17053283751010895,0.22471022605895996,0.11847340315580368
32,1960,0.2948724925518036,0.16901567578315735,0.25231486558914185,0.12465425580739975
32,1961,0.2582409381866455,0.1501455008983612,0.21615874767303467,0.10815957188606262
32,1962,0.34503817558288574,0.20014145970344543,0.2871297597885132,0.15022403001785278
32,1963,0.29141196608543396,0.15981629490852356,0.26983046531677246,0.11831745505332947
32,1964,0.24648791551589966,0.14166218042373657,0.2098320722579956,0.10446450859308243
32,1965,0.2567000985145569,0.13327564299106598,0.25923967361450195,0.09864288568496704
32,1966,0.29699841141700745,0.17586062848567963,0.23670154809951782,0.13228574395179749
32,1967,0.24125105142593384,0.13791155815124512,0.20646220445632935,0.10377302765846252
32,1968,0.30705147981643677,0.17513352632522583,0.26489198207855225,0.12980584800243378
32,1969,0.2854883074760437,0.16110675036907196,0.25332123041152954,0.11526531726121902
32,1970,0.28760433197021484,0.17032237350940704,0.22983527183532715,0.12673921883106232
32,1971,0.2533092498779297,0.14005227386951447,0.22837549448013306,0.10953393578529358
32,1972,0.2881114184856415,0.1656092405319214,0.24516159296035767,0.12218771874904633
32,1973,0.3026139736175537,0.1741059422492981,0.25504058599472046,0.13245889544487
32,1974,0.31982123851776123,0.189681276679039,0.25953739881515503,0.13162487745285034
32,1975,0.26464328169822693,0.151987224817276,0.2275572419166565,0.10816578567028046
32,1976,0.25774967670440674,0.14588546752929688,0.22443437576293945,0.1104523167014122
32,1977,0.276064395904541,0.1648097187280655,0.21779865026474,0.12067621201276779
32,1978,0.2532183527946472,0.14799782633781433,0.21139925718307495,0.10330404341220856
32,1979,0.31754595041275024,0.18244774639606476,0.27283984422683716,0.12981127202510834
32,1980,0.29043927788734436,0.16454048454761505,0.24989551305770874,0.12970302999019623
33,1981,0.2929621934890747,0.16373194754123688,0.26655304431915283,0.11304517090320587
33,1982,0.2919541597366333,0.15783123672008514,0.27776873111724854,0.11507724225521088
33,1983,0.27761319279670715,0.1660383641719818,0.2223140001296997,0.1132461428642273
33,1984,0.33396053314208984,0.19264455139636993,0.28430992364883423,0.1379600316286087
33,1985,0.29476070404052734,0.17405737936496735,0.24097764492034912,0.12156131863594055
33,1986,0.25901731848716736,0.14684604108333588,0.22974717617034912,0.10136206448078156
33,1987,0.3306151032447815,0.18672190606594086,0.28893131017684937,0.1416032910346985
33,1988,0.3176744878292084,0.18542985618114471,0.2655709385871887,0.13008132576942444
33,1989,0.261004239320755,0.14558756351470947,0.2371569275856018,0.10276949405670166
33,1990,0.24966098368167877,0.14140549302101135,0.21721559762954712,0.10684625804424286
33,1991,0.2812229096889496,0.15992310643196106,0.2445865273475647,0.11732598394155502
33,1992,0.27596962451934814,0.16175426542758942,0.22565484046936035,0.11976726353168488
33,1993,0.2701745927333832,0.1574808657169342,0.22395503520965576,0.11555847525596619
33,1994,0.30824559926986694,0.1766476333141327,0.2631707787513733,0.13164818286895752
33,1995,0.30423611402511597,0.17577914893627167,0.25594931840896606,0.13038617372512817
33,1996,0.2887989282608032,0.16262894868850708,0.25468719005584717,0.12147544324398041
33,1997,0.2727559804916382,0.15985265374183655,0.22276908159255981,0.11897844076156616
33,1998,0.2953835725784302,0.17031611502170563,0.2480388879776001,0.12925952672958374
33,1999,0.3168918788433075,0.1802077442407608,0.27241700887680054,0.13858658075332642
33,2000,0.2654164135456085,0.15229710936546326,0.2264975905418396,0.1126013696193695
33,2001,0.3021968901157379,0.16657382249832153,0.27947938442230225,0.11915657669305801
33,2002,0.24764694273471832,0.14178061485290527,0.2115936279296875,0.10614434629678726
33,2003,0.2960524260997772,0.179215669631958,0.22829973697662354,0.1275843381881714
33,2004,0.3433513343334198,0.19629840552806854,0.2946915030479431,0.1458815634250641
33,2005,0.29767799377441406,0.16176632046699524,0.28052204847335815,0.11851423978805542
33,2006,0.23442868888378143,0.13636039197444916,0.19423049688339233,0.10188053548336029
33,2007,0.2516189217567444,0.14668086171150208,0.21005237102508545,0.10458554327487946
33,2008,0.2940561771392822,0.16883279383182526,0.25024551153182983,0.12562589347362518
33,2009,0.2864529490470886,0.1651642620563507,0.2430882453918457,0.12026698887348175
33,2010,0.2752160131931305,0.15689127147197723,0.2385355830192566,0.11455248296260834
33,2011,0.27609145641326904,0.15482789278030396,0.24493515491485596,0.11644747853279114
33,2012,0.2425653487443924,0.14253811538219452,0.1999737024307251,0.10018874704837799
33,2013,0.2813379764556885,0.15986208617687225,0.24273681640625,0.12190572917461395
33,2014,0.30131539702415466,0.1738814115524292,0.2546233534812927,0.1279231756925583
33,2015,0.33610159158706665,0.20164749026298523,0.2668646574020386,0.13854122161865234
33,2016,0.25727853178977966,0.14471612870693207,0.23012572526931763,0.10256054997444153
33,2017,0.2837516963481903,0.16208964586257935,0.24163883924484253,0.1250324845314026
33,2018,0.2756754755973816,0.16215278208255768,0.22397470474243164,0.11966411769390106
33,2019,0.2870429754257202,0.1627456694841385,0.2485148310661316,0.12445684522390366
33,2020,0.267974853515625,0.14329847693443298,0.257318913936615,0.10874398052692413
33,2021,0.3041619658470154,0.18247529864311218,0.23855704069137573,0.13131923973560333
33,2022,0.25021037459373474,0.1358497440814972,0.23469680547714233,0.10240960866212845
33,2023,0.253501296043396,0.14724276959896088,0.21158546209335327,0.10812165588140488
33,2024,0.29421180486679077,0.16107630729675293,0.273723304271698,0.11823084950447083
33,2025,0.2707633674144745,0.1599045991897583,0.21696799993515015,0.12035780400037766
33,2026,0.29819101095199585,0.17389856278896332,0.24431473016738892,0.1328328251838684
33,2027,0.3206840753555298,0.18837237358093262,0.2612314820289612,0.1390955150127411
33,2028,0.2885805666446686,0.1602451652288437,0.25945764780044556,0.12276168167591095
33,2029,0.28495335578918457,0.17188148200511932,0.22261309623718262,0.12013322860002518
33,2030,0.2274123728275299,0.13087837398052216,0.19416773319244385,0.09433445334434509
33,2031,0.242459237575531,0.14345890283584595,0.19589966535568237,0.10320229083299637
33,2032,0.31461241841316223,0.17218956351280212,0.29204779863357544,0.12801876664161682
33,2033,0.29526206851005554,0.15944115817546844,0.2799590229988098,0.11918655782938004
33,2034,0.3029196262359619,0.17414450645446777,0.2615578770637512,0.12075997143983841
33,2035,0.31636011600494385,0.1878737211227417,0.2528929114341736,0.13664610683918
33,2036,0.3026363253593445,0.17408931255340576,0.25653934478759766,0.12965629994869232
33,2037,0.30023765563964844,0.17111927270889282,0.2689563035964966,0.10767938941717148
33,2038,0.2698917090892792,0.15922234952449799,0.2163882851600647,0.12057021260261536
33,2039,0.26581454277038574,0.14867694675922394,0.240636944770813,0.10441415011882782
33,2040,0.2913517653942108,0.17031799256801605,0.2395612597465515,0.1260463297367096
34,2041,0.2847437560558319,0.16600975394248962,0.23987597227096558,0.11391797661781311
34,2042,0.27628427743911743,0.1645733267068863,0.22387152910232544,0.11081171780824661
34,2043,0.24593578279018402,0.144417867064476,0.20431441068649292,0.0989607572555542
34,2044,0.2740653455257416,0.15371961891651154,0.24176627397537231,0.11819618940353394
34,2045,0.3300524950027466,0.1958155781030655,0.2617843747138977,0.14761584997177124
34,2046,0.31177476048469543,0.1837281435728073,0.2578384280204773,0.12455632537603378
34,2047,0.252937912940979,0.1436869204044342,0.2235131859779358,0.09922868013381958
34,2048,0.2698306143283844,0.15766234695911407,0.22467041015625,0.11150053143501282
34,2049,0.25121328234672546,0.140248104929924,0.22695696353912354,0.1009119525551796
34,2050,0.2914365231990814,0.1575213372707367,0.2767322063446045,0.11611144244670868
34,2051,0.3219147324562073,0.1963644176721573,0.24294161796569824,0.14186826348304749
34,2052,0.2641666829586029,0.1430644541978836,0.24929922819137573,0.1069127544760704
34,2053,0.29876643419265747,0.17149128019809723,0.2543451189994812,0.12768550217151642
34,2054,0.27433469891548157,0.15068507194519043,0.25315719842910767,0.11193379759788513
34,2055,0.30500808358192444,0.17743262648582458,0.25532329082489014,0.127230703830719
34,2056,0.31075185537338257,0.17232932150363922,0.2830267548561096,0.1260591298341751
34,2057,0.2541930079460144,0.14710135757923126,0.21104449033737183,0.11336924135684967
34,2058,0.24234557151794434,0.13996772468090057,0.2082458734512329,0.09539753198623657
34,2059,0.2644772231578827,0.1550101488828659,0.2180221676826477,0.11129099875688553
34,2060,0.3348734676837921,0.1970517635345459,0.27233874797821045,0.14443105459213257
34,2061,0.2918355464935303,0.1707194447517395,0.24427813291549683,0.11702414602041245
34,2062,0.3024708330631256,0.18124665319919586,0.23684799671173096,0.1324249505996704
34,2063,0.25251874327659607,0.14699581265449524,0.21017712354660034,0.1072603166103363
34,2064,0.3164345622062683,0.18682241439819336,0.2544247508049011,0.13921131193637848
34,2065,0.25685518980026245,0.14701958000659943,0.22189223766326904,0.10539346933364868
34,2066,0.2887299954891205,0.16539908945560455,0.24657487869262695,0.12350479513406754
34,2067,0.26031315326690674,0.1446399986743927,0.23616838455200195,0.1060289591550827
34,2068,0.29763877391815186,0.16700297594070435,0.2656031847000122,0.12197263538837433
34,2069,0.28176939487457275,0.16466155648231506,0.22969740629196167,0.12614430487155914
34,2070,0.26369497179985046,0.15311254560947418,0.21726363897323608,0.11838474869728088
34,2071,0.2681092321872711,0.15539756417274475,0.22132861614227295,0.12090105563402176
34,2072,0.26899656653404236,0.154074564576149,0.231512188911438,0.11158568412065506
34,2073,0.24593611061573029,0.14379209280014038,0.19915556907653809,0.11240895092487335
34,2074,0.2820395231246948,0.16496677696704865,0.23579639196395874,0.11377102136611938
34,2075,0.3000706434249878,0.17853495478630066,0.23641043901443481,0.13485759496688843
34,2076,0.29506799578666687,0.1638922393321991,0.26907533407211304,0.11772811412811279
34,2077,0.352630078792572,0.2107694149017334,0.2866899371147156,0.13592353463172913
34,2078,0.28752583265304565,0.16478435695171356,0.24891895055770874,0.11586950719356537
34,2079,0.2716936469078064,0.1572609841823578,0.22791939973831177,0.11632444709539413
34,2080,0.25142452120780945,0.14444728195667267,0.2164798378944397,0.1019265204668045
34,2081,0.3092394173145294,0.19153378903865814,0.23111003637313843,0.12630800902843475
34,2082,0.31691887974739075,0.17703266441822052,0.28580933809280396,0.12781250476837158
34,2083,0.27200454473495483,0.16015686094760895,0.22488826513290405,0.10946184396743774
34,2084,0.2361646294593811,0.13520346581935883,0.20137864351272583,0.10204848647117615
34,2085,0.24707379937171936,0.14224672317504883,0.2077101469039917,0.10871508717536926
34,2086,0.28232407569885254,0.16350184381008148,0.2418174147605896,0.11047637462615967
34,2087,0.29606232047080994,0.16700153052806854,0.26023125648498535,0.12484154105186462
34,2088,0.25976085662841797,0.14497144520282745,0.23284876346588135,0.1082494705915451
34,2089,0.23698271811008453,0.13670974969863892,0.20264017581939697,0.09608449041843414
34,2090,0.27840057015419006,0.16535787284374237,0.22417879104614258,0.11685600876808167
34,2091,0.2913774251937866,0.17139792442321777,0.2363266944885254,0.12724415957927704
34,2092,0.2836292088031769,0.1600310504436493,0.2506827116012573,0.11662524938583374
34,2093,0.27282845973968506,0.15953166782855988,0.22490769624710083,0.11666864156723022
34,2094,0.27464500069618225,0.15732289850711823,0.23200011253356934,0.12261031568050385
34,2095,0.33849307894706726,0.2022692859172821,0.26794636249542236,0.14522629976272583
34,2096,0.25641384720802307,0.148185133934021,0.21668750047683716,0.10776858031749725
34,2097,0.25606098771095276,0.14188547432422638,0.23169749975204468,0.10748255252838135
34,2098,0.3059377074241638,0.17937594652175903,0.2511276602745056,0.13055354356765747
34,2099,0.2726191580295563,0.1632230132818222,0.2119694948196411,0.12304169684648514
34,2100,0.26989731192588806,0.15054556727409363,0.2444169521331787,0.10792484879493713
35,2101,0.2806679308414459,0.16317342221736908,0.23084044456481934,0.1257915496826172
35,2102,0.27156147360801697,0.15555278956890106,0.23024743795394897,0.11954861134290695
35,2103,0.27810338139533997,0.15947677195072174,0.2364332675933838,0.12026653438806534
35,2104,0.2550261318683624,0.1411750614643097,0.23224800825119019,0.10475936532020569
35,2105,0.25338083505630493,0.13158981502056122,0.2534494996070862,0.1020561009645462
35,2106,0.3066585958003998,0.17518918216228485,0.2618217468261719,0.13370352983474731
35,2107,0.3114452660083771,0.18571323156356812,0.24156981706619263,0.14552059769630432
35,2108,0.3111376464366913,0.17770178616046906,0.2702636122703552,0.1266520917415619
35,2109,0.26961666345596313,0.15796542167663574,0.22016268968582153,0.1179308295249939
35,2110,0.2629094123840332,0.15036578476428986,0.22457599639892578,0.113566093146801
35,2111,0.2822269797325134,0.15985442698001862,0.24600756168365479,0.11984764039516449
35,2112,0.2303161770105362,0.12809014320373535,0.20531564950942993,0.10049889981746674
35,2113,0.25001972913742065,0.13755129277706146,0.22871333360671997,0.10491552948951721
35,2114,0.3123070001602173,0.18338629603385925,0.25611412525177,0.13237516582012177
35,2115,0.28490251302719116,0.16437076032161713,0.23899626731872559,0.12466621398925781
35,2116,0.3667111396789551,0.20874622464179993,0.31851714849472046,0.15279021859169006
35,2117,0.30329179763793945,0.17356248199939728,0.26291579008102417,0.12281513214111328
35,2118,0.2862889766693115,0.16419562697410583,0.2473413348197937,0.11578404158353806
35,2119,0.26536789536476135,0.1528216451406479,0.2221444845199585,0.11844232678413391
35,2120,0.24879568815231323,0.14216160774230957,0.21686869859695435,0.09943296015262604
35,2121,0.24980378150939941,0.14904196560382843,0.20087909698486328,0.10205088555812836
35,2122,0.29040956497192383,0.1620076298713684,0.2592167854309082,0.12357612699270248
35,2123,0.30302757024765015,0.17693737149238586,0.2556828260421753,0.11908531188964844
35,2124,0.3119843006134033,0.19750861823558807,0.2228841781616211,0.12661011517047882
35,2125,0.2878072261810303,0.1669641137123108,0.23952454328536987,0.12516649067401886
35,2126,0.25227078795433044,0.14499405026435852,0.21498644351959229,0.10641089826822281
35,2127,0.29068228602409363,0.16670356690883636,0.24786043167114258,0.12417271733283997
35,2128,0.2745692729949951,0.15840063989162445,0.22995644807815552,0.12093023955821991
35,2129,0.24536409974098206,0.13678114116191864,0.22048020362854004,0.10195431858301163
35,2130,0.27574554085731506,0.15740929543972015,0.2404605746269226,0.11076004058122635
35,2131,0.28473058342933655,0.165882870554924,0.2358008623123169,0.12263687700033188
35,2132,0.30881616473197937,0.18267841637134552,0.24889129400253296,0.13290607929229736
35,2133,0.2705511450767517,0.14765186607837677,0.25250184535980225,0.1094927191734314
35,2134,0.2788676619529724,0.15559597313404083,0.2482089400291443,0.1199406087398529
35,2135,0.29183846712112427,0.17355580627918243,0.22864216566085815,0.1341288536787033
35,2136,0.30963218212127686,0.17512913048267365,0.26833444833755493,0.13584643602371216
35,2137,0.24992987513542175,0.1433049589395523,0.2123945951461792,0.10833536088466644
35,2138,0.3171863555908203,0.187811940908432,0.2554674744606018,0.13593709468841553
35,2139,0.24974943697452545,0.1459284871816635,0.2052883505821228,0.10852804780006409
35,2140,0.28579044342041016,0.16147714853286743,0.249350905418396,0.12286467850208282
35,2141,0.28789377212524414,0.1645793616771698,0.24768495559692383,0.12120215594768524
35,2142,0.29964277148246765,0.16893306374549866,0.2637808322906494,0.12598681449890137
35,2143,0.2824282646179199,0.155302956700325,0.25765901803970337,0.12030860781669617
35,2144,0.320579469203949,0.18066485226154327,0.280958890914917,0.13765525817871094
35,2145,0.24331964552402496,0.13815467059612274,0.20990818738937378,0.10600848495960236
35,2146,0.29188013076782227,0.16149009764194489,0.2664780020713806,0.11899417638778687
35,2147,0.25843149423599243,0.15033704042434692,0.21201205253601074,0.11644816398620605
35,2148,0.3439217507839203,0.2021900862455368,0.2769126892089844,0.15483292937278748
35,2149,0.2929254174232483,0.16957946121692657,0.2527562379837036,0.11121728271245956
35,2150,0.27060794830322266,0.1567867249250412,0.23433738946914673,0.10043133795261383
35,2151,0.32261577248573303,0.18984614312648773,0.2603968381881714,0.14305439591407776
35,2152,0.27980995178222656,0.15783004462718964,0.24257361888885498,0.1247522234916687
35,2153,0.2285946011543274,0.1335078924894333,0.18554216623306274,0.10434925556182861
35,2154,0.2797016501426697,0.1634734869003296,0.2322251796722412,0.11669035255908966
35,2155,0.2698169946670532,0.14394569396972656,0.2606167793273926,0.10812298953533173
35,2156,0.30957549810409546,0.18064366281032562,0.2548626661300659,0.13493385910987854
35,2157,0.2862579822540283,0.1665787696838379,0.2366122603416443,0.1251715123653412
35,2158,0.25660523772239685,0.13999438285827637,0.24027979373931885,0.10249461233615875
35,2159,0.30480408668518066,0.1754826307296753,0.2560473680496216,0.1345125436782837
35,2160,0.27535659074783325,0.16236740350723267,0.22231119871139526,0.12032357603311539
36,2161,0.3313176929950714,0.19047482311725616,0.28339797258377075,0.13741838932037354
36,2162,0.2986563444137573,0.1582626849412918,0.292991042137146,0.11598621308803558
36,2163,0.3103947043418884,0.18391866981983185,0.24745362997055054,0.1374729424715042
36,2164,0.27025434374809265,0.15539811551570892,0.22709840536117554,0.12008427083492279
36,2165,0.2694099545478821,0.1502690315246582,0.24124258756637573,0.11321941763162613
36,2166,0.31356000900268555,0.18375515937805176,0.2594386339187622,0.1301470249891281
36,2167,0.2810485363006592,0.1642141342163086,0.2308935523033142,0.12238482385873795
36,2168,0.28444933891296387,0.16473320126533508,0.23510879278182983,0.12836307287216187
36,2169,0.284105509519577,0.1582721620798111,0.2565721273422241,0.11602252721786499
36,2170,0.31345808506011963,0.18443816900253296,0.2537381052970886,0.1376233994960785
36,2171,0.26306289434432983,0.1523946225643158,0.2176496982574463,0.1180419847369194
36,2172,0.2505197823047638,0.14246797561645508,0.22036856412887573,0.0995219275355339
36,2173,0.258206307888031,0.14832526445388794,0.2173314094543457,0.11474241316318512
36,2174,0.2780456840991974,0.15013495087623596,0.2634314298629761,0.11269083619117737
36,2175,0.24962462484836578,0.14218278229236603,0.2149917483329773,0.10722572356462479
36,2176,0.2686196267604828,0.1510244458913803,0.23728960752487183,0.11339658498764038
36,2177,0.27001169323921204,0.14911599457263947,0.2454739809036255,0.11353050172328949
36,2178,0.2483592927455902,0.13684119284152985,0.22804778814315796,0.1014949232339859
36,2179,0.2675585150718689,0.15097573399543762,0.23426055908203125,0.11439284682273865
36,2180,0.2770037353038788,0.15340617299079895,0.25199687480926514,0.11399409174919128
36,2181,0.26679423451423645,0.1502176970243454,0.2362857460975647,0.11031126976013184
36,2182,0.3275820314884186,0.1902310699224472,0.27440476417541504,0.13794532418251038
36,2183,0.2699378728866577,0.1565120369195938,0.22371500730514526,0.1196991354227066
36,2184,0.28181585669517517,0.16085825860500336,0.24212747812271118,0.12053301930427551
36,2185,0.3231070637702942,0.18342380225658417,0.28044772148132324,0.1375209242105484
36,2186,0.26607745885849,0.14836783707141876,0.2369520664215088,0.11464396119117737
36,2187,0.28971394896507263,0.1634359359741211,0.2578936219215393,0.1156027764081955
36,2188,0.2812473773956299,0.15896598994731903,0.2499542236328125,0.11149854958057404
36,2189,0.3200937509536743,0.18761786818504333,0.2604140043258667,0.14155134558677673
36,2190,0.27434369921684265,0.14382897317409515,0.2731895446777344,0.10619442164897919
36,2191,0.3277558982372284,0.19748374819755554,0.25734537839889526,0.13666999340057373
36,2192,0.2713218033313751,0.1593451201915741,0.2184537649154663,0.12297584116458893
36,2193,0.3216354548931122,0.19315677881240845,0.2500936985015869,0.14220593869686127
36,2194,0.25875478982925415,0.1452617198228836,0.23072093725204468,0.10602346062660217
36,2195,0.37001457810401917,0.2095719426870346,0.3256784677505493,0.15085624158382416
36,2196,0.2924152612686157,0.17030824720859528,0.24067604541778564,0.12918290495872498
36,2197,0.24489712715148926,0.13582634925842285,0.22223514318466187,0.10088352113962173
36,2198,0.299162358045578,0.1731792837381363,0.2514822483062744,0.12695086002349854
36,2199,0.30183929204940796,0.1772090047597885,0.25387096405029297,0.11540956795215607
36,2200,0.2490311563014984,0.14582903683185577,0.20339477062225342,0.10922105610370636
36,2201,0.3360663950443268,0.19626708328723907,0.27830833196640015,0.14237987995147705
36,2202,0.28842511773109436,0.16367724537849426,0.2484511137008667,0.12683705985546112
36,2203,0.29913389682769775,0.1822199523448944,0.23674297332763672,0.11108369380235672
36,2204,0.3269006013870239,0.19248999655246735,0.2676440477371216,0.13676489889621735
36,2205,0.28658658266067505,0.1710444986820221,0.22560542821884155,0.12649953365325928
36,2206,0.2410440742969513,0.13915757834911346,0.20239925384521484,0.10463402420282364
36,2207,0.32087817788124084,0.18894274532794952,0.2608834505081177,0.13791027665138245
36,2208,0.2730165123939514,0.16134822368621826,0.21882891654968262,0.12068353593349457
36,2209,0.3141290545463562,0.18170557916164398,0.26285797357559204,0.13640135526657104
36,2210,0.28022390604019165,0.16924826800823212,0.21866381168365479,0.1175505667924881
36,2211,0.307697057723999,0.181598961353302,0.25204432010650635,0.12640172243118286
36,2212,0.2686939239501953,0.15170226991176605,0.2375749945640564,0.10980828106403351
36,2213,0.2683825194835663,0.15562106668949127,0.23107117414474487,0.10166497528553009
36,2214,0.2544553875923157,0.14116764068603516,0.2277923822402954,0.11085387319326401
36,2215,0.2770861089229584,0.15307892858982086,0.25302064418792725,0.11399458348751068
36,2216,0.24570049345493317,0.13648639619350433,0.2230423092842102,0.09998583793640137
36,2217,0.2630806267261505,0.1529993712902069,0.21637648344039917,0.11765331029891968
36,2218,0.27201175689697266,0.1588546484708786,0.22440552711486816,0.11697442084550858
36,2219,0.3182484209537506,0.20045588910579681,0.22643935680389404,0.13608402013778687
36,2220,0.2397649884223938,0.13229531049728394,0.218359112739563,0.10063012689352036
37,2221,0.3205193877220154,0.18910646438598633,0.2554212212562561,0.1462220996618271
37,2222,0.26082372665405273,0.14345206320285797,0.23851341009140015,0.10983149707317352
37,2223,0.27607461810112,0.15888693928718567,0.2318139672279358,0.12231038510799408
37,2224,0.2746818959712982,0.15841297805309296,0.23366886377334595,0.11400684714317322
37,2225,0.3258529305458069,0.18945422768592834,0.2718382477760315,0.1383170187473297
37,2226,0.2444259524345398,0.1423341929912567,0.19983887672424316,0.11078102141618729
37,2227,0.24684594571590424,0.13136890530586243,0.2389642596244812,0.09945671260356903
37,2228,0.2867802083492279,0.17486746609210968,0.22740870714187622,0.10474635660648346
37,2229,0.2850565016269684,0.17017902433872223,0.22277694940567017,0.1288335621356964
37,2230,0.25777193903923035,0.14725962281227112,0.22377198934555054,0.10501755774021149
37,2231,0.26398250460624695,0.15038442611694336,0.2293294072151184,0.1093316301703453
37,2232,0.31473785638809204,0.18312865495681763,0.26287662982940674,0.13229279220104218
37,2233,0.3093567490577698,0.184646338224411,0.24122905731201172,0.14109386503696442
37,2234,0.287222683429718,0.16534651815891266,0.24719351530075073,0.11499375104904175
37,2235,0.2642692029476166,0.15112121403217316,0.22578614950180054,0.11416765302419662
37,2236,0.3020707964897156,0.17238707840442657,0.25971323251724243,0.12899212539196014
37,2237,0.2647305727005005,0.15225964784622192,0.22735595703125,0.10764265060424805
37,2238,0.25799688696861267,0.1462937444448471,0.22257155179977417,0.11337268352508545
37,2239,0.2480577826499939,0.1417151540517807,0.21236133575439453,0.10699049383401871
37,2240,0.29281672835350037,0.16369560360908508,0.2618822455406189,0.12184113264083862
37,2241,0.3121570646762848,0.17454905807971954,0.27986663579940796,0.12830670177936554
37,2242,0.24954548478126526,0.13924311101436615,0.22256654500961304,0.10637880861759186
37,2243,0.31345459818840027,0.1821371614933014,0.26270371675491333,0.13117974996566772
37,2244,0.2763705253601074,0.15688040852546692,0.2423422932624817,0.11276601999998093
37,2245,0.29160213470458984,0.1628200113773346,0.26203805208206177,0.1198345273733139
37,2246,0.37805697321891785,0.21810641884803772,0.32082122564315796,0.15811040997505188
37,2247,0.25247684121131897,0.14100278913974762,0.22678649425506592,0.10379724949598312
37,2248,0.2827138304710388,0.15465010702610016,0.2602542042732239,0.11981029808521271
37,2249,0.269601434469223,0.15227745473384857,0.23494446277618408,0.11673088371753693
37,2250,0.2712659537792206,0.15444506704807281,0.23370486497879028,0.11669470369815826
37,2251,0.2894349694252014,0.16001063585281372,0.27071505784988403,0.1056915670633316
37,2252,0.3009893298149109,0.1701386272907257,0.26313698291778564,0.12797954678535461
37,2253,0.28925061225891113,0.16713327169418335,0.24350816011428833,0.12357047200202942
37,2254,0.32440972328186035,0.19842121005058289,0.24287188053131104,0.14419886469841003
37,2255,0.27667397260665894,0.1619940549135208,0.22830253839492798,0.11679451167583466
37,2256,0.27751240134239197,0.16268691420555115,0.22689563035964966,0.1203361451625824
37,2257,0.29461613297462463,0.1691202074289322,0.25036025047302246,0.1267591416835785
37,2258,0.22615064680576324,0.13040314614772797,0.18964195251464844,0.09945352375507355
37,2259,0.28517207503318787,0.16984577476978302,0.2296188473701477,0.1173938512802124
37,2260,0.2874271869659424,0.15378469228744507,0.2799707055091858,0.10827114433050156
37,2261,0.25870510935783386,0.14939840137958527,0.21828216314315796,0.10996926575899124
37,2262,0.2767384648323059,0.15267010033130646,0.2568293809890747,0.1066831424832344
37,2263,0.31345900893211365,0.17172427475452423,0.2949673533439636,0.11873902380466461
37,2264,0.2526214122772217,0.1383315473794937,0.23319405317306519,0.10506127774715424
37,2265,0.2547459304332733,0.14609795808792114,0.21816802024841309,0.1069038063287735
37,2266,0.2952917516231537,0.18140746653079987,0.22182410955429077,0.12577322125434875
37,2267,0.2291984111070633,0.12945255637168884,0.19956135749816895,0.09960657358169556
37,2268,0.2646276354789734,0.1497408002614975,0.23073071241378784,0.11297271400690079
37,2269,0.31686103343963623,0.19516593217849731,0.23104363679885864,0.14638827741146088
37,2270,0.29880425333976746,0.1732843518257141,0.2506400942802429,0.12631931900978088
37,2271,0.2302912324666977,0.12689843773841858,0.21205461025238037,0.09285473078489304
37,2272,0.2635553479194641,0.15059638023376465,0.22535616159439087,0.11408254504203796
37,2273,0.2636374235153198,0.14580324292182922,0.2424412965774536,0.10428828001022339
37,2274,0.2912968397140503,0.16259963810443878,0.26659148931503296,0.11030298471450806
37,2275,0.2970626652240753,0.1702626794576645,0.2527291774749756,0.12854158878326416
37,2276,0.30362293124198914,0.17836806178092957,0.24902772903442383,0.1282188594341278
37,2277,0.3160448968410492,0.18459656834602356,0.26703566312789917,0.12317031621932983
37,2278,0.2935313880443573,0.1645960956811905,0.26234179735183716,0.11999291926622391
37,2279,0.27636244893074036,0.1601221114397049,0.23227554559707642,0.1166505441069603
37,2280,0.2709542512893677,0.15930649638175964,0.22108417749404907,0.11607030034065247
38,2281,0.2467273324728012,0.13980327546596527,0.21591144800186157,0.10279740393161774
38,2282,0.3207836449146271,0.18872973322868347,0.26252609491348267,0.13521724939346313
38,2283,0.2886263132095337,0.15753374993801117,0.26904505491256714,0.1173727959394455
38,2284,0.2568622827529907,0.143916055560112,0.22677093744277954,0.11118929833173752
38,2285,0.2510027289390564,0.14155511558055878,0.22063159942626953,0.10597480833530426
38,2286,0.2975523769855499,0.17490386962890625,0.241973876953125,0.12929479777812958
38,2287,0.24583426117897034,0.14081396162509918,0.20929622650146484,0.10650905221700668
38,2288,0.27550825476646423,0.15634557604789734,0.23882687091827393,0.11815965175628662
38,2289,0.2949191629886627,0.16738441586494446,0.2545921206474304,0.1284894049167633
38,2290,0.24627162516117096,0.14180204272270203,0.20707321166992188,0.10820142924785614
38,2291,0.31958475708961487,0.18682019412517548,0.2599360942840576,0.14395064115524292
38,2292,0.3103305399417877,0.1732463240623474,0.28301048278808594,0.11940015107393265
38,2293,0.23984920978546143,0.13967712223529816,0.20322412252426147,0.0944121927022934
38,2294,0.2664157450199127,0.15239258110523224,0.2285556197166443,0.11300454288721085
38,2295,0.26867738366127014,0.15203604102134705,0.23412007093429565,0.11496662348508835
38,2296,0.2772628366947174,0.1594526320695877,0.23171770572662354,0.125615656375885
38,2297,0.28003764152526855,0.1636812686920166,0.22708266973495483,0.1276165246963501
38,2298,0.2844694256782532,0.1581609845161438,0.25878649950027466,0.11396913230419159
38,2299,0.25776273012161255,0.1471559852361679,0.2192637324333191,0.114506296813488
38,2300,0.23317784070968628,0.1307980865240097,0.20613700151443481,0.09962476044893265
38,2301,0.27768632769584656,0.15721425414085388,0.24196374416351318,0.11843281239271164
38,2302,0.32265788316726685,0.19216783344745636,0.2575540542602539,0.137342169880867
38,2303,0.29739758372306824,0.17235885560512543,0.24704194068908691,0.131109818816185
38,2304,0.2936860918998718,0.16671882569789886,0.25828874111175537,0.11825896799564362
38,2305,0.29176950454711914,0.17085614800453186,0.238864004611969,0.12683875858783722
38,2306,0.2562325894832611,0.1457749754190445,0.2195199728012085,0.1132480800151825
38,2307,0.2723504304885864,0.15045757591724396,0.2501646876335144,0.1091349720954895
38,2308,0.27390068769454956,0.15407836437225342,0.241022527217865,0.11706653237342834
38,2309,0.29375192523002625,0.16677027940750122,0.2567320466041565,0.12144416570663452
38,2310,0.2752162516117096,0.16942721605300903,0.20575112104415894,0.11744296550750732
38,2311,0.2782224714756012,0.15995308756828308,0.23788100481033325,0.11558493971824646
38,2312,0.3073551654815674,0.17871695756912231,0.2610177993774414,0.12115535140037537
38,2313,0.2783038020133972,0.16382865607738495,0.2238571047782898,0.12466146051883698
38,2314,0.2819519639015198,0.1633502095937729,0.2335866093635559,0.1258355677127838
38,2315,0.28055915236473083,0.16357265412807465,0.23088151216506958,0.1231694370508194
38,2316,0.28145602345466614,0.15857112407684326,0.2456004023551941,0.1232236921787262
38,2317,0.22681115567684174,0.1285427063703537,0.19464755058288574,0.10204708576202393
38,2318,0.2544598877429962,0.14290152490139008,0.22623735666275024,0.10531705617904663
38,2319,0.3306926488876343,0.19005699455738068,0.2808248996734619,0.14152851700782776
38,2320,0.252651184797287,0.14419063925743103,0.21560490131378174,0.11109288781881332
38,2321,0.28414779901504517,0.15691307187080383,0.2575306296348572,0.12111228704452515
38,2322,0.3127707839012146,0.18458236753940582,0.2530757188796997,0.13479076325893402
38,2323,0.27339980006217957,0.16212157905101776,0.2168063521385193,0.12277843058109283
38,2324,0.24343156814575195,0.14124560356140137,0.2001035213470459,0.11072276532649994
38,2325,0.2925356924533844,0.17195627093315125,0.23652863502502441,0.12983974814414978
38,2326,0.26922518014907837,0.15129061043262482,0.2395433783531189,0.11058613657951355
38,2327,0.33997970819473267,0.21435199677944183,0.24113529920578003,0.14586792886257172
38,2328,0.2795768678188324,0.16451823711395264,0.2253071665763855,0.12467880547046661
38,2329,0.3126089870929718,0.17754708230495453,0.27207064628601074,0.1311681866645813
38,2330,0.24138173460960388,0.13571660220623016,0.21362566947937012,0.10107427835464478
38,2331,0.28053486347198486,0.16464181244373322,0.2273234724998474,0.12481838464736938
38,2332,0.2621269226074219,0.15231579542160034,0.2158101201057434,0.11743531376123428
38,2333,0.2683788537979126,0.15054063498973846,0.2358407974243164,0.11750952899456024
38,2334,0.2643736004829407,0.1454925537109375,0.2415252923965454,0.11135455965995789
38,2335,0.2762702703475952,0.1609961986541748,0.23271632194519043,0.11093765497207642
38,2336,0.3217683434486389,0.1946750283241272,0.2520286440849304,0.13140937685966492
38,2337,0.24338015913963318,0.14118921756744385,0.20296716690063477,0.10502041131258011
38,2338,0.2466052919626236,0.13446657359600067,0.22927707433700562,0.10213951021432877
38,2339,0.2842082977294922,0.165832057595253,0.23226940631866455,0.12734229862689972
38,2340,0.30388182401657104,0.17824049293994904,0.24569469690322876,0.13681729137897491
39,2341,0.3456474542617798,0.2054569572210312,0.27627068758010864,0.14841113984584808
39,2342,0.24389415979385376,0.13454943895339966,0.22196465730667114,0.10279432684183121
39,2343,0.2886056900024414,0.16692471504211426,0.23929500579833984,0.12981495261192322
39,2344,0.2866400480270386,0.1647738665342331,0.24284899234771729,0.1236327737569809
39,2345,0.27018189430236816,0.1496555209159851,0.2504005432128906,0.10183081030845642
39,2346,0.3146332800388336,0.1869601458311081,0.2502574324607849,0.1378508359193802
39,2347,0.285531222820282,0.16121633350849152,0.24913394451141357,0.1233065128326416
39,2348,0.23086637258529663,0.1295543760061264,0.20337069034576416,0.09981852769851685
39,2349,0.23612914979457855,0.13543576002120972,0.20055675506591797,0.10235343873500824
39,2350,0.24611689150333405,0.14193588495254517,0.20577210187911987,0.10936080664396286
39,2351,0.25964707136154175,0.15045566856861115,0.21389496326446533,0.11816702783107758
39,2352,0.26548975706100464,0.15035796165466309,0.23229187726974487,0.11107514798641205
39,2353,0.3063587248325348,0.17683595418930054,0.26143646240234375,0.12474096566438675
39,2354,0.24911369383335114,0.14349062740802765,0.2116755247116089,0.10476434975862503
39,2355,0.30789288878440857,0.18804000318050385,0.2317122220993042,0.1358400136232376
39,2356,0.3196839988231659,0.185073584318161,0.2748684287071228,0.12331518530845642
39,2357,0.2659657299518585,0.15482307970523834,0.2287319302558899,0.09824942797422409
39,2358,0.2136467695236206,0.12069685012102127,0.18577075004577637,0.09320808202028275
39,2359,0.2675653398036957,0.1524025797843933,0.23075389862060547,0.11430594325065613
39,2360,0.2946024239063263,0.17111338675022125,0.2428877353668213,0.13166972994804382
39,2361,0.2889445722103119,0.16615214943885803,0.24379009008407593,0.12638193368911743
39,2362,0.252252995967865,0.14537669718265533,0.21028703451156616,0.11380752921104431
39,2363,0.23112142086029053,0.1281917691230774,0.20785677433013916,0.09893469512462616
39,2364,0.26819634437561035,0.15735608339309692,0.21710526943206787,0.11999067664146423
39,2365,0.29835373163223267,0.17551811039447784,0.24512171745300293,0.12393467128276825
39,2366,0.26067495346069336,0.1540374457836151,0.21149158477783203,0.11020444333553314
39,2367,0.32930266857147217,0.18293313682079315,0.2983500361442566,0.13514763116836548
39,2368,0.3038843274116516,0.17342723906040192,0.2656686305999756,0.12094828486442566
39,2369,0.2970883250236511,0.16897542774677277,0.259959876537323,0.12064477801322937
39,2370,0.30723345279693604,0.17987008392810822,0.25133180618286133,0.13415324687957764
39,2371,0.27890849113464355,0.15527574717998505,0.25002533197402954,0.11811304092407227
39,2372,0.23410823941230774,0.1328161656856537,0.20391762256622314,0.09862510859966278
39,2373,0.31134894490242004,0.18464834988117218,0.2496201992034912,0.1342625916004181
39,2374,0.29253560304641724,0.16871169209480286,0.24636512994766235,0.1263892650604248
39,2375,0.26933327317237854,0.15712220966815948,0.2203267216682434,0.12040188908576965
39,2376,0.2856581509113312,0.15731626749038696,0.26057618856430054,0.12055715918540955
39,2377,0.24175022542476654,0.13400287926197052,0.21923828125,0.1002601683139801
39,2378,0.2529841661453247,0.14372561872005463,0.21776634454727173,0.11076007783412933
39,2379,0.2804494798183441,0.1570790410041809,0.25171172618865967,0.11342867463827133
39,2380,0.30975034832954407,0.1773649901151657,0.2627002000808716,0.13652634620666504
39,2381,0.27542948722839355,0.1648401916027069,0.21882450580596924,0.11529737710952759
39,2382,0.2673487663269043,0.15089631080627441,0.2353026270866394,0.11165706813335419
39,2383,0.27191340923309326,0.15750925242900848,0.22662591934204102,0.11876892298460007
39,2384,0.2904933989048004,0.17156384885311127,0.2353000044822693,0.12404774129390717
39,2385,0.2833746373653412,0.1582275629043579,0.2577407956123352,0.11025383323431015
39,2386,0.2714380621910095,0.15716643631458282,0.2308230996131897,0.10971193015575409
39,2387,0.28770920634269714,0.16363102197647095,0.24926269054412842,0.12186557799577713
39,2388,0.25919026136398315,0.14568543434143066,0.2302635908126831,0.10699687898159027
39,2389,0.2704007923603058,0.1574660986661911,0.22152674198150635,0.12162002176046371
39,2390,0.26349759101867676,0.14554481208324432,0.2402498722076416,0.10926403105258942
39,2391,0.24357642233371735,0.1390613466501236,0.20679277181625366,0.10898986458778381
39,2392,0.2558785676956177,0.14813132584095,0.21756166219711304,0.10361281037330627
39,2393,0.2442007064819336,0.13673728704452515,0.21656525135040283,0.10418656468391418
39,2394,0.28093039989471436,0.1672724336385727,0.22251403331756592,0.12326188385486603
39,2395,0.2522360384464264,0.14630749821662903,0.20961326360702515,0.11041606962680817
39,2396,0.27734771370887756,0.15647900104522705,0.24231797456741333,0.11970753967761993
39,2397,0.35995247960090637,0.21229839324951172,0.29240959882736206,0.15345120429992676
39,2398,0.25667789578437805,0.14360980689525604,0.22638839483261108,0.11256369948387146
39,2399,0.257195383310318,0.14717741310596466,0.21944087743759155,0.11120808869600296
39,2400,0.2660383880138397,0.15361949801445007,0.2246890664100647,0.1127161979675293
40,2401,0.25101280212402344,0.147157683968544,0.20378023386001587,0.11171504855155945
40,2402,0.25557225942611694,0.13499218225479126,0.2504289150238037,0.10204260051250458
40,2403,0.2342974841594696,0.12581028044223785,0.2235013246536255,0.09543339908123016
40,2404,0.2828976511955261,0.16007670760154724,0.24659675359725952,0.12091122567653656
40,2405,0.2918013334274292,0.1708974838256836,0.2358902096748352,0.1327388435602188
40,2406,0.3150320053100586,0.1889645904302597,0.2458593249320984,0.1386183202266693
40,2407,0.28829628229141235,0.15833841264247894,0.26515084505081177,0.11948758363723755
40,2408,0.30484044551849365,0.17347018420696259,0.26388001441955566,0.1290913075208664
40,2409,0.2990615963935852,0.16969411075115204,0.2612864375114441,0.12426447868347168
40,2410,0.2403295487165451,0.1395353227853775,0.19921594858169556,0.10553918778896332
40,2411,0.2494785487651825,0.1369296908378601,0.22943592071533203,0.1038723811507225
40,2412,0.3518275320529938,0.20614226162433624,0.29099613428115845,0.14643415808677673
40,2413,0.22593002021312714,0.12909239530563354,0.19332337379455566,0.09754135459661484
40,2414,0.29751524329185486,0.17138488590717316,0.2517889738082886,0.1270737648010254
40,2415,0.2605474591255188,0.1382281333208084,0.2535141110420227,0.10456842184066772
40,2416,0.2658917009830475,0.1452186405658722,0.24881350994110107,0.1057383269071579
40,2417,0.24125267565250397,0.13711296021938324,0.2082800269126892,0.10413849353790283
40,2418,0.26133590936660767,0.14947162568569183,0.22143542766571045,0.11645056307315826
40,2419,0.27068594098091125,0.15053251385688782,0.24315369129180908,0.11445964872837067
40,2420,0.3100641965866089,0.17446136474609375,0.27622348070144653,0.12556709349155426
40,2421,0.2760140597820282,0.150577113032341,0.25938189029693604,0.10842102020978928
40,2422,0.3175632357597351,0.18673107028007507,0.2550818920135498,0.14399704337120056
40,2423,0.2633783519268036,0.15558569133281708,0.2122267484664917,0.11450977623462677
40,2424,0.25089868903160095,0.14387978613376617,0.2132570743560791,0.10858041048049927
40,2425,0.24454492330551147,0.1366155445575714,0.21792817115783691,0.10379050672054291
40,2426,0.25961440801620483,0.15117688477039337,0.21414178609848022,0.11390408873558044
40,2427,0.2831000089645386,0.15750418603420258,0.2545197606086731,0.11893956363201141
40,2428,0.296169251203537,0.17631812393665314,0.2287425398826599,0.141770601272583
40,2429,0.2662608325481415,0.16065822541713715,0.2114344835281372,0.10514409095048904
40,2430,0.2684074342250824,0.1563350111246109,0.21896541118621826,0.12243122607469559
40,2431,0.28803765773773193,0.17018449306488037,0.22811800241470337,0.1330297440290451
40,2432,0.2880852520465851,0.1624756157398224,0.25312912464141846,0.1217898577451706
40,2433,0.2513710558414459,0.1407652497291565,0.2259860634803772,0.10105689615011215
40,2434,0.2900681495666504,0.16857998073101044,0.2385197877883911,0.13040125370025635
40,2435,0.305422842502594,0.17702800035476685,0.253401517868042,0.13517118990421295
40,2436,0.2572282552719116,0.15110164880752563,0.21101486682891846,0.10860320925712585
40,2437,0.24702773988246918,0.14053671061992645,0.2150704264640808,0.1023142859339714
40,2438,0.302359014749527,0.17338775098323822,0.25879454612731934,0.1272672861814499
40,2439,0.25962451100349426,0.15332412719726562,0.2059459090232849,0.11961013078689575
40,2440,0.29280051589012146,0.16966041922569275,0.24240833520889282,0.13088375329971313
40,2441,0.22450163960456848,0.12347894161939621,0.2045750617980957,0.09596335887908936
40,2442,0.23729091882705688,0.13598422706127167,0.20089280605316162,0.10474786162376404
40,2443,0.2225414514541626,0.12153707444667816,0.20557361841201782,0.09387465566396713
40,2444,0.23576949536800385,0.13468684256076813,0.20519715547561646,0.09501898288726807
40,2445,0.31516575813293457,0.17945261299610138,0.2727624773979187,0.13304080069065094
40,2446,0.28031739592552185,0.15669481456279755,0.2522885799407959,0.11353573203086853
40,2447,0.2842597961425781,0.16887998580932617,0.22396022081375122,0.1289786845445633
40,2448,0.23214128613471985,0.12605877220630646,0.21754276752471924,0.09532708674669266
40,2449,0.25541484355926514,0.14938391745090485,0.2090727686882019,0.11200910806655884
40,2450,0.2699158191680908,0.1526300460100174,0.23425644636154175,0.11791606992483139
40,2451,0.24958458542823792,0.14549727737903595,0.20424258708953857,0.11195135116577148
40,2452,0.2902551293373108,0.16249966621398926,0.25756508111953735,0.12364721298217773
40,2453,0.27528682351112366,0.15221549570560455,0.24818533658981323,0.11898596584796906
40,2454,0.28418296575546265,0.15245802700519562,0.27193504571914673,0.11475463211536407
40,2455,0.23294445872306824,0.13058631122112274,0.20795947313308716,0.09587182104587555
40,2456,0.266217440366745,0.15128080546855927,0.2301119565963745,0.11445929855108261
40,2457,0.2754163146018982,0.1507047861814499,0.2575835585594177,0.1083904355764389
40,2458,0.25977787375450134,0.14054162800312042,0.24445891380310059,0.10726334154605865
40,2459,0.2812263071537018,0.1576145738363266,0.24879586696624756,0.12046695500612259
40,2460,0.32578280568122864,0.19780398905277252,0.24827349185943604,0.1433471292257309
41,2461,0.24646323919296265,0.1392926126718521,0.21664315462112427,0.10256675630807877
41,2462,0.2460530400276184,0.13796363770961761,0.22103524208068848,0.09837658703327179
41,2463,0.24318014085292816,0.13689325749874115,0.21412545442581177,0.10318349301815033
41,2464,0.2805010974407196,0.16276660561561584,0.2333887815475464,0.12189497798681259
41,2465,0.3138413727283478,0.17567606270313263,0.28119081258773804,0.1284448206424713
41,2466,0.2397872805595398,0.13342569768428802,0.2144937515258789,0.10282038152217865
41,2467,0.2946414351463318,0.17291586101055145,0.24212205410003662,0.12438371777534485
41,2468,0.31152939796447754,0.1749490350484848,0.2743213176727295,0.1342592090368271
41,2469,0.24280524253845215,0.138682559132576,0.20823973417282104,0.10413394123315811
41,2470,0.28237205743789673,0.1622263342142105,0.23792296648025513,0.12488272786140442
41,2471,0.2794654965400696,0.1619892120361328,0.23817116022109985,0.11103913933038712
41,2472,0.2995556592941284,0.1769333928823471,0.24516266584396362,0.12278598546981812
41,2473,0.269567608833313,0.15578137338161469,0.2276170253753662,0.11369718611240387
41,2474,0.26026836037635803,0.14180295169353485,0.24306827783584595,0.10619040578603745
41,2475,0.28196415305137634,0.16479848325252533,0.23992496728897095,0.10597837716341019
41,2476,0.30099400877952576,0.17674638330936432,0.24658739566802979,0.1280634105205536
41,2477,0.2986633777618408,0.1771089881658554,0.2451452612876892,0.11748139560222626
41,2478,0.2725333571434021,0.15582193434238434,0.23461776971817017,0.11432158946990967
41,2479,0.24752219021320343,0.1345607489347458,0.23034662008285522,0.10411395877599716
41,2480,0.28039929270744324,0.14582419395446777,0.28006213903427124,0.11275124549865723
41,2481,0.2714715003967285,0.15182194113731384,0.24216067790985107,0.11392636597156525
41,2482,0.25129249691963196,0.14178673923015594,0.21985316276550293,0.10782240331172943
41,2483,0.28770923614501953,0.1685948520898819,0.2343342900276184,0.12690337002277374
41,2484,0.2856358587741852,0.17001909017562866,0.23481112718582153,0.10846158862113953
41,2485,0.2575036883354187,0.15144194662570953,0.20682591199874878,0.1166568472981453
41,2486,0.26901477575302124,0.15239591896533966,0.23579680919647217,0.11150062084197998
41,2487,0.23107324540615082,0.1255955994129181,0.21676421165466309,0.09385979920625687
41,2488,0.26047998666763306,0.15228399634361267,0.21579241752624512,0.10939506441354752
41,2489,0.2404724359512329,0.13472576439380646,0.21337467432022095,0.10198397934436798
41,2490,0.2933036983013153,0.17236842215061188,0.23380541801452637,0.1370655596256256
41,2491,0.28093796968460083,0.16660071909427643,0.2229224443435669,0.12584134936332703
41,2492,0.2740989029407501,0.1615763008594513,0.2237008810043335,0.11521115899085999
41,2493,0.25232836604118347,0.14375518262386322,0.21734851598739624,0.10816892236471176
41,2494,0.26326870918273926,0.14780957996845245,0.23588669300079346,0.10552220791578293
41,2495,0.26764655113220215,0.14631080627441406,0.24737870693206787,0.11192131787538528
41,2496,0.28829988837242126,0.1647724062204361,0.24658304452896118,0.12447132170200348
41,2497,0.2789866030216217,0.15650098025798798,0.2485550045967102,0.11531810462474823
41,2498,0.27157554030418396,0.14693140983581543,0.25732284784317017,0.10857488214969635
41,2499,0.23500272631645203,0.1353301852941513,0.19856667518615723,0.10122940689325333
41,2500,0.2628147602081299,0.14902308583259583,0.22907114028930664,0.1108161062002182
41,2501,0.32907357811927795,0.184947207570076,0.2897679805755615,0.14109593629837036
41,2502,0.23937244713306427,0.12967859208583832,0.22652846574783325,0.09541238844394684
41,2503,0.25526151061058044,0.14698883891105652,0.21513748168945312,0.11108843982219696
41,2504,0.26273784041404724,0.14924710988998413,0.22737360000610352,0.11270640045404434
41,2505,0.2844517230987549,0.16113846004009247,0.24774765968322754,0.12107108533382416
41,2506,0.3096369206905365,0.19136132299900055,0.23029077053070068,0.1307963728904724
41,2507,0.2817195653915405,0.16546985507011414,0.226811945438385,0.12762463092803955
41,2508,0.2933947443962097,0.1753363013267517,0.22840732336044312,0.13347752392292023
41,2509,0.26893752813339233,0.14997926354408264,0.23950660228729248,0.11577808856964111
41,2510,0.2686476409435272,0.1532585173845291,0.23198199272155762,0.11298169940710068
41,2511,0.2625095248222351,0.1535806953907013,0.21286922693252563,0.11890570819377899
41,2512,0.2875811457633972,0.16450229287147522,0.2441309690475464,0.12713217735290527
41,2513,0.30838730931282043,0.17838354408740997,0.2563287615776062,0.1373613178730011
41,2514,0.2873969078063965,0.1639048308134079,0.24922573566436768,0.11900888383388519
41,2515,0.25868868827819824,0.13532565534114838,0.25768738985061646,0.10144045948982239
41,2516,0.3208414316177368,0.19318833947181702,0.2448197603225708,0.14862589538097382
41,2517,0.3136988580226898,0.18826811015605927,0.24060213565826416,0.1459493637084961
41,2518,0.3069995939731598,0.17451126873493195,0.2671772837638855,0.12808705866336823
41,2519,0.25914427638053894,0.15207938849925995,0.20585352182388306,0.12361738085746765
41,2520,0.2663228213787079,0.14759138226509094,0.24126243591308594,0.11113223433494568
42,2521,0.26639169454574585,0.1471521109342575,0.24162012338638306,0.1129576712846756
42,2522,0.2829941213130951,0.1586257517337799,0.2512851357460022,0.11927160620689392
42,2523,0.30750465393066406,0.17892013490200043,0.2561919093132019,0.13053877651691437
42,2524,0.29518187046051025,0.17592839896678925,0.22872203588485718,0.13882321119308472
42,2525,0.31100744009017944,0.17841506004333496,0.2659788131713867,0.13100433349609375
42,2526,0.2899378538131714,0.16667458415031433,0.2487686276435852,0.11877906322479248
42,2527,0.25578105449676514,0.15073007345199585,0.20596390962600708,0.11332698166370392
42,2528,0.24299411475658417,0.1352500468492508,0.22122704982757568,0.09626621007919312
42,2529,0.297306090593338,0.1832427978515625,0.2252267599105835,0.11986294388771057
42,2530,0.28746381402015686,0.16605982184410095,0.24366837739944458,0.11968319118022919
42,2531,0.2827226519584656,0.16191646456718445,0.24299615621566772,0.1180385872721672
42,2532,0.34456667304039,0.20497241616249084,0.2768494486808777,0.1442723125219345
42,2533,0.255135715007782,0.15400636196136475,0.1962348222732544,0.1131771132349968
42,2534,0.30428409576416016,0.17634868621826172,0.25762224197387695,0.12443265318870544
42,2535,0.284635066986084,0.16233524680137634,0.24432772397994995,0.1228436678647995
42,2536,0.23649324476718903,0.12869977951049805,0.22179454565048218,0.09537820518016815
42,2537,0.2756849527359009,0.1537158042192459,0.2523806691169739,0.10508450120687485
42,2538,0.2770141661167145,0.1640997976064682,0.22381949424743652,0.11693282425403595
42,2539,0.312261700630188,0.1769004464149475,0.27031999826431274,0.13616618514060974
42,2540,0.3180752098560333,0.18996287882328033,0.24865025281906128,0.14326104521751404
42,2541,0.27861616015434265,0.16153569519519806,0.23212921619415283,0.12114392220973969
42,2542,0.29419612884521484,0.16495485603809357,0.2640557289123535,0.11809499561786652
42,2543,0.23847198486328125,0.13780517876148224,0.1976337432861328,0.10806652903556824
42,2544,0.26455584168434143,0.14950956404209137,0.23100876808166504,0.11321382224559784
42,2545,0.2677921950817108,0.15776319801807404,0.22232681512832642,0.10549135506153107
42,2546,0.25101855397224426,0.13894499838352203,0.22945809364318848,0.10145160555839539
42,2547,0.27154961228370667,0.16802974045276642,0.20079636573791504,0.11600660532712936
42,2548,0.2602919340133667,0.15157270431518555,0.21451568603515625,0.11456476151943207
42,2549,0.27394625544548035,0.1585988849401474,0.2349265217781067,0.10688383877277374
42,2550,0.28040483593940735,0.16290180385112762,0.23604559898376465,0.11542394757270813
42,2551,0.2656947076320648,0.15545238554477692,0.2197367548942566,0.1117381826043129
42,2552,0.26042863726615906,0.14600354433059692,0.23174899816513062,0.10862746834754944
42,2553,0.23749685287475586,0.13384133577346802,0.20871782302856445,0.10084199905395508
42,2554,0.25158044695854187,0.14593368768692017,0.20933902263641357,0.10955573618412018
42,2555,0.27569881081581116,0.15672418475151062,0.24296969175338745,0.10893379896879196
42,2556,0.32942819595336914,0.1865752786397934,0.2914499044418335,0.13136476278305054
42,2557,0.2812860310077667,0.15711303055286407,0.25192081928253174,0.11702349781990051
42,2558,0.2926679849624634,0.16298609972000122,0.2684175372123718,0.11157441139221191
42,2559,0.28711235523223877,0.16930995881557465,0.23277068138122559,0.12347051501274109
42,2560,0.2719627618789673,0.15894542634487152,0.22159534692764282,0.1218959391117096
42,2561,0.2343689650297165,0.13287721574306488,0.20536959171295166,0.09671957790851593
42,2562,0.21464739739894867,0.11588750779628754,0.2009958028793335,0.09180782735347748
42,2563,0.31701117753982544,0.19473247230052948,0.23563235998153687,0.14012879133224487
42,2564,0.2775438725948334,0.1569734364748001,0.24351215362548828,0.11582790315151215
42,2565,0.26687413454055786,0.15478375554084778,0.22054123878479004,0.11936945468187332
42,2566,0.2671397924423218,0.15269632637500763,0.2307804822921753,0.11065639555454254
42,2567,0.2896803915500641,0.17232823371887207,0.22552621364593506,0.1357083022594452
42,2568,0.3085084855556488,0.17990455031394958,0.2524421811103821,0.13813528418540955
42,2569,0.2620803117752075,0.15025947988033295,0.2214297652244568,0.11624467372894287
42,2570,0.28470098972320557,0.16217772662639618,0.24258041381835938,0.12745536863803864
42,2571,0.29690688848495483,0.17722144722938538,0.24415206909179688,0.11012297123670578
42,2572,0.29358792304992676,0.16049163043498993,0.2729453444480896,0.11959081888198853
42,2573,0.2308160811662674,0.12914128601551056,0.20494508743286133,0.09848375618457794
42,2574,0.2720737159252167,0.15215840935707092,0.24106347560882568,0.11744954437017441
42,2575,0.25013479590415955,0.1437930017709732,0.20979171991348267,0.11212563514709473
42,2576,0.27604275941848755,0.15407930314540863,0.24616926908493042,0.11747869849205017
42,2577,0.2664267122745514,0.14757268130779266,0.24344903230667114,0.10737206041812897
42,2578,0.22551731765270233,0.129923015832901,0.18962281942367554,0.09872585535049438
42,2579,0.257628470659256,0.15070568025112152,0.2104172706604004,0.1137794479727745
42,2580,0.2757132053375244,0.16292880475521088,0.22390013933181763,0.11612176895141602
43,2581,0.23800897598266602,0.13991118967533112,0.19441348314285278,0.10166195780038834
43,2582,0.28861621022224426,0.1751529723405838,0.2185801863670349,0.13015581667423248
43,2583,0.2619051933288574,0.14606940746307373,0.234815776348114,0.10954734683036804
43,2584,0.248855322599411,0.13817626237869263,0.22301757335662842,0.10736020654439926
43,2585,0.2491447925567627,0.13950082659721375,0.22006773948669434,0.10808437317609787
43,2586,0.259837806224823,0.14794921875,0.22340106964111328,0.11264078319072723
43,2587,0.26593849062919617,0.13936662673950195,0.2643837332725525,0.10409188270568848
43,2588,0.28141161799430847,0.16129131615161896,0.24300026893615723,0.11460099369287491
43,2589,0.26933935284614563,0.15043510496616364,0.24195945262908936,0.11060244590044022
43,2590,0.26390212774276733,0.1523776799440384,0.21935683488845825,0.1189085841178894
43,2591,0.2525009214878082,0.14810939133167267,0.20591068267822266,0.11013633757829666
43,2592,0.23868758976459503,0.13534151017665863,0.20812112092971802,0.10048817098140717
43,2593,0.28261345624923706,0.15689264237880707,0.25409501791000366,0.12041410803794861
43,2594,0.2713247239589691,0.15459087491035461,0.23571842908859253,0.11223244667053223
43,2595,0.2625374495983124,0.1508038341999054,0.22132188081741333,0.11602428555488586
43,2596,0.28948062658309937,0.16456930339336395,0.2488325834274292,0.12689150869846344
43,2597,0.27859023213386536,0.1508830487728119,0.26232051849365234,0.11389477550983429
43,2598,0.2962658405303955,0.17486758530139923,0.23779618740081787,0.13139882683753967
43,2599,0.23463766276836395,0.12954966723918915,0.21315068006515503,0.09913860261440277
43,2600,0.2947937250137329,0.17224249243736267,0.23859286308288574,0.1355704516172409
43,2601,0.2805873155593872,0.15920332074165344,0.2410740852355957,0.12477175891399384
43,2602,0.2671763300895691,0.14987614750862122,0.23413026332855225,0.11824040114879608
43,2603,0.28482282161712646,0.16215896606445312,0.24818956851959229,0.11694009602069855
43,2604,0.24608485400676727,0.14261160790920258,0.20199054479599,0.11338511109352112
43,2605,0.28968149423599243,0.16302135586738586,0.25364887714385986,0.12600287795066833
43,2606,0.25094491243362427,0.13794805109500885,0.22945237159729004,0.10607962310314178
43,2607,0.34964612126350403,0.20377711951732635,0.29034775495529175,0.1486494541168213
43,2608,0.2763654887676239,0.16128630936145782,0.22737246751785278,0.1206509917974472
43,2609,0.26362738013267517,0.14516721665859222,0.23964565992355347,0.11300955712795258
43,2610,0.23406849801540375,0.13435876369476318,0.19847476482391357,0.10159918665885925
43,2611,0.24659520387649536,0.1362473964691162,0.22268426418304443,0.1063704788684845
43,2612,0.27433446049690247,0.14980565011501312,0.2548230290412903,0.11299806833267212
43,2613,0.2961912751197815,0.17395144701004028,0.23892450332641602,0.1333501785993576
43,2614,0.2775961756706238,0.1655052900314331,0.21968132257461548,0.12109169363975525
43,2615,0.25808843970298767,0.15156154334545135,0.2091415524482727,0.11435142904520035
43,2616,0.3214629590511322,0.18965904414653778,0.2559369206428528,0.14714574813842773
43,2617,0.2587703764438629,0.1481916606426239,0.22159862518310547,0.10969637334346771
43,2618,0.32786643505096436,0.1964147537946701,0.2570592164993286,0.1431400328874588
43,2619,0.24637335538864136,0.1410009264945984,0.20858168601989746,0.10969875752925873
43,2620,0.2786412835121155,0.1488158404827118,0.2705466151237488,0.10803402960300446
43,2621,0.2644616365432739,0.1414918452501297,0.2527961730957031,0.10925668478012085
43,2622,0.3128737807273865,0.16568157076835632,0.30438417196273804,0.12719270586967468
43,2623,0.2795896828174591,0.15619128942489624,0.24977314472198486,0.11744575202465057
43,2624,0.3020930588245392,0.16651320457458496,0.2763780355453491,0.1251431703567505
43,2625,0.2601901888847351,0.14705225825309753,0.22472155094146729,0.1162465363740921
43,2626,0.22926440834999084,0.12965530157089233,0.19923049211502075,0.09958456456661224
43,2627,0.272428959608078,0.15841378271579742,0.23146837949752808,0.1071392148733139
43,2628,0.2783311903476715,0.1597934514284134,0.2350444197654724,0.12259992957115173
43,2629,0.2768448293209076,0.16192792356014252,0.2257401943206787,0.12310415506362915
43,2630,0.2881026566028595,0.1721002161502838,0.22744709253311157,0.12511809170246124
43,2631,0.2165832668542862,0.12247724086046219,0.18808311223983765,0.09436388313770294
43,2632,0.2655855119228363,0.1553579866886139,0.21596640348434448,0.11920484155416489
43,2633,0.26208049058914185,0.1449243277311325,0.24051088094711304,0.10475905239582062
43,2634,0.31921887397766113,0.18224532902240753,0.2738199830055237,0.1372278332710266
43,2635,0.2947978973388672,0.17132814228534698,0.24891585111618042,0.11951715499162674
43,2636,0.2693162262439728,0.1558961272239685,0.22627192735671997,0.11455656588077545
43,2637,0.2817191779613495,0.16402612626552582,0.23352593183517456,0.12141329795122147
43,2638,0.28742924332618713,0.16152167320251465,0.25512444972991943,0.11928897351026535
43,2639,0.29004693031311035,0.16070522367954254,0.26599448919296265,0.11471962928771973
43,2640,0.2629338502883911,0.1499374508857727,0.22313201427459717,0.11871793866157532
44,2641,0.2671845257282257,0.14375069737434387,0.2542816996574402,0.10860583186149597
44,2642,0.2644224762916565,0.1439925730228424,0.2449042797088623,0.11234094202518463
44,2643,0.278277724981308,0.15728260576725006,0.2417001724243164,0.12157531827688217
44,2644,0.23474542796611786,0.13273976743221283,0.2066696286201477,0.09668907523155212
44,2645,0.24449165165424347,0.13220882415771484,0.22907549142837524,0.10326319932937622
44,2646,0.27218466997146606,0.15158115327358246,0.24513423442840576,0.11274915933609009
44,2647,0.22244401276111603,0.127197727560997,0.18963634967803955,0.0969587117433548
44,2648,0.2578507363796234,0.1459045708179474,0.22381478548049927,0.11210127174854279
44,2649,0.264917254447937,0.14988350868225098,0.22981494665145874,0.11553877592086792
44,2650,0.269746869802475,0.15586887300014496,0.2229381799697876,0.1235136166214943
44,2651,0.28048643469810486,0.158344566822052,0.24251163005828857,0.12568612396717072
44,2652,0.2510017156600952,0.14120981097221375,0.21772706508636475,0.11350546777248383
44,2653,0.2447211742401123,0.13342362642288208,0.22862547636032104,0.09923683106899261
44,2654,0.25645217299461365,0.1413220912218094,0.23398315906524658,0.10768413543701172
44,2655,0.24636264145374298,0.14385825395584106,0.20617127418518066,0.10017935931682587
44,2656,0.24312792718410492,0.13459064066410065,0.21929246187210083,0.1041015237569809
44,2657,0.27741822600364685,0.15672717988491058,0.24293124675750732,0.1175927221775055
44,2658,0.27829569578170776,0.1609443575143814,0.23765122890472412,0.1114543005824089
44,2659,0.2741544544696808,0.15731890499591827,0.23526531457901,0.11364720016717911
44,2660,0.2994934320449829,0.1612846851348877,0.2834339141845703,0.12417583167552948
44,2661,0.2565664052963257,0.14726483821868896,0.21544498205184937,0.11561781167984009
44,2662,0.2739899158477783,0.15514037013053894,0.2390872836112976,0.11607316136360168
44,2663,0.23349326848983765,0.1316959410905838,0.2037706971168518,0.101445272564888
44,2664,0.28141480684280396,0.15567250549793243,0.25548237562179565,0.1177467554807663
44,2665,0.267885684967041,0.1489190310239792,0.24215662479400635,0.11052003502845764
44,2666,0.2907506823539734,0.16487319767475128,0.2547546625137329,0.11987797915935516
44,2667,0.24902844429016113,0.14143472909927368,0.2150341272354126,0.10790035128593445
44,2668,0.28649869561195374,0.16912353038787842,0.22665953636169434,0.13355666399002075
44,2669,0.25065627694129944,0.14009182155132294,0.2249755859375,0.10287108272314072
44,2670,0.2543116807937622,0.14222441613674164,0.22725218534469604,0.1059318333864212
44,2671,0.28877371549606323,0.15184316039085388,0.2867308259010315,0.1111910492181778
44,2672,0.2547813951969147,0.14146208763122559,0.22847914695739746,0.10963830351829529
44,2673,0.21901752054691315,0.1223456934094429,0.19404375553131104,0.09527158737182617
44,2674,0.23940783739089966,0.13670362532138824,0.2036440372467041,0.10623298585414886
44,2675,0.28198638558387756,0.16268016397953033,0.23612189292907715,0.12428724765777588
44,2676,0.28448188304901123,0.16632789373397827,0.23227477073669434,0.1262204498052597
44,2677,0.2436898797750473,0.13318730890750885,0.22566497325897217,0.10118287801742554
44,2678,0.34949493408203125,0.21022073924541473,0.27041834592819214,0.1555342972278595
44,2679,0.2878083288669586,0.1604187786579132,0.2570347189903259,0.12287822365760803
44,2680,0.2683267295360565,0.1536121368408203,0.2266826033592224,0.12020769715309143
44,2681,0.24037061631679535,0.13636867702007294,0.20807558298110962,0.10385847091674805
44,2682,0.310809463262558,0.17646090686321259,0.2689419984817505,0.1338588297367096
44,2683,0.26881811022758484,0.1522684246301651,0.2339411973953247,0.11486602574586868
44,2684,0.2757786810398102,0.158686563372612,0.23134195804595947,0.12277661263942719
44,2685,0.2728472948074341,0.14594541490077972,0.2632255554199219,0.1080583706498146
44,2686,0.24653595685958862,0.14438091218471527,0.20484745502471924,0.10108029842376709
44,2687,0.24911372363567352,0.14379146695137024,0.20979994535446167,0.10701139271259308
44,2688,0.2768506705760956,0.15632693469524384,0.24061065912246704,0.12139735370874405
44,2689,0.25896134972572327,0.15002746880054474,0.21498048305511475,0.11470843851566315
44,2690,0.22831590473651886,0.12994526326656342,0.19487476348876953,0.10210373997688293
44,2691,0.22597526013851166,0.12366681545972824,0.2086862325668335,0.09416975826025009
44,2692,0.29525676369667053,0.17214369773864746,0.2418583631515503,0.13184860348701477
44,2693,0.23337575793266296,0.13428764045238495,0.19637727737426758,0.10268601775169373
44,2694,0.26034045219421387,0.1387338787317276,0.2551896572113037,0.09765350818634033
44,2695,0.32776135206222534,0.18767982721328735,0.27924251556396484,0.14192259311676025
44,2696,0.30357247591018677,0.1635558307170868,0.28923434019088745,0.12161441147327423
44,2697,0.25080564618110657,0.14642636477947235,0.20589321851730347,0.11010990291833878
44,2698,0.26847153902053833,0.15357749164104462,0.23176777362823486,0.11093463003635406
44,2699,0.29889973998069763,0.18128643929958344,0.23000705242156982,0.12805233895778656
44,2700,0.26022350788116455,0.15004238486289978,0.21940797567367554,0.11208970844745636
45,2701,0.26575666666030884,0.16117873787879944,0.20778405666351318,0.10732150077819824
45,2702,0.3052647113800049,0.17661349475383759,0.25920426845550537,0.1248476654291153
45,2703,0.25960037112236023,0.14897039532661438,0.224920392036438,0.10330910235643387
45,2704,0.23104844987392426,0.1313401609659195,0.20358943939208984,0.09136253595352173
45,2705,0.2967202663421631,0.17399507761001587,0.2446070909500122,0.12441171705722809
45,2706,0.2595136761665344,0.14793148636817932,0.22346621751785278,0.11097843945026398
45,2707,0.2839277982711792,0.16247791051864624,0.2444024682044983,0.11844457685947418
45,2708,0.2891639173030853,0.16703097522258759,0.24501103162765503,0.12064261734485626
45,2709,0.27260157465934753,0.15833589434623718,0.2248021364212036,0.12172412872314453
45,2710,0.2844057083129883,0.16250360012054443,0.2463410496711731,0.11682838201522827
45,2711,0.27414262294769287,0.15853124856948853,0.23257702589035034,0.11290277540683746
45,2712,0.26256263256073,0.14834009110927582,0.22992008924484253,0.11127255856990814
45,2713,0.28778180480003357,0.17062775790691376,0.2303760051727295,0.12501823902130127
45,2714,0.24176427721977234,0.14269956946372986,0.19573676586151123,0.10384996235370636
45,2715,0.24202024936676025,0.13781891763210297,0.20671159029006958,0.10758350789546967
45,2716,0.24203376471996307,0.14148001372814178,0.19651949405670166,0.10972976684570312
45,2717,0.27738073468208313,0.16121917963027954,0.22722572088241577,0.12635639309883118
45,2718,0.3105013370513916,0.1837504357099533,0.25619930028915405,0.12135598808526993
45,2719,0.2661695182323456,0.15289613604545593,0.22626864910125732,0.11382957547903061
45,2720,0.28180253505706787,0.15507608652114868,0.2589882016181946,0.11565585434436798
45,2721,0.27337127923965454,0.15676742792129517,0.23129534721374512,0.12042847275733948
45,2722,0.26875460147857666,0.15779580175876617,0.2166571021080017,0.12147974967956543
45,2723,0.2479574829339981,0.13565464317798615,0.22835773229599,0.10479875653982162
45,2724,0.2659560441970825,0.1535061001777649,0.22502422332763672,0.11220128834247589
45,2725,0.2698269784450531,0.16146887838840485,0.21116715669631958,0.11945625394582748
45,2726,0.2664855420589447,0.15230290591716766,0.22911930084228516,0.1126745194196701
45,2727,0.2599540054798126,0.1507771611213684,0.21464049816131592,0.11660325527191162
45,2728,0.3198727071285248,0.18134091794490814,0.27731049060821533,0.13803791999816895
45,2729,0.26138603687286377,0.14655442535877228,0.23299723863601685,0.10816358029842377
45,2730,0.26423513889312744,0.14181369543075562,0.2532997131347656,0.10550779104232788
45,2731,0.24481232464313507,0.14002828299999237,0.20803910493850708,0.10784198343753815
45,2732,0.2840641438961029,0.15404123067855835,0.2675856947898865,0.11494326591491699
45,2733,0.2991850674152374,0.17943152785301208,0.2289549708366394,0.1408577263355255
45,2734,0.264090359210968,0.16222554445266724,0.20211154222488403,0.10510104894638062
45,2735,0.2489076554775238,0.1476656049489975,0.20249736309051514,0.10121551156044006
45,2736,0.26950204372406006,0.14925062656402588,0.24185210466384888,0.11755292117595673
45,2737,0.3167355954647064,0.19081443548202515,0.2480413317680359,0.13352324068546295
45,2738,0.26011595129966736,0.1521938443183899,0.21393203735351562,0.11174649000167847
45,2739,0.2948222756385803,0.17543664574623108,0.22988659143447876,0.1371549665927887
45,2740,0.3116091787815094,0.1865261346101761,0.2400914430618286,0.1452323943376541
45,2741,0.32426995038986206,0.18628589808940887,0.27633655071258545,0.1372472047805786
45,2742,0.26245808601379395,0.14991289377212524,0.22373825311660767,0.11524944007396698
45,2743,0.2495070993900299,0.13956385850906372,0.22117918729782104,0.10735780000686646
45,2744,0.2863926887512207,0.16226013004779816,0.24969565868377686,0.12127140164375305
45,2745,0.22512120008468628,0.12379637360572815,0.20540469884872437,0.09581474959850311
45,2746,0.2840542793273926,0.1638314425945282,0.23612892627716064,0.12885631620883942
45,2747,0.2973235249519348,0.1716814786195755,0.2474917769432068,0.1332266628742218
45,2748,0.2491527497768402,0.14175479114055634,0.21354961395263672,0.10989055037498474
45,2749,0.26358503103256226,0.15193209052085876,0.22132891416549683,0.1156068742275238
45,2750,0.22440846264362335,0.12923447787761688,0.18661195039749146,0.10264594852924347
45,2751,0.2520386576652527,0.14486008882522583,0.2129153609275818,0.11006210744380951
45,2752,0.21885177493095398,0.12221222370862961,0.19335877895355225,0.09648016095161438
45,2753,0.24241089820861816,0.13252510130405426,0.2248924970626831,0.0996439978480339
45,2754,0.2894246578216553,0.16773612797260284,0.23874831199645996,0.1309460997581482
45,2755,0.2310962975025177,0.13257524371147156,0.1946049928665161,0.10339528322219849
45,2756,0.24877957999706268,0.1406526267528534,0.2165469527244568,0.10754086822271347
45,2757,0.2778061330318451,0.15592683851718903,0.24655258655548096,0.11629141122102737
45,2758,0.3276672959327698,0.19090130925178528,0.27253878116607666,0.13875237107276917
45,2759,0.32052260637283325,0.19534677267074585,0.2418135404586792,0.1422521471977234
45,2760,0.25874704122543335,0.14439652860164642,0.22948092222213745,0.1127907931804657
46,2761,0.28150513768196106,0.16524948179721832,0.22592592239379883,0.12942638993263245
46,2762,0.2688503861427307,0.15171019732952118,0.23786896467208862,0.10996292531490326
46,2763,0.30466705560684204,0.18346454203128815,0.2335631251335144,0.1388862282037735
46,2764,0.2501421868801117,0.14419741928577423,0.20994389057159424,0.10983599722385406
46,2765,0.2615921199321747,0.15085920691490173,0.2177525758743286,0.11815931648015976
46,2766,0.2516899108886719,0.13229599595069885,0.24613672494888306,0.10469622910022736
46,2767,0.2504361867904663,0.139876127243042,0.2222265601158142,0.10834713280200958
46,2768,0.27619031071662903,0.1523037701845169,0.25068122148513794,0.11807031184434891
46,2769,0.24757039546966553,0.1441539227962494,0.20281600952148438,0.11145035177469254
46,2770,0.28038522601127625,0.1601240187883377,0.2438298463821411,0.11364638060331345
46,2771,0.29226723313331604,0.1660269945859909,0.25144755840301514,0.128306046128273
46,2772,0.2417055070400238,0.13557402789592743,0.21313339471817017,0.10439060628414154
46,2773,0.2533133327960968,0.13979704678058624,0.22886860370635986,0.10984423756599426
46,2774,0.2985493242740631,0.17297840118408203,0.2476932406425476,0.13246823847293854
46,2775,0.3145350515842438,0.1872594803571701,0.24596023559570312,0.14445742964744568
46,2776,0.2846839129924774,0.16784736514091492,0.2317880392074585,0.12060663104057312
46,2777,0.257424920797348,0.14777003228664398,0.2181943655014038,0.11188572645187378
46,2778,0.24526895582675934,0.1377590000629425,0.21595382690429688,0.10564213991165161
46,2779,0.27935168147087097,0.15923509001731873,0.23999953269958496,0.12058398872613907
46,2780,0.2544623017311096,0.14111462235450745,0.2293684482574463,0.1080014705657959
46,2781,0.2433888018131256,0.1286640167236328,0.23819416761398315,0.09723556786775589
46,2782,0.2633761465549469,0.15280473232269287,0.22061431407928467,0.11162848770618439
46,2783,0.26109594106674194,0.15392836928367615,0.21134185791015625,0.11315419524908066
46,2784,0.3166833519935608,0.19102223217487335,0.24199527502059937,0.14431512355804443
46,2785,0.26561111211776733,0.15185847878456116,0.22478723526000977,0.11918878555297852
46,2786,0.25336235761642456,0.14022284746170044,0.22766977548599243,0.11035796999931335
46,2787,0.3108690083026886,0.17925365269184113,0.2581213712692261,0.14183399081230164
46,2788,0.26549220085144043,0.1541425734758377,0.21752727031707764,0.12169357389211655
46,2789,0.21213535964488983,0.12008309364318848,0.1836356520652771,0.09299004077911377
46,2790,0.24168038368225098,0.13579030334949493,0.21050918102264404,0.10843199491500854
46,2791,0.2509724497795105,0.1433415561914444,0.21238863468170166,0.11337724328041077
46,2792,0.30785515904426575,0.18197420239448547,0.2464531660079956,0.13649842143058777
46,2793,0.26621195673942566,0.1500435769557953,0.2314041256904602,0.11803363263607025
46,2794,0.33322325348854065,0.20103369653224945,0.25344598293304443,0.15405583381652832
46,2795,0.25250670313835144,0.13338404893875122,0.2466462254524231,0.10232082009315491
46,2796,0.25415340065956116,0.14584916830062866,0.21624726057052612,0.10902655124664307
46,2797,0.2608194947242737,0.14918003976345062,0.22215157747268677,0.11389411985874176
46,2798,0.2993887960910797,0.17425735294818878,0.24698203802108765,0.13169312477111816
46,2799,0.2731083035469055,0.15934252738952637,0.22481012344360352,0.11920863389968872
46,2800,0.28832313418388367,0.16967768967151642,0.23540890216827393,0.12240945547819138
46,2801,0.27348411083221436,0.1573982536792755,0.23085325956344604,0.11872275173664093
46,2802,0.2771843671798706,0.16506816446781158,0.21691185235977173,0.12675730884075165
46,2803,0.26463887095451355,0.14209258556365967,0.25407350063323975,0.10458439588546753
46,2804,0.31904369592666626,0.1990043669939041,0.23396819829940796,0.13226035237312317
46,2805,0.2758427560329437,0.15323099493980408,0.24984246492385864,0.11337387561798096
46,2806,0.274184912443161,0.1527848243713379,0.24518364667892456,0.11663320660591125
46,2807,0.33097589015960693,0.1906101256608963,0.2777082324028015,0.1464124619960785
46,2808,0.2630317807197571,0.14828746020793915,0.2295737862586975,0.11457404494285583
46,2809,0.26209962368011475,0.1457875818014145,0.234111487865448,0.11333723366260529
46,2810,0.24851065874099731,0.1393105536699295,0.21895813941955566,0.10808424651622772
46,2811,0.23429736495018005,0.13118599355220795,0.20724886655807495,0.10105911642313004
46,2812,0.22836247086524963,0.1304299682378769,0.19336915016174316,0.10292428731918335
46,2813,0.28762200474739075,0.1609511524438858,0.25638002157211304,0.12059420347213745
46,2814,0.2906050682067871,0.1622953712940216,0.2579520344734192,0.12564438581466675
46,2815,0.27135568857192993,0.15322592854499817,0.23754185438156128,0.11556513607501984
46,2816,0.25380492210388184,0.14208894968032837,0.2251092791557312,0.10836130380630493
46,2817,0.2638069689273834,0.1532917320728302,0.21781045198440552,0.1169552132487297
46,2818,0.2554454803466797,0.14200469851493835,0.22856354713439941,0.11007679998874664
46,2819,0.25319185853004456,0.1390843391418457,0.23111218214035034,0.10831327736377716
46,2820,0.2896367013454437,0.16512538492679596,0.25392043590545654,0.11471574753522873
47,2821,0.27420997619628906,0.15619803965091705,0.23424983024597168,0.12155995517969131
47,2822,0.32245317101478577,0.18243888020515442,0.28433436155319214,0.13140282034873962
47,2823,0.2472616732120514,0.13958574831485748,0.2137049436569214,0.1109696626663208
47,2824,0.23956096172332764,0.13439559936523438,0.21246272325515747,0.10090138018131256
47,2825,0.2802134156227112,0.16528472304344177,0.2223038673400879,0.1300356537103653
47,2826,0.27514272928237915,0.1549861878156662,0.24356919527053833,0.1136443018913269
47,2827,0.2470386028289795,0.14050576090812683,0.2113756537437439,0.10991287976503372
47,2828,0.2203175276517868,0.12861894071102142,0.17719751596450806,0.10409791767597198
47,2829,0.2741996645927429,0.1538168042898178,0.2428455352783203,0.11622331291437149
47,2830,0.24263960123062134,0.12945814430713654,0.2321273684501648,0.10165262222290039
47,2831,0.3053467273712158,0.18085861206054688,0.24403232336044312,0.13437604904174805
47,2832,0.22466406226158142,0.1284758448600769,0.19078510999679565,0.09937086701393127
47,2833,0.2534177005290985,0.1460246443748474,0.21286743879318237,0.11123032122850418
47,2834,0.27130454778671265,0.1520506590604782,0.23975276947021484,0.11676385998725891
47,2835,0.21746641397476196,0.12479748576879501,0.1858091950416565,0.09172625094652176
47,2836,0.282627671957016,0.16008634865283966,0.24777483940124512,0.11715701222419739
47,2837,0.2749454975128174,0.1571495234966278,0.2367086410522461,0.11556251347064972
47,2838,0.27739566564559937,0.15686525404453278,0.24446642398834229,0.11371929943561554
47,2839,0.30127525329589844,0.17629411816596985,0.24726730585098267,0.1303710639476776
47,2840,0.25710219144821167,0.14424188435077667,0.22780853509902954,0.10868440568447113
47,2841,0.2626083493232727,0.15218989551067352,0.21880823373794556,0.11447584629058838
47,2842,0.2444615215063095,0.13965585827827454,0.20876634120941162,0.10649563372135162
47,2843,0.26230964064598083,0.15163743495941162,0.2159956693649292,0.12136964499950409
47,2844,0.2993934750556946,0.17434602975845337,0.24613159894943237,0.13297411799430847
47,2845,0.28620845079421997,0.15995068848133087,0.2550976872444153,0.12109338492155075
47,2846,0.253079891204834,0.14285574853420258,0.21900010108947754,0.11312053352594376
47,2847,0.28213801980018616,0.16041484475135803,0.24289429187774658,0.12282733619213104
47,2848,0.24707183241844177,0.139041006565094,0.2166748046875,0.10680451989173889
47,2849,0.2921011745929718,0.1560615450143814,0.2802722454071045,0.1196536049246788
47,2850,0.2781165540218353,0.15427003800868988,0.2517644166946411,0.11570383608341217
47,2851,0.2512036859989166,0.1447315216064453,0.20847004652023315,0.11542069911956787
47,2852,0.3082774877548218,0.17554837465286255,0.2663571238517761,0.1309312880039215
47,2853,0.29284539818763733,0.15920495986938477,0.2735171914100647,0.12116768211126328
47,2854,0.2637394964694977,0.15296165645122528,0.21509987115859985,0.1236894428730011
47,2855,0.3375053107738495,0.19642199575901031,0.27577829360961914,0.1538599729537964
47,2856,0.27725234627723694,0.1645154356956482,0.22133362293243408,0.12101726233959198
47,2857,0.2529100775718689,0.1403622329235077,0.22687363624572754,0.10899188369512558
47,2858,0.2893008589744568,0.1620306670665741,0.2544148564338684,0.12752112746238708
47,2859,0.24948982894420624,0.14209432899951935,0.21432405710220337,0.10832946002483368
47,2860,0.255612313747406,0.13781119883060455,0.24383705854415894,0.10133141279220581
47,2861,0.2689167261123657,0.15586596727371216,0.22040694952011108,0.12443996965885162
47,2862,0.2524365484714508,0.14174623787403107,0.2226077914237976,0.10823588818311691
47,2863,0.2584499418735504,0.14640501141548157,0.22238969802856445,0.11544518917798996
47,2864,0.26180243492126465,0.14910270273685455,0.22318047285079956,0.11713779717683792
47,2865,0.26182833313941956,0.14552921056747437,0.23629271984100342,0.10891014337539673
47,2866,0.26120972633361816,0.14817313849925995,0.22493839263916016,0.11530619859695435
47,2867,0.27458739280700684,0.16441583633422852,0.21123069524765015,0.12839633226394653
47,2868,0.2880200743675232,0.16593167185783386,0.2390364408493042,0.13236908614635468
47,2869,0.26281002163887024,0.15287214517593384,0.21813786029815674,0.11341360211372375
47,2870,0.22312955558300018,0.12152700871229172,0.20657747983932495,0.09485776722431183
47,2871,0.28654980659484863,0.15999412536621094,0.254286527633667,0.12420530617237091
47,2872,0.28861352801322937,0.16843485832214355,0.23540985584259033,0.13007359206676483
47,2873,0.25986406207084656,0.15005022287368774,0.21995699405670166,0.10915513336658478
47,2874,0.28857186436653137,0.15926547348499298,0.26218676567077637,0.12215837836265564
47,2875,0.25865235924720764,0.14265801012516022,0.2358199954032898,0.10833179950714111
47,2876,0.20551951229572296,0.11280281841754913,0.18805623054504395,0.08747100085020065
47,2877,0.2557849884033203,0.14402711391448975,0.22443866729736328,0.10991206765174866
47,2878,0.23502439260482788,0.12844209372997284,0.2185525894165039,0.0958063006401062
47,2879,0.23380088806152344,0.13630913197994232,0.19313865900039673,0.10118138790130615
47,2880,0.26674407720565796,0.1535072922706604,0.2224319577217102,0.12132006883621216
48,2881,0.2681903541088104,0.15042538940906525,0.23559433221817017,0.11763619631528854
48,2882,0.2715900242328644,0.15922734141349792,0.22462081909179688,0.11257165670394897
48,2883,0.2622532248497009,0.149363175034523,0.22839510440826416,0.1076599657535553
48,2884,0.2736220359802246,0.15539328753948212,0.2378745675086975,0.11539456248283386
48,2885,0.2305978536605835,0.1331247091293335,0.19217151403427124,0.10302265733480453
48,2886,0.29418933391571045,0.17422854900360107,0.2368040680885315,0.1261957883834839
48,2887,0.22530730068683624,0.12654925882816315,0.19922351837158203,0.095343217253685
48,2888,0.23895163834095,0.13393278419971466,0.21293842792510986,0.09921737015247345
48,2889,0.30580729246139526,0.18227577209472656,0.24129456281661987,0.13506841659545898
48,2890,0.27693280577659607,0.1604236513376236,0.22993391752243042,0.1226779967546463
48,2891,0.26670846343040466,0.15227095782756805,0.22631150484085083,0.11956452578306198
48,2892,0.2647089660167694,0.15284524857997894,0.2212580442428589,0.11680250614881516
48,2893,0.27142783999443054,0.1515023410320282,0.24540561437606812,0.10881627351045609
48,2894,0.25853750109672546,0.1434500515460968,0.23207688331604004,0.11128348112106323
48,2895,0.29162731766700745,0.17645950615406036,0.22520750761032104,0.12542417645454407
48,2896,0.2719091773033142,0.14904679358005524,0.2484605312347412,0.11739088594913483
48,2897,0.2561340928077698,0.14281922578811646,0.2282264232635498,0.11012157797813416
48,2898,0.2449355572462082,0.14284515380859375,0.19897907972335815,0.11249387264251709
48,2899,0.24268898367881775,0.13832852244377136,0.20565462112426758,0.11049303412437439
48,2900,0.2582279443740845,0.14168931543827057,0.23463106155395508,0.11343099176883698
48,2901,0.22236619889736176,0.12320610135793686,0.20101398229599,0.09377246350049973
48,2902,0.28744521737098694,0.16094882786273956,0.2528526186943054,0.12677669525146484
48,2903,0.22318851947784424,0.12415160238742828,0.19875365495681763,0.09767729789018631
48,2904,0.2529307007789612,0.13317331671714783,0.24811816215515137,0.10255049169063568
48,2905,0.28669947385787964,0.16923914849758148,0.22562438249588013,0.13605275750160217
48,2906,0.2850923538208008,0.15885862708091736,0.25305473804473877,0.1250591278076172
48,2907,0.26306310296058655,0.15447507798671722,0.21178674697875977,0.11936667561531067
48,2908,0.2703077793121338,0.15063737332820892,0.23947638273239136,0.1193993091583252
48,2909,0.2597695291042328,0.14697830379009247,0.22280287742614746,0.11835038661956787
48,2910,0.2649545669555664,0.1491623967885971,0.2322058081626892,0.11454921215772629
48,2911,0.2469089776277542,0.1392917037010193,0.2151254415512085,0.10783544927835464
48,2912,0.2959538400173187,0.16169138252735138,0.27237725257873535,0.1265578269958496
48,2913,0.30878663063049316,0.17069034278392792,0.2775654196739197,0.13535058498382568
48,2914,0.2498665601015091,0.1472487598657608,0.19871628284454346,0.11565650254487991
48,2915,0.2714843451976776,0.161546990275383,0.21239221096038818,0.1249024048447609
48,2916,0.27860015630722046,0.1505921185016632,0.26348525285720825,0.11306965351104736
48,2917,0.27505090832710266,0.15733900666236877,0.2348957061767578,0.11876808851957321
48,2918,0.2714194655418396,0.14869621396064758,0.2507092356681824,0.11219784617424011
48,2919,0.2820736765861511,0.1559433490037918,0.25440889596939087,0.12183387577533722
48,2920,0.2921649217605591,0.17096534371376038,0.2393646240234375,0.12726858258247375
48,2921,0.30212077498435974,0.17823854088783264,0.24066483974456787,0.1380814164876938
48,2922,0.26815661787986755,0.16001860797405243,0.2109103798866272,0.11886930465698242
48,2923,0.2711220383644104,0.15677319467067719,0.2251262068748474,0.12149184197187424
48,2924,0.2466498762369156,0.13655804097652435,0.223199725151062,0.10405972599983215
48,2925,0.25710487365722656,0.14663007855415344,0.22205287218093872,0.10826822370290756
48,2926,0.26544612646102905,0.16218259930610657,0.199110746383667,0.11809612810611725
48,2927,0.2895207703113556,0.16998374462127686,0.23610275983810425,0.125479593873024
48,2928,0.2767321467399597,0.15740327537059784,0.2405555248260498,0.11553335189819336
48,2929,0.24713696539402008,0.13628080487251282,0.22783660888671875,0.09860759973526001
48,2930,0.2712864875793457,0.16158568859100342,0.21119612455368042,0.1261117309331894
48,2931,0.24712693691253662,0.13934867084026337,0.21617430448532104,0.1065426915884018
48,2932,0.2458406388759613,0.13872216641902924,0.21360230445861816,0.10838775336742401
48,2933,0.2977138161659241,0.17133864760398865,0.25340819358825684,0.12505942583084106
48,2934,0.26358646154403687,0.1566900759935379,0.20591884851455688,0.12264416366815567
48,2935,0.26485949754714966,0.15638670325279236,0.21098530292510986,0.1203932836651802
48,2936,0.23855648934841156,0.13355541229248047,0.2119044065475464,0.1011965274810791
48,2937,0.26039278507232666,0.1507626324892044,0.21581262350082397,0.11652547121047974
48,2938,0.26626279950141907,0.15443620085716248,0.21875548362731934,0.1216220110654831
48,2939,0.25342032313346863,0.137065127491951,0.23884278535842896,0.1040903851389885
48,2940,0.3102927505970001,0.17456115782260895,0.27223068475723267,0.13419659435749054
49,2941,0.26009130477905273,0.1453435868024826,0.2327015995979309,0.10833531618118286
49,2942,0.26222100853919983,0.15183812379837036,0.21634775400161743,0.1192188635468483
49,2943,0.2877882719039917,0.16377346217632294,0.24681627750396729,0.12644144892692566
49,2944,0.26725873351097107,0.15393055975437164,0.22559523582458496,0.11545044183731079
49,2945,0.29725897312164307,0.16203239560127258,0.2796245813369751,0.11688361316919327
49,2946,0.24447636306285858,0.14138005673885345,0.2029765248298645,0.10952853411436081
49,2947,0.29763951897621155,0.17115069925785065,0.24949932098388672,0.13344542682170868
49,2948,0.27037063241004944,0.15241597592830658,0.23526352643966675,0.11924628913402557
49,2949,0.31770241260528564,0.18528610467910767,0.2666107416152954,0.12886002659797668
49,2950,0.25507915019989014,0.13995273411273956,0.2315506935119629,0.11253073066473007
49,2951,0.2539874017238617,0.1427549421787262,0.22573482990264893,0.10469259321689606
49,2952,0.26879629492759705,0.1529121994972229,0.2297114133834839,0.11999757587909698
49,2953,0.25843673944473267,0.14912103116512299,0.22157520055770874,0.10342812538146973
49,2954,0.3072708249092102,0.18271616101264954,0.2468554973602295,0.12906230986118317
49,2955,0.29922956228256226,0.16273991763591766,0.2786613702774048,0.12512555718421936
49,2956,0.24574965238571167,0.137287437915802,0.22080200910568237,0.1007070392370224
49,2957,0.30172932147979736,0.1765686720609665,0.24557089805603027,0.13466155529022217
49,2958,0.2528441250324249,0.14373694360256195,0.21975582838058472,0.10602433979511261
49,2959,0.2461753785610199,0.14348210394382477,0.20012575387954712,0.11321485787630081
49,2960,0.23913808166980743,0.12509916722774506,0.23750990629196167,0.09517475217580795
49,2961,0.2600087821483612,0.14596638083457947,0.22978752851486206,0.11063699424266815
49,2962,0.3012293577194214,0.1750991940498352,0.2504553198814392,0.1297401636838913
49,2963,0.2455672323703766,0.13723725080490112,0.21727383136749268,0.10710223019123077
49,2964,0.2586062550544739,0.14125198125839233,0.24053943157196045,0.10569243878126144
49,2965,0.28687357902526855,0.15824556350708008,0.26275360584259033,0.11763285100460052
49,2966,0.31214696168899536,0.1750369817018509,0.2746186852455139,0.13631252944469452
49,2967,0.2602856457233429,0.14874859154224396,0.22298461198806763,0.11171615868806839
49,2968,0.21816614270210266,0.12177355587482452,0.19327712059020996,0.09540869295597076
49,2969,0.3008490800857544,0.16705791652202606,0.27234452962875366,0.12426666915416718
49,2970,0.26759225130081177,0.15260770916938782,0.22733306884765625,0.12025660276412964
49,2971,0.24836881458759308,0.13635194301605225,0.22722584009170532,0.10563259571790695
49,2972,0.268184095621109,0.15070997178554535,0.2352868914604187,0.11679676175117493
49,2973,0.21688629686832428,0.11867555975914001,0.19823455810546875,0.09458459168672562
49,2974,0.27684199810028076,0.1575530469417572,0.23727202415466309,0.12190081179141998
49,2975,0.2923443019390106,0.16878440976142883,0.24630939960479736,0.12518060207366943
49,2976,0.24481837451457977,0.1369684487581253,0.21757900714874268,0.10409162938594818
49,2977,0.2563006579875946,0.14495038986206055,0.22073203325271606,0.11528730392456055
49,2978,0.2701008915901184,0.15592250227928162,0.2220745086669922,0.12674281001091003
49,2979,0.2569519281387329,0.13624192774295807,0.24931687116622925,0.10491620004177094
49,2980,0.2841874361038208,0.16395217180252075,0.23748809099197388,0.12620015442371368
49,2981,0.218413844704628,0.11909724771976471,0.2009987235069275,0.09458546340465546
49,2982,0.2655215859413147,0.1434129923582077,0.250366747379303,0.10980956256389618
49,2983,0.28028061985969543,0.1596396416425705,0.2383682131767273,0.1264684498310089
49,2984,0.27265167236328125,0.15129579603672028,0.24981820583343506,0.10714288055896759
49,2985,0.2606111764907837,0.15154966711997986,0.21394824981689453,0.11741101741790771
49,2986,0.23729266226291656,0.13810358941555023,0.19570505619049072,0.10453526675701141
49,2987,0.2595313787460327,0.15542052686214447,0.1996467113494873,0.12126095592975616
49,2988,0.2801966667175293,0.15974822640419006,0.23801958560943604,0.1262030303478241
49,2989,0.27219533920288086,0.15763384103775024,0.22489506006240845,0.12301737815141678
49,2990,0.2882305979728699,0.15204212069511414,0.28395265340805054,0.113037109375
49,2991,0.2691257894039154,0.15455377101898193,0.22858917713165283,0.1156817153096199
49,2992,0.27543070912361145,0.15543529391288757,0.24146896600723267,0.1170390322804451
49,2993,0.3027416169643402,0.17173610627651215,0.2613779902458191,0.13227146863937378
49,2994,0.2613919973373413,0.14653128385543823,0.23035919666290283,0.11358515173196793
49,2995,0.2688646912574768,0.14686624705791473,0.2496994137763977,0.11059346795082092
49,2996,0.30969005823135376,0.18786439299583435,0.2372252345085144,0.13467790186405182
49,2997,0.2901981770992279,0.1730523258447647,0.22504973411560059,0.1356297731399536
49,2998,0.27364835143089294,0.16126368939876556,0.21897470951080322,0.12397387623786926
49,2999,0.2423853576183319,0.1332833468914032,0.2206537127494812,0.10420261323451996
49,3000,0.2400839477777481,0.13038650155067444,0.2227117419242859,0.10306376218795776
50,3001,0.27579593658447266,0.15928904712200165,0.23072052001953125,0.12109331786632538
50,3002,0.2905544340610504,0.16539505124092102,0.24914783239364624,0.12750117480754852
50,3003,0.24541445076465607,0.13469597697257996,0.2224423885345459,0.10870759189128876
50,3004,0.2639058232307434,0.14956490695476532,0.22856062650680542,0.11458337306976318
50,3005,0.2606799900531769,0.14597326517105103,0.2297099232673645,0.11411382257938385
50,3006,0.26076972484588623,0.1468917280435562,0.2286340594291687,0.11212180554866791
50,3007,0.2686461806297302,0.15323878824710846,0.2321200966835022,0.11279677599668503
50,3008,0.31966322660446167,0.18286116421222687,0.2741110324859619,0.13578838109970093
50,3009,0.2863028049468994,0.1581878364086151,0.2604050040245056,0.11976483464241028
50,3010,0.35037147998809814,0.19912929832935333,0.3030351996421814,0.15014055371284485
50,3011,0.2686571776866913,0.1499330848455429,0.2402297854423523,0.11316092312335968
50,3012,0.28657519817352295,0.1675281822681427,0.2334335446357727,0.12836793065071106
50,3013,0.23655620217323303,0.13099919259548187,0.21452319622039795,0.09873867779970169
50,3014,0.3059234917163849,0.17953865230083466,0.25765174627304077,0.11662071943283081
50,3015,0.24029232561588287,0.14054714143276215,0.19415712356567383,0.11041168868541718
50,3016,0.29004642367362976,0.16395343840122223,0.2502683997154236,0.12992814183235168
50,3017,0.23520392179489136,0.13468046486377716,0.20129793882369995,0.1000213474035263
50,3018,0.2277068793773651,0.1304801106452942,0.19181442260742188,0.1025049090385437
50,3019,0.2425251007080078,0.13061301410198212,0.22991091012954712,0.09973861277103424
50,3020,0.33429771661758423,0.19930216670036316,0.25871825218200684,0.1575411856174469
50,3021,0.2922552227973938,0.1620754450559616,0.26257240772247314,0.1257539689540863
50,3022,0.2314508706331253,0.13031411170959473,0.20271533727645874,0.100253164768219
50,3023,0.23349633812904358,0.13218912482261658,0.20077508687973022,0.104985810816288
50,3024,0.2234865427017212,0.12635403871536255,0.19376009702682495,0.0981423556804657
50,3025,0.23747122287750244,0.13519327342510223,0.20166140794754028,0.10806693136692047
50,3026,0.27627772092819214,0.1472170650959015,0.26601409912109375,0.11327500641345978
50,3027,0.22998610138893127,0.1277533322572708,0.20619922876358032,0.09876538068056107
50,3028,0.212785542011261,0.11524683982133865,0.19886744022369385,0.08995862305164337
50,3029,0.300254762172699,0.18068751692771912,0.2314046025276184,0.13502705097198486
50,3030,0.3262404799461365,0.18587256968021393,0.2780700922012329,0.14569935202598572
50,3031,0.24149957299232483,0.1350622922182083,0.2162550687789917,0.09967625886201859
50,3032,0.2467690110206604,0.14060445129871368,0.21044987440109253,0.10992307215929031
50,3033,0.28247568011283875,0.16438506543636322,0.23103398084640503,0.12838511168956757
50,3034,0.2704617977142334,0.1453990489244461,0.25649797916412354,0.11231782287359238
50,3035,0.284328818321228,0.157938152551651,0.25407177209854126,0.12380973994731903
50,3036,0.26677629351615906,0.14958176016807556,0.24010896682739258,0.10575471818447113
50,3037,0.2580828070640564,0.14460347592830658,0.22915613651275635,0.10908439755439758
50,3038,0.2787245810031891,0.14862151443958282,0.2665911316871643,0.11733311414718628
50,3039,0.2594926953315735,0.14742684364318848,0.22421425580978394,0.1119007095694542
50,3040,0.21757379174232483,0.1267043799161911,0.1775670051574707,0.09921304136514664
50,3041,0.25327733159065247,0.14258922636508942,0.22115802764892578,0.11112445592880249
50,3042,0.2636553645133972,0.1486797034740448,0.22906839847564697,0.11674144119024277
50,3043,0.2920384705066681,0.1653805375099182,0.25156086683273315,0.13016793131828308
50,3044,0.30825743079185486,0.18655002117156982,0.2359333038330078,0.13667041063308716
50,3045,0.24474455416202545,0.14104659855365753,0.2068595290184021,0.1047707125544548
50,3046,0.25566723942756653,0.1424107551574707,0.22752130031585693,0.11123988032341003
50,3047,0.24922585487365723,0.1406632512807846,0.2163180112838745,0.11017698049545288
50,3048,0.26947855949401855,0.15405520796775818,0.23246550559997559,0.11218580603599548
50,3049,0.23357903957366943,0.1296979933977127,0.20898377895355225,0.10143774747848511
50,3050,0.2626957297325134,0.1507272720336914,0.22357171773910522,0.11269883811473846
50,3051,0.2528444230556488,0.14658398926258087,0.2072092890739441,0.11688362061977386
50,3052,0.23943468928337097,0.13595955073833466,0.20759499073028564,0.10218575596809387
50,3053,0.2842419147491455,0.16625380516052246,0.232161283493042,0.12561801075935364
50,3054,0.28503409028053284,0.15842556953430176,0.25609225034713745,0.12085812538862228
50,3055,0.241337388753891,0.13644292950630188,0.20966768264770508,0.10513690114021301
50,3056,0.2544230818748474,0.1530098170042038,0.19394320249557495,0.11918000876903534
50,3057,0.2693079113960266,0.14821524918079376,0.24389290809631348,0.11767751723527908
50,3058,0.24746306240558624,0.13964512944221497,0.2150011658668518,0.10908728837966919
50,3059,0.2692268192768097,0.14597401022911072,0.2556731104850769,0.10491786152124405
50,3060,0.2691479027271271,0.14703670144081116,0.24933409690856934,0.11188770830631256
51,3061,0.294544517993927,0.17199836671352386,0.24111586809158325,0.13049903512001038
51,3062,0.25717422366142273,0.14377504587173462,0.2272735834121704,0.11244869232177734
51,3063,0.2521152198314667,0.14105238020420074,0.22129732370376587,0.1127195656299591
51,3064,0.2683107852935791,0.14955809712409973,0.23830097913742065,0.11716140061616898
51,3065,0.262098103761673,0.1451793611049652,0.23587000370025635,0.11285362392663956
51,3066,0.2354075014591217,0.13084536790847778,0.2105046510696411,0.1018013283610344
51,3067,0.28415578603744507,0.1579202115535736,0.2553061246871948,0.12056566774845123
51,3068,0.2672371566295624,0.1461075097322464,0.24563729763031006,0.114373579621315
51,3069,0.24310345947742462,0.13991107046604156,0.20396870374679565,0.10802452266216278
51,3070,0.25605741143226624,0.14409367740154266,0.22626876831054688,0.10728110373020172
51,3071,0.24606196582317352,0.14261722564697266,0.20306366682052612,0.1110963225364685
51,3072,0.25419479608535767,0.14679764211177826,0.21282780170440674,0.11133021116256714
51,3073,0.2857723832130432,0.16825908422470093,0.2293912172317505,0.12878406047821045
51,3074,0.29916131496429443,0.17512936890125275,0.24333107471466064,0.13349759578704834
51,3075,0.2894347310066223,0.15894579887390137,0.2661260962486267,0.12019246071577072
51,3076,0.24571838974952698,0.1339513212442398,0.22730028629302979,0.10423484444618225
51,3077,0.24016453325748444,0.1402565985918045,0.19578629732131958,0.10796703398227692
51,3078,0.3208083510398865,0.175277978181839,0.29910844564437866,0.12943494319915771
51,3079,0.2560562789440155,0.14373908936977386,0.22444170713424683,0.11270259320735931
51,3080,0.25036147236824036,0.1419217884540558,0.21757358312606812,0.10705134272575378
51,3081,0.2682981789112091,0.15360522270202637,0.23165208101272583,0.11016060411930084
51,3082,0.2342790961265564,0.13405154645442963,0.20056110620498657,0.1000155359506607
51,3083,0.2757134437561035,0.15573425590991974,0.24345308542251587,0.11298991739749908
51,3084,0.2485116720199585,0.1431902050971985,0.20811104774475098,0.11038529872894287
51,3085,0.24294234812259674,0.13484300673007965,0.21947640180587769,0.10154390335083008
51,3086,0.28284066915512085,0.15816138684749603,0.2512509226799011,0.1208946630358696
51,3087,0.29700160026550293,0.17335592210292816,0.24206727743148804,0.13409370183944702
51,3088,0.2666797339916229,0.14943411946296692,0.2362390160560608,0.11374999582767487
51,3089,0.26574015617370605,0.15063941478729248,0.23230808973312378,0.11088751256465912
51,3090,0.22658060491085052,0.12883800268173218,0.19466173648834229,0.09938949346542358
51,3091,0.324975848197937,0.20095500349998474,0.23718291521072388,0.145738422870636
51,3092,0.29242148995399475,0.1653851866722107,0.25461673736572266,0.12594805657863617
51,3093,0.3370423913002014,0.19784916937351227,0.274260938167572,0.1474442332983017
51,3094,0.2734721899032593,0.1617995649576187,0.22022217512130737,0.11791872978210449
51,3095,0.2508496940135956,0.14638517796993256,0.2038421630859375,0.11463822424411774
51,3096,0.25142034888267517,0.14694924652576447,0.2039799690246582,0.11439558118581772
51,3097,0.25763610005378723,0.1375076025724411,0.24602943658828735,0.10858359932899475
51,3098,0.26686978340148926,0.15359365940093994,0.22322601079940796,0.11992853879928589
51,3099,0.22466301918029785,0.1266806572675705,0.195964515209198,0.0979827493429184
51,3100,0.20606264472007751,0.11199727654457092,0.1909165382385254,0.08849377185106277
51,3101,0.23741057515144348,0.1295800358057022,0.21925997734069824,0.10063274204730988
51,3102,0.23755204677581787,0.13265618681907654,0.21251040697097778,0.09945846349000931
51,3103,0.2414461225271225,0.14033207297325134,0.19706207513809204,0.1114460900425911
51,3104,0.26836252212524414,0.15632398426532745,0.22129619121551514,0.11760032176971436
51,3105,0.33266159892082214,0.19193780422210693,0.27988511323928833,0.14384886622428894
51,3106,0.29732948541641235,0.1741795688867569,0.24029052257537842,0.1351686269044876
51,3107,0.2615920603275299,0.1558350920677185,0.2055937647819519,0.11759734153747559
51,3108,0.2581847310066223,0.14584654569625854,0.2247551679611206,0.11218053102493286
51,3109,0.24724972248077393,0.14510895311832428,0.1989755630493164,0.1127527505159378
51,3110,0.2695789635181427,0.1589791625738144,0.2159711718559265,0.1210566908121109
51,3111,0.277515709400177,0.15509945154190063,0.24891501665115356,0.11425130069255829
51,3112,0.26830533146858215,0.14653095602989197,0.24813729524612427,0.11259728670120239
51,3113,0.2798294425010681,0.15657897293567657,0.2465982437133789,0.12305589765310287
51,3114,0.27516329288482666,0.15923145413398743,0.22629177570343018,0.12707561254501343
51,3115,0.2597396969795227,0.15347544848918915,0.20551598072052002,0.12028928101062775
51,3116,0.2559840679168701,0.13713863492012024,0.24327534437179565,0.10767638683319092
51,3117,0.26602810621261597,0.14966000616550446,0.23522472381591797,0.11139112710952759
51,3118,0.2507575452327728,0.1401941478252411,0.22351443767547607,0.10578812658786774
51,3119,0.2407653033733368,0.13651734590530396,0.2091391682624817,0.10296143591403961
51,3120,0.2849302887916565,0.1600773185491562,0.2522072196006775,0.11985038220882416
52,3121,0.2577908933162689,0.13649730384349823,0.24946123361587524,0.10754549503326416
52,3122,0.2899019122123718,0.16209247708320618,0.2574229836463928,0.12420111894607544
52,3123,0.2530462145805359,0.14584863185882568,0.21290749311447144,0.11017291247844696
52,3124,0.27459022402763367,0.15806013345718384,0.23211854696273804,0.11841341853141785
52,3125,0.2646014094352722,0.14936362206935883,0.2304931879043579,0.11520246416330338
52,3126,0.2398226261138916,0.13217680156230927,0.21702086925506592,0.10418741405010223
52,3127,0.25975272059440613,0.14528998732566833,0.22989493608474731,0.11252368986606598
52,3128,0.2573238015174866,0.14368003606796265,0.22674357891082764,0.11473169922828674
52,3129,0.26347729563713074,0.15306568145751953,0.21483218669891357,0.1223936527967453
52,3130,0.26595520973205566,0.14084775745868683,0.2571691870689392,0.11119891703128815
52,3131,0.22974692285060883,0.12553958594799042,0.2121865153312683,0.09666363894939423
52,3132,0.2815074622631073,0.16436055302619934,0.2316659688949585,0.12240257859230042
52,3133,0.25704890489578247,0.14176227152347565,0.2341403365135193,0.10815248638391495
52,3134,0.2627292275428772,0.15057486295700073,0.22431892156600952,0.11213389039039612
52,3135,0.21774449944496155,0.12473884969949722,0.18474197387695312,0.09554429352283478
52,3136,0.2681201994419098,0.14546863734722137,0.25058549642562866,0.11208677291870117
52,3137,0.2409999966621399,0.1344745010137558,0.21430909633636475,0.10400925576686859
52,3138,0.2993534803390503,0.17525193095207214,0.2445555329322815,0.13139668107032776
52,3139,0.284137487411499,0.1679075062274933,0.22654753923416138,0.12805473804473877
52,3140,0.228494793176651,0.12465518712997437,0.21137195825576782,0.09645408391952515
52,3141,0.30033302307128906,0.1756901890039444,0.24617362022399902,0.1308669149875641
52,3142,0.2545444369316101,0.14196361601352692,0.22647470235824585,0.10995465517044067
52,3143,0.3092619776725769,0.18996784090995789,0.23458421230316162,0.12730228900909424
52,3144,0.2823878824710846,0.1554010510444641,0.2640557289123535,0.10682263970375061
52,3145,0.29177477955818176,0.17123042047023773,0.23399966955184937,0.134722501039505
52,3146,0.28084591031074524,0.16155150532722473,0.23737192153930664,0.12172822654247284
52,3147,0.24274927377700806,0.13971549272537231,0.20069599151611328,0.11377693712711334
52,3148,0.23547416925430298,0.1378551721572876,0.19131416082382202,0.10546667873859406
52,3149,0.29841265082359314,0.171884685754776,0.2502642869949341,0.13211113214492798
52,3150,0.25651422142982483,0.15103861689567566,0.2063409686088562,0.11469605565071106
52,3151,0.24966256320476532,0.14178594946861267,0.21307969093322754,0.11322374641895294
52,3152,0.2780061364173889,0.16119109094142914,0.2300204038619995,0.12403444945812225
52,3153,0.28810548782348633,0.17034906148910522,0.22866332530975342,0.13145557045936584
52,3154,0.2635312080383301,0.14872926473617554,0.23035860061645508,0.11329248547554016
52,3155,0.2990890145301819,0.1760067641735077,0.23635715246200562,0.14269688725471497
52,3156,0.22742795944213867,0.12745757400989532,0.2002614140510559,0.09932903200387955
52,3157,0.2534908354282379,0.14288242161273956,0.22088050842285156,0.11128103733062744
52,3158,0.23501898348331451,0.13695105910301208,0.19192719459533691,0.1064852774143219
52,3159,0.26254668831825256,0.14494170248508453,0.2367125153541565,0.11459992080926895
52,3160,0.2827225923538208,0.1599119007587433,0.24928134679794312,0.11549068987369537
52,3161,0.27113714814186096,0.15082693099975586,0.24588334560394287,0.10978436470031738
52,3162,0.31068870425224304,0.1760067641735077,0.2714540362358093,0.13050155341625214
52,3163,0.28148114681243896,0.1558065116405487,0.2549006938934326,0.11857181042432785
52,3164,0.2650991380214691,0.14232872426509857,0.25185561180114746,0.1101408377289772
52,3165,0.22812144458293915,0.12604543566703796,0.20474779605865479,0.10088442265987396
52,3166,0.27116912603378296,0.15435650944709778,0.23387986421585083,0.11630333960056305
52,3167,0.28670862317085266,0.16258853673934937,0.24716860055923462,0.12626323103904724
52,3168,0.23838327825069427,0.13556799292564392,0.20320552587509155,0.10766534507274628
52,3169,0.25846466422080994,0.14797966182231903,0.21752715110778809,0.11737069487571716
52,3170,0.29729369282722473,0.17531371116638184,0.24191302061080933,0.12607382237911224
52,3171,0.21862579882144928,0.12077927589416504,0.2001911997795105,0.08885015547275543
52,3172,0.21283522248268127,0.12234736979007721,0.17612594366073608,0.10018737614154816
52,3173,0.2728379964828491,0.1555224061012268,0.23188400268554688,0.12280985713005066
52,3174,0.2548283338546753,0.14153870940208435,0.2309076189994812,0.10463286936283112
52,3175,0.2919999957084656,0.16160930693149567,0.2614017724990845,0.12914979457855225
52,3176,0.24065515398979187,0.14023448526859283,0.19681060314178467,0.10848208516836166
52,3177,0.22638310492038727,0.1285850703716278,0.19333535432815552,0.10231947898864746
52,3178,0.24777331948280334,0.13993962109088898,0.2152990698814392,0.10857033729553223
52,3179,0.25416356325149536,0.14539575576782227,0.21422821283340454,0.11538265645503998
52,3180,0.24107405543327332,0.13772061467170715,0.20327973365783691,0.1102076917886734
53,3181,0.23451106250286102,0.13457994163036346,0.1967807412147522,0.1060941070318222
53,3182,0.24201656877994537,0.13677123188972473,0.20970964431762695,0.1068073958158493
53,3183,0.2453739047050476,0.13990265130996704,0.21066713333129883,0.10602200031280518
53,3184,0.27097228169441223,0.15048959851264954,0.24307167530059814,0.1162700429558754
53,3185,0.2954333424568176,0.17186471819877625,0.24366897344589233,0.13050509989261627
53,3186,0.24902325868606567,0.13887061178684235,0.2221848964691162,0.10639338195323944
53,3187,0.2407141476869583,0.13276538252830505,0.21868640184402466,0.10237103700637817
53,3188,0.2620582580566406,0.14717133343219757,0.22946852445602417,0.11549755185842514
53,3189,0.24391011893749237,0.13798485696315765,0.21161383390426636,0.10639865696430206
53,3190,0.26432064175605774,0.15030355751514435,0.22833412885665894,0.11341719329357147
53,3191,0.32606229186058044,0.19462259113788605,0.2540362477302551,0.1491260826587677
53,3192,0.2585848867893219,0.14643575251102448,0.221638023853302,0.11746951937675476
53,3193,0.24472256004810333,0.13687634468078613,0.21477848291397095,0.10967409610748291
53,3194,0.2663145661354065,0.1492508053779602,0.23352372646331787,0.11827130615711212
53,3195,0.23943427205085754,0.13720062375068665,0.20301437377929688,0.10513950139284134
53,3196,0.27463239431381226,0.15782451629638672,0.2286967635154724,0.12664580345153809
53,3197,0.25107112526893616,0.14443901181221008,0.2093595266342163,0.11444154381752014
53,3198,0.23236581683158875,0.1318606585264206,0.19907432794570923,0.1043771356344223
53,3199,0.2611592411994934,0.14857612550258636,0.22498810291290283,0.11293935775756836
53,3200,0.23587386310100555,0.13309065997600555,0.20752030611038208,0.09887541830539703
53,3201,0.2331860512495041,0.13161532580852509,0.202739417552948,0.10237477719783783
53,3202,0.266096830368042,0.14447522163391113,0.2475718855857849,0.11296428740024567
53,3203,0.26344022154808044,0.139967679977417,0.2548924684524536,0.10757775604724884
53,3204,0.27081170678138733,0.1488453894853592,0.24684375524520874,0.1161440759897232
53,3205,0.23324556648731232,0.13332761824131012,0.19753497838974,0.104519784450531
53,3206,0.29123058915138245,0.17147628962993622,0.23143768310546875,0.13589611649513245
53,3207,0.26327863335609436,0.147023007273674,0.23171848058700562,0.11784116178750992
53,3208,0.26328474283218384,0.14896097779273987,0.22480559349060059,0.12200753390789032
53,3209,0.26305335760116577,0.13996072113513947,0.2521975040435791,0.1110682412981987
53,3210,0.24040336906909943,0.13258624076843262,0.2179446816444397,0.10319625586271286
53,3211,0.23258860409259796,0.12980574369430542,0.20574229955673218,0.10242967307567596
53,3212,0.24986299872398376,0.13542094826698303,0.23445051908493042,0.10330916941165924
53,3213,0.3086109757423401,0.18206802010536194,0.24277663230895996,0.14716151356697083
53,3214,0.24715742468833923,0.1342998892068863,0.2304762601852417,0.1033351868391037
53,3215,0.2723768353462219,0.15510912239551544,0.23275500535964966,0.12082858383655548
53,3216,0.2769261300563812,0.1598486453294754,0.22905564308166504,0.1272762417793274
53,3217,0.27241992950439453,0.14360591769218445,0.26801013946533203,0.10804985463619232
53,3218,0.24435478448867798,0.14273954927921295,0.1968519687652588,0.11437223106622696
53,3219,0.2513558864593506,0.14544862508773804,0.2094600796699524,0.11061602830886841
53,3220,0.2692094147205353,0.15507803857326508,0.2252466082572937,0.12016376852989197
53,3221,0.24352526664733887,0.1346173882484436,0.2190597653388977,0.10641986131668091
53,3222,0.26940834522247314,0.1489938497543335,0.24402564764022827,0.11402112245559692
53,3223,0.24471411108970642,0.13567541539669037,0.2196679711341858,0.10585758090019226
53,3224,0.37843775749206543,0.2238936722278595,0.30124515295028687,0.17023012042045593
53,3225,0.2920769453048706,0.16599492728710175,0.24950236082077026,0.13140521943569183
53,3226,0.23815733194351196,0.13345251977443695,0.20903640985488892,0.10545121133327484
53,3227,0.31571653485298157,0.1836497038602829,0.2587916851043701,0.14275075495243073
53,3228,0.2604648172855377,0.14695954322814941,0.22665971517562866,0.1142069399356842
53,3229,0.2854977250099182,0.1670760065317154,0.22705185413360596,0.138004869222641
53,3230,0.28468647599220276,0.16288436949253082,0.241479754447937,0.12605100870132446
53,3231,0.2322656661272049,0.12822501361370087,0.20901042222976685,0.10218238830566406
53,3232,0.24476471543312073,0.1421094685792923,0.20331984758377075,0.10663658380508423
53,3233,0.2660505473613739,0.1546747386455536,0.2178027629852295,0.12127355486154556
53,3234,0.2693728506565094,0.15354445576667786,0.22826844453811646,0.12260505557060242
53,3235,0.25865280628204346,0.1491977721452713,0.2176946997642517,0.11188583076000214
53,3236,0.2657148540019989,0.15875771641731262,0.2066361904144287,0.12151327729225159
53,3237,0.28300032019615173,0.16307316720485687,0.2421187162399292,0.11539825052022934
53,3238,0.2519048750400543,0.14028625190258026,0.22430258989334106,0.10948797315359116
53,3239,0.287087619304657,0.15955045819282532,0.25581347942352295,0.12605880200862885
53,3240,0.263637900352478,0.1481013298034668,0.23212236166000366,0.11343799531459808
54,3241,0.24630297720432281,0.14124923944473267,0.2088165283203125,0.10763560235500336
54,3242,0.24313920736312866,0.14493539929389954,0.19374561309814453,0.10352776199579239
54,3243,0.25238025188446045,0.1427026391029358,0.22071564197540283,0.10695673525333405
54,3244,0.22654150426387787,0.12620921432971954,0.20061367750167847,0.1004340797662735
54,3245,0.29522067308425903,0.17100824415683746,0.24242740869522095,0.13620740175247192
54,3246,0.2723529636859894,0.1580980122089386,0.22371631860733032,0.12384206056594849
54,3247,0.27242323756217957,0.1543092429637909,0.2360975742340088,0.11837483942508698
54,3248,0.2507688105106354,0.1435854136943817,0.2099226713180542,0.11607161164283752
54,3249,0.2913585901260376,0.16465210914611816,0.2529202699661255,0.12769198417663574
54,3250,0.29103392362594604,0.16509616374969482,0.250857412815094,0.12797404825687408
54,3251,0.27077585458755493,0.15271587669849396,0.23604369163513184,0.11821255087852478
54,3252,0.2441493272781372,0.14353978633880615,0.19518005847930908,0.11268758773803711
54,3253,0.24939359724521637,0.13286033272743225,0.24098163843154907,0.10070304572582245
54,3254,0.2530903220176697,0.13495570421218872,0.2465062141418457,0.09766070544719696
54,3255,0.2925047278404236,0.1797451376914978,0.21359241008758545,0.13661307096481323
54,3256,0.2520572245121002,0.13774852454662323,0.2313632369041443,0.10881707072257996
54,3257,0.2745943069458008,0.14932939410209656,0.2591392397880554,0.10804612934589386
54,3258,0.2172713428735733,0.12440603226423264,0.18261992931365967,0.0990867093205452
54,3259,0.2770109176635742,0.1554436832666397,0.24353885650634766,0.12075847387313843
54,3260,0.29608699679374695,0.16943073272705078,0.2536035180091858,0.12607431411743164
54,3261,0.2547978162765503,0.14670023322105408,0.21351200342178345,0.11346380412578583
54,3262,0.3082869052886963,0.17569994926452637,0.2627420425415039,0.1374506652355194
54,3263,0.2740158140659332,0.1507963389158249,0.24831974506378174,0.11945779621601105
54,3264,0.26893359422683716,0.1486901491880417,0.24282699823379517,0.1155632883310318
54,3265,0.22667579352855682,0.1256890594959259,0.2028166651725769,0.0993003398180008
54,3266,0.24607117474079132,0.13997994363307953,0.2131703495979309,0.10411542654037476
54,3267,0.2694753110408783,0.15444891154766083,0.2276178002357483,0.11989637464284897
54,3268,0.3102302551269531,0.18076589703559875,0.2615981698036194,0.12412542849779129
54,3269,0.26015907526016235,0.14043840765953064,0.2470008134841919,0.1046016663312912
54,3270,0.2726233899593353,0.15545175969600677,0.23345458507537842,0.11894900351762772
54,3271,0.253398060798645,0.139584481716156,0.23159372806549072,0.10588036477565765
54,3272,0.2774306833744049,0.16058196127414703,0.23234951496124268,0.11954457312822342
54,3273,0.25608083605766296,0.14494577050209045,0.21992242336273193,0.1158304363489151
54,3274,0.24585391581058502,0.13753513991832733,0.21789497137069702,0.10580398887395859
54,3275,0.26660460233688354,0.1517941951751709,0.22804635763168335,0.11795926094055176
54,3276,0.2848254144191742,0.16806411743164062,0.22793573141098022,0.12793493270874023
54,3277,0.23820480704307556,0.13644975423812866,0.20186984539031982,0.10503559559583664
54,3278,0.2644805312156677,0.15453964471817017,0.21561545133590698,0.11847347021102905
54,3279,0.28307676315307617,0.16457965970039368,0.23061853647232056,0.13124844431877136
54,3280,0.2343990057706833,0.13392525911331177,0.19897818565368652,0.10441238433122635
54,3281,0.2793225049972534,0.16891178488731384,0.21397769451141357,0.12409822642803192
54,3282,0.23959632217884064,0.12914837896823883,0.2253657579421997,0.10150819271802902
54,3283,0.24178504943847656,0.13589024543762207,0.21052676439285278,0.1084204763174057
54,3284,0.2705532908439636,0.15878580510616302,0.21904850006103516,0.12074045091867447
54,3285,0.2558489739894867,0.14847536385059357,0.2091326117515564,0.11860287189483643
54,3286,0.23393981158733368,0.13042020797729492,0.2101670503616333,0.09726390242576599
54,3287,0.23683413863182068,0.14001041650772095,0.18948185443878174,0.10515491664409637
54,3288,0.24117977917194366,0.1380835473537445,0.2066209316253662,0.10223931074142456
54,3289,0.2542886734008789,0.14117874205112457,0.22883480787277222,0.10788004100322723
54,3290,0.28526559472084045,0.16143926978111267,0.24661880731582642,0.1258939802646637
54,3291,0.25422853231430054,0.15092100203037262,0.19997382164001465,0.11658994853496552
54,3292,0.2931666672229767,0.16754178702831268,0.24869614839553833,0.13073205947875977
54,3293,0.2834087908267975,0.16344772279262543,0.23685622215270996,0.1260928362607956
54,3294,0.25960564613342285,0.1462746411561966,0.22289389371871948,0.12086714804172516
54,3295,0.2358754426240921,0.1308213174343109,0.2121126651763916,0.10104532539844513
54,3296,0.22657978534698486,0.12110681086778641,0.215984046459198,0.09539677202701569
54,3297,0.2592467963695526,0.15251542627811432,0.204723060131073,0.12421068549156189
54,3298,0.2976473867893219,0.1746189147233963,0.240473210811615,0.13419602811336517
54,3299,0.2692149579524994,0.1555713415145874,0.22264772653579712,0.12292268872261047
54,3300,0.2561608552932739,0.14297300577163696,0.23014259338378906,0.10565392673015594
55,3301,0.24897527694702148,0.14086297154426575,0.21603310108184814,0.10849534720182419
55,3302,0.2799489498138428,0.15996873378753662,0.2408166527748108,0.11826790869235992
55,3303,0.23384064435958862,0.13766182959079742,0.1863911747932434,0.10811170935630798
55,3304,0.321027934551239,0.19013290107250214,0.26044005155563354,0.1335950344800949
55,3305,0.22625094652175903,0.125777468085289,0.2038055658340454,0.09475624561309814
55,3306,0.2291605919599533,0.1274714171886444,0.20395982265472412,0.10052621364593506
55,3307,0.236176535487175,0.129042848944664,0.21792834997177124,0.09981179237365723
55,3308,0.29955095052719116,0.17896567285060883,0.23583590984344482,0.13125452399253845
55,3309,0.28204652667045593,0.1639491468667984,0.23500335216522217,0.12048017978668213
55,3310,0.2575540542602539,0.14430007338523865,0.22706574201583862,0.11213843524456024
55,3311,0.22994185984134674,0.13030138611793518,0.19819653034210205,0.10180924832820892
55,3312,0.26418936252593994,0.14415878057479858,0.24344360828399658,0.1132657378911972
55,3313,0.2594144642353058,0.13944639265537262,0.24648010730743408,0.10688010603189468
55,3314,0.2682710289955139,0.14792869985103607,0.24366885423660278,0.11437392234802246
55,3315,0.24233447015285492,0.13596588373184204,0.21238219738006592,0.10707845538854599
55,3316,0.2377936691045761,0.12666188180446625,0.2297513484954834,0.09615623950958252
55,3317,0.2638606131076813,0.1442677080631256,0.24414557218551636,0.10967343300580978
55,3318,0.24989628791809082,0.1434287577867508,0.2105017900466919,0.11133401095867157
55,3319,0.28148823976516724,0.15417443215847015,0.2590910792350769,0.11838686466217041
55,3320,0.2838340699672699,0.1709989458322525,0.21673327684402466,0.13070917129516602
55,3321,0.31164002418518066,0.17893478274345398,0.26373040676116943,0.136065274477005
55,3322,0.2663542628288269,0.1491221785545349,0.2359592318534851,0.11424201726913452
55,3323,0.2601952850818634,0.14866967499256134,0.22085845470428467,0.11591118574142456
55,3324,0.2779988646507263,0.16170428693294525,0.2276475429534912,0.12617775797843933
55,3325,0.26138901710510254,0.14679250121116638,0.22907614707946777,0.11483034491539001
55,3326,0.22825977206230164,0.1255510449409485,0.20619744062423706,0.10114874690771103
55,3327,0.25249266624450684,0.148978129029274,0.20009726285934448,0.11737817525863647
55,3328,0.24574154615402222,0.13522279262542725,0.2242094874382019,0.10417478531599045
55,3329,0.3102307915687561,0.1852358728647232,0.24356681108474731,0.13784101605415344
55,3330,0.23508845269680023,0.12586918473243713,0.22463977336883545,0.0968167632818222
55,3331,0.3035564720630646,0.18563668429851532,0.22718727588653564,0.1352243423461914
55,3332,0.24362343549728394,0.14016538858413696,0.2023821473121643,0.11252596974372864
55,3333,0.27120858430862427,0.14749598503112793,0.252524197101593,0.11351465433835983
55,3334,0.28022608160972595,0.1555868685245514,0.2530183792114258,0.117159403860569
55,3335,0.23012575507164001,0.12829196453094482,0.20449358224868774,0.10018181055784225
55,3336,0.23876848816871643,0.12719236314296722,0.22955530881881714,0.09876996278762817
55,3337,0.265375018119812,0.14663630723953247,0.23756438493728638,0.11856486648321152
55,3338,0.29639458656311035,0.174959197640419,0.23517823219299316,0.13682059943675995
55,3339,0.24987061321735382,0.14174199104309082,0.21394091844558716,0.11276126652956009
55,3340,0.2588212490081787,0.15142858028411865,0.20843058824539185,0.12010213732719421
55,3341,0.28743794560432434,0.16014643013477325,0.25847166776657104,0.1195143461227417
55,3342,0.2707945704460144,0.1518438309431076,0.23610389232635498,0.12254591286182404
55,3343,0.33211541175842285,0.18983617424964905,0.28288543224334717,0.14562532305717468
55,3344,0.2981342673301697,0.17176777124404907,0.24809342622756958,0.13564558327198029
55,3345,0.259755402803421,0.14604291319847107,0.22795253992080688,0.11265742778778076
55,3346,0.27798083424568176,0.1591002643108368,0.23395341634750366,0.12649589776992798
55,3347,0.2879782021045685,0.16888229548931122,0.23040330410003662,0.13467298448085785
55,3348,0.28137725591659546,0.1625773161649704,0.23187178373336792,0.13025619089603424
55,3349,0.23681339621543884,0.1345479041337967,0.202326238155365,0.10667504370212555
55,3350,0.2714342474937439,0.1565277874469757,0.22515028715133667,0.12423165142536163
55,3351,0.2440473735332489,0.1319572478532791,0.2285221815109253,0.10340633243322372
55,3352,0.2567138671875,0.1432676613330841,0.22679460048675537,0.11364176869392395
55,3353,0.25469520688056946,0.1439085602760315,0.22023487091064453,0.11346350610256195
55,3354,0.24528251588344574,0.13755983114242554,0.21506166458129883,0.10849007964134216
55,3355,0.25239190459251404,0.13957475125789642,0.22891145944595337,0.10626281797885895
55,3356,0.284993052482605,0.1558222770690918,0.26101547479629517,0.12382292747497559
55,3357,0.253370076417923,0.1441737562417984,0.2144775390625,0.11702650040388107
55,3358,0.2665228247642517,0.15277396142482758,0.22345882654190063,0.1218266561627388
55,3359,0.27221959829330444,0.15762129426002502,0.2250669002532959,0.12285767495632172
55,3360,0.23686587810516357,0.13286671042442322,0.2054990530014038,0.10899771004915237
56,3361,0.23333457112312317,0.12513217329978943,0.22091174125671387,0.09918853640556335
56,3362,0.3037544786930084,0.1802828013896942,0.24077492952346802,0.13580837845802307
56,3363,0.27508294582366943,0.15469953417778015,0.241247296333313,0.11942237615585327
56,3364,0.2657902240753174,0.1502322554588318,0.23062074184417725,0.11654841899871826
56,3365,0.2342432588338852,0.13253018260002136,0.20078301429748535,0.10699933767318726
56,3366,0.2577686309814453,0.1449640691280365,0.2241283655166626,0.11576605588197708
56,3367,0.2427198439836502,0.13285109400749207,0.22319859266281128,0.10294651985168457
56,3368,0.2480432242155075,0.14186438918113708,0.21042978763580322,0.11003458499908447
56,3369,0.22696122527122498,0.12329578399658203,0.21110165119171143,0.09612387418746948
56,3370,0.2631726861000061,0.1527843475341797,0.2175169587135315,0.11690777540206909
56,3371,0.22544290125370026,0.12674246728420258,0.19796007871627808,0.09758199751377106
56,3372,0.27296802401542664,0.15487852692604065,0.23343265056610107,0.1235821545124054
56,3373,0.2620314359664917,0.1408965289592743,0.2485283613204956,0.10861779749393463
56,3374,0.2465042620897293,0.13673891127109528,0.22057831287384033,0.10767009854316711
56,3375,0.25295746326446533,0.14293740689754486,0.21828490495681763,0.11353038996458054
56,3376,0.28894293308258057,0.1596999317407608,0.2615249752998352,0.12316516041755676
56,3377,0.28626784682273865,0.16490541398525238,0.23947674036026,0.12785863876342773
56,3378,0.2436065524816513,0.13809899985790253,0.2092856764793396,0.10896646976470947
56,3379,0.2416837364435196,0.13205108046531677,0.2218891978263855,0.10438486933708191
56,3380,0.2998252809047699,0.18356966972351074,0.22509461641311646,0.13108882308006287
56,3381,0.23098346590995789,0.13506288826465607,0.19161027669906616,0.09638234972953796
56,3382,0.24857138097286224,0.13449369370937347,0.23458576202392578,0.10121697187423706
56,3383,0.27392762899398804,0.1549682766199112,0.238525390625,0.1177460104227066
56,3384,0.26844072341918945,0.15143007040023804,0.23682528734207153,0.11140277981758118
56,3385,0.27684009075164795,0.16295114159584045,0.22717970609664917,0.11508519947528839
56,3386,0.25041118264198303,0.14474323391914368,0.20891612768173218,0.11050746589899063
56,3387,0.2554604709148407,0.14339566230773926,0.22657626867294312,0.10717153549194336
56,3388,0.27100709080696106,0.15807004272937775,0.22061073780059814,0.1234637051820755
56,3389,0.30520951747894287,0.1789352148771286,0.2464390993118286,0.13849328458309174
56,3390,0.29320028424263,0.16543571650981903,0.25615036487579346,0.12652207911014557
56,3391,0.2384231835603714,0.13836562633514404,0.1954786777496338,0.10933041572570801
56,3392,0.27809494733810425,0.16318725049495697,0.2216516137123108,0.13123522698879242
56,3393,0.22584348917007446,0.12444248050451279,0.20469939708709717,0.09760625660419464
56,3394,0.2322285771369934,0.13217294216156006,0.199709951877594,0.100858174264431
56,3395,0.2667023837566376,0.1584862470626831,0.20650744438171387,0.128065824508667
56,3396,0.21391889452934265,0.12191572040319443,0.18273192644119263,0.09455201029777527
56,3397,0.2843271493911743,0.16735078394412994,0.22674399614334106,0.13139387965202332
56,3398,0.295817494392395,0.1750587373971939,0.2324848175048828,0.13882417976856232
56,3399,0.29194167256355286,0.16710230708122253,0.24548691511154175,0.13322299718856812
56,3400,0.2476554811000824,0.14440739154815674,0.20263200998306274,0.11097638309001923
56,3401,0.2319018691778183,0.12844885885715485,0.20843011140823364,0.10040486603975296
56,3402,0.22997841238975525,0.12282896786928177,0.22008854150772095,0.09557011723518372
56,3403,0.30163949728012085,0.16585880517959595,0.2735559344291687,0.13179156184196472
56,3404,0.2558591961860657,0.13984693586826324,0.23461991548538208,0.11082147061824799
56,3405,0.2563880980014801,0.14049886167049408,0.23499101400375366,0.10946409404277802
56,3406,0.25391459465026855,0.13815666735172272,0.23664844036102295,0.1054927259683609
56,3407,0.23485246300697327,0.13569776713848114,0.1943953037261963,0.10698287189006805
56,3408,0.23978416621685028,0.14068074524402618,0.19297218322753906,0.10957276821136475
56,3409,0.26834118366241455,0.14494109153747559,0.25437480211257935,0.10825081914663315
56,3410,0.27165210247039795,0.15328331291675568,0.23541247844696045,0.12101908773183823
56,3411,0.2629226744174957,0.14919331669807434,0.22645974159240723,0.11572739481925964
56,3412,0.23839981853961945,0.1320992410182953,0.21565932035446167,0.10018421709537506
56,3413,0.27399390935897827,0.15188252925872803,0.2452293038368225,0.12009835243225098
56,3414,0.2319759875535965,0.12963548302650452,0.20539599657058716,0.1009104996919632
56,3415,0.23685811460018158,0.13327716290950775,0.2093052864074707,0.09929416328668594
56,3416,0.26191097497940063,0.14778892695903778,0.2283945083618164,0.1138211339712143
56,3417,0.2541569471359253,0.1459522545337677,0.21228188276290894,0.11645966023206711
56,3418,0.2818111479282379,0.16577672958374023,0.22626757621765137,0.12763695418834686
56,3419,0.2340172529220581,0.1275711953639984,0.21762919425964355,0.09697183966636658
56,3420,0.23871272802352905,0.13160903751850128,0.21665352582931519,0.10221138596534729
57,3421,0.24587498605251312,0.13888651132583618,0.21379607915878296,0.10735021531581879
57,3422,0.25783902406692505,0.14218612015247345,0.2358505129814148,0.1065634936094284
57,3423,0.2603950798511505,0.15276013314723969,0.21141010522842407,0.11535456776618958
57,3424,0.25760287046432495,0.15259653329849243,0.20254230499267578,0.11994705349206924
57,3425,0.23329463601112366,0.1318487823009491,0.20359069108963013,0.10004790127277374
57,3426,0.3115786015987396,0.17608541250228882,0.279055118560791,0.11935578286647797
57,3427,0.26619723439216614,0.15664610266685486,0.21325266361236572,0.12125028669834137
57,3428,0.21724861860275269,0.11948585510253906,0.1988765001296997,0.09106087684631348
57,3429,0.2358032763004303,0.1293589323759079,0.21483826637268066,0.10254514962434769
57,3430,0.23409034311771393,0.13179843127727509,0.2057046890258789,0.1000501736998558
57,3431,0.2638736665248871,0.1438310146331787,0.24167346954345703,0.11686632037162781
57,3432,0.26488402485847473,0.1536710411310196,0.21651554107666016,0.12303383648395538
57,3433,0.24534977972507477,0.12811070680618286,0.2434890866279602,0.09921722859144211
57,3434,0.24236801266670227,0.13130301237106323,0.22554141283035278,0.10424210131168365
57,3435,0.29919543862342834,0.17340366542339325,0.2471323013305664,0.13469427824020386
57,3436,0.2427329570055008,0.1337250918149948,0.22125273942947388,0.10253383219242096
57,3437,0.24532103538513184,0.1355757862329483,0.22205352783203125,0.10461916029453278
57,3438,0.2643853724002838,0.14485286176204681,0.2419980764389038,0.1136663630604744
57,3439,0.24942436814308167,0.13874708116054535,0.22484147548675537,0.10370345413684845
57,3440,0.23931792378425598,0.13920840620994568,0.197270929813385,0.10600563883781433
57,3441,0.21669723093509674,0.12067700177431107,0.19226956367492676,0.09556198120117188
57,3442,0.25759342312812805,0.14618048071861267,0.22082126140594482,0.11542210727930069
57,3443,0.23716527223587036,0.1279827356338501,0.22425156831741333,0.0974094495177269
57,3444,0.2897275984287262,0.1748483031988144,0.21819353103637695,0.13800939917564392
57,3445,0.27342015504837036,0.1525479406118393,0.24056655168533325,0.12322800606489182
57,3446,0.21664968132972717,0.12175252288579941,0.1893574595451355,0.09577089548110962
57,3447,0.2624054551124573,0.15753699839115143,0.20166820287704468,0.12100588530302048
57,3448,0.3225618004798889,0.19103318452835083,0.25411468744277954,0.14941363036632538
57,3449,0.24840274453163147,0.14402784407138824,0.2045682668685913,0.11273800581693649
57,3450,0.26329678297042847,0.15435656905174255,0.2126075029373169,0.11948595941066742
57,3451,0.26200321316719055,0.15118421614170074,0.21751540899276733,0.11906415224075317
57,3452,0.2270987182855606,0.11896271258592606,0.22378724813461304,0.09310548007488251
57,3453,0.3277328610420227,0.19554461538791656,0.25388920307159424,0.15316271781921387
57,3454,0.2765061855316162,0.16311436891555786,0.21670883893966675,0.13354137539863586
57,3455,0.28822362422943115,0.16814729571342468,0.23544460535049438,0.12949238717556
57,3456,0.23866839706897736,0.1338198035955429,0.20930856466293335,0.10562586784362793
57,3457,0.24762098491191864,0.13950300216674805,0.21634697914123535,0.10789597034454346
57,3458,0.24616499245166779,0.14354963600635529,0.20157146453857422,0.10993386805057526
57,3459,0.25380760431289673,0.1365351527929306,0.2394191026687622,0.10752416402101517
57,3460,0.2729033827781677,0.1594473421573639,0.22060656547546387,0.12606708705425262
57,3461,0.26115915179252625,0.14526428282260895,0.23206329345703125,0.11534783989191055
57,3462,0.2782236337661743,0.16356495022773743,0.22380858659744263,0.12567616999149323
57,3463,0.2620019316673279,0.15175125002861023,0.21427947282791138,0.12269444763660431
57,3464,0.24994823336601257,0.1388571560382843,0.22303950786590576,0.10937629640102386
57,3465,0.2519262135028839,0.14110343158245087,0.22331470251083374,0.10748440772294998
57,3466,0.2647365629673004,0.14650577306747437,0.2375640869140625,0.11602582037448883
57,3467,0.24155519902706146,0.1284470111131668,0.2323257327079773,0.10088944435119629
57,3468,0.31175974011421204,0.18744239211082458,0.23605453968048096,0.14947760105133057
57,3469,0.23752716183662415,0.13241839408874512,0.21103042364120483,0.10348298400640488
57,3470,0.24477986991405487,0.13857537508010864,0.21134907007217407,0.10832437872886658
57,3471,0.2700110971927643,0.1548776477575302,0.2274520993232727,0.12076307833194733
57,3472,0.3143332898616791,0.19401727616786957,0.22954142093658447,0.14249733090400696
57,3473,0.25048187375068665,0.14374959468841553,0.21020382642745972,0.11325377225875854
57,3474,0.279061883687973,0.15586599707603455,0.24781811237335205,0.12034310400485992
57,3475,0.2692643702030182,0.15169759094715118,0.23459100723266602,0.1186518669128418
57,3476,0.27503252029418945,0.1556759774684906,0.23993033170700073,0.11692196130752563
57,3477,0.26109790802001953,0.14412136375904083,0.235143780708313,0.11459508538246155
57,3478,0.24667012691497803,0.14397454261779785,0.20092135667800903,0.11163519322872162
57,3479,0.2997059226036072,0.1793738752603531,0.23642808198928833,0.12880411744117737
57,3480,0.26667535305023193,0.15215259790420532,0.2303449511528015,0.11192385852336884
58,3481,0.24447695910930634,0.13915373384952545,0.2067311406135559,0.1131538599729538
58,3482,0.268070250749588,0.1515342742204666,0.2342725396156311,0.11413487792015076
58,3483,0.24438996613025665,0.14173921942710876,0.20270252227783203,0.10784868896007538
58,3484,0.23876595497131348,0.13226814568042755,0.21431756019592285,0.10385391116142273
58,3485,0.30965349078178406,0.18559452891349792,0.23931032419204712,0.14167410135269165
58,3486,0.23447269201278687,0.1292678415775299,0.21460574865341187,0.09681268036365509
58,3487,0.29626309871673584,0.16921918094158173,0.25245243310928345,0.1303146481513977
58,3488,0.37744757533073425,0.2267327755689621,0.2920243740081787,0.16952523589134216
58,3489,0.2695694863796234,0.1549874246120453,0.22785675525665283,0.1171967089176178
58,3490,0.25995373725891113,0.14741180837154388,0.22413653135299683,0.1144365668296814
58,3491,0.2598544657230377,0.1499175727367401,0.21522241830825806,0.11923959851264954
58,3492,0.26681071519851685,0.15519730746746063,0.2181636095046997,0.12173981964588165
58,3493,0.24074995517730713,0.1398136168718338,0.19756877422332764,0.10954408347606659
58,3494,0.27116671204566956,0.15577097237110138,0.23077982664108276,0.11541903018951416
58,3495,0.2691914439201355,0.15250015258789062,0.23372316360473633,0.11601020395755768
58,3496,0.27607861161231995,0.16241151094436646,0.21874511241912842,0.13084536790847778
58,3497,0.26661285758018494,0.15181569755077362,0.22814226150512695,0.11770134419202805
58,3498,0.23841552436351776,0.12776309251785278,0.22584199905395508,0.10157814621925354
58,3499,0.24033674597740173,0.1365068405866623,0.2060791254043579,0.10699120908975601
58,3500,0.2784508466720581,0.16559316217899323,0.21937531232833862,0.12553775310516357
58,3501,0.24372249841690063,0.13659636676311493,0.21378928422927856,0.10805201530456543
58,3502,0.25109773874282837,0.14092326164245605,0.2195671796798706,0.111737921833992
58,3503,0.29673483967781067,0.16930876672267914,0.25014346837997437,0.13684341311454773
58,3504,0.2508893609046936,0.14370347559452057,0.20983082056045532,0.11626777052879333
58,3505,0.26779526472091675,0.14760513603687286,0.24367374181747437,0.11360317468643188
58,3506,0.22288966178894043,0.12413390725851059,0.1991713047027588,0.09543614089488983
58,3507,0.26784706115722656,0.15585780143737793,0.21905487775802612,0.12183643877506256
58,3508,0.24107950925827026,0.13368423283100128,0.21566420793533325,0.10564793646335602
58,3509,0.2759280204772949,0.15748129785060883,0.23532068729400635,0.12159235775470734
58,3510,0.24213877320289612,0.13695259392261505,0.20865356922149658,0.10862383246421814
58,3511,0.24970045685768127,0.1493338644504547,0.192058265209198,0.11771640181541443
58,3512,0.23124313354492188,0.12808284163475037,0.20811206102371216,0.09957729279994965
58,3513,0.27489185333251953,0.15853413939476013,0.2306920289993286,0.12040458619594574
58,3514,0.3326861262321472,0.19025291502475739,0.2827545404434204,0.1466568559408188
58,3515,0.3022412955760956,0.16714808344841003,0.27276843786239624,0.12992918491363525
58,3516,0.27824440598487854,0.16514968872070312,0.21817773580551147,0.1291181594133377
58,3517,0.27190452814102173,0.15467286109924316,0.23392421007156372,0.11830979585647583
58,3518,0.28719332814216614,0.16739413142204285,0.23463565111160278,0.1297246515750885
58,3519,0.2773296535015106,0.15170012414455414,0.25563281774520874,0.11688199639320374
58,3520,0.23543399572372437,0.13195842504501343,0.20651358366012573,0.10435068607330322
58,3521,0.2860434651374817,0.16410434246063232,0.24308443069458008,0.1235266923904419
58,3522,0.24067777395248413,0.1348140984773636,0.2101079225540161,0.10910256206989288
58,3523,0.23807264864444733,0.13624641299247742,0.20089507102966309,0.10734102874994278
58,3524,0.27161264419555664,0.15492288768291473,0.23202639818191528,0.11939600110054016
58,3525,0.22908735275268555,0.1328149139881134,0.18983691930770874,0.10168832540512085
58,3526,0.25078240036964417,0.14242644608020782,0.21820205450057983,0.10537569969892502
58,3527,0.2709228992462158,0.15723542869091034,0.22587531805038452,0.11668670177459717
58,3528,0.25117796659469604,0.13756625354290009,0.2302333116531372,0.107591912150383
58,3529,0.2519349753856659,0.1472731977701187,0.20535141229629517,0.11260607093572617
58,3530,0.26956453919410706,0.14658938348293304,0.25024521350860596,0.11438538134098053
58,3531,0.24793154001235962,0.13361094892024994,0.23413032293319702,0.10334229469299316
58,3532,0.22806353867053986,0.12636205554008484,0.20563066005706787,0.09724606573581696
58,3533,0.26677632331848145,0.15836115181446075,0.21100783348083496,0.12006008625030518
58,3534,0.2660897374153137,0.15404623746871948,0.22289156913757324,0.11443431675434113
58,3535,0.2299366444349289,0.12987886369228363,0.198627769947052,0.10303342342376709
58,3536,0.2724749445915222,0.1546735167503357,0.23569267988204956,0.11762169748544693
58,3537,0.22453352808952332,0.12879854440689087,0.18692004680633545,0.10483479499816895
58,3538,0.27626097202301025,0.15870603919029236,0.232946515083313,0.12188158929347992
58,3539,0.28614017367362976,0.1630014330148697,0.24295145273208618,0.12979072332382202
58,3540,0.2688126266002655,0.15117263793945312,0.23722374439239502,0.11375254392623901
59,3541,0.26775574684143066,0.15819992125034332,0.21236926317214966,0.12304060161113739
59,3542,0.23607005178928375,0.13255541026592255,0.20793724060058594,0.10169872641563416
59,3543,0.22566182911396027,0.12160475552082062,0.21387290954589844,0.09253956377506256
59,3544,0.2962985038757324,0.17791427671909332,0.22887438535690308,0.1341724693775177
59,3545,0.2695910930633545,0.15750151872634888,0.2189534306526184,0.12254110723733902
59,3546,0.2932933270931244,0.16927474737167358,0.24691611528396606,0.12626060843467712
59,3547,0.24614232778549194,0.140098437666893,0.21347904205322266,0.1032613068819046
59,3548,0.35030603408813477,0.21202349662780762,0.26950520277023315,0.15240216255187988
59,3549,0.23916004598140717,0.13983522355556488,0.1976909637451172,0.10124216973781586
59,3550,0.3122786581516266,0.19754767417907715,0.2173166275024414,0.13902169466018677
59,3551,0.32633668184280396,0.20077666640281677,0.2400456666946411,0.1477087289094925
59,3552,0.2567611336708069,0.15149164199829102,0.20688533782958984,0.11257675290107727
59,3553,0.23967385292053223,0.1295287311077118,0.2249118685722351,0.10090185701847076
59,3554,0.25567737221717834,0.14526665210723877,0.2226967215538025,0.10666007548570633
59,3555,0.28164324164390564,0.1655474752187729,0.23345398902893066,0.11357086151838303
59,3556,0.32462140917778015,0.1955595314502716,0.2549797296524048,0.13534997403621674
59,3557,0.2692428231239319,0.15496887266635895,0.22622239589691162,0.11892502754926682
59,3558,0.23678253591060638,0.13849982619285583,0.19635355472564697,0.09870640188455582
59,3559,0.24738606810569763,0.1465684026479721,0.200495183467865,0.10309796780347824
59,3560,0.22981476783752441,0.13564510643482208,0.1864389181137085,0.09797053039073944
59,3561,0.2540225386619568,0.14612352848052979,0.21593379974365234,0.10762736201286316
59,3562,0.26388946175575256,0.14908893406391144,0.23090118169784546,0.11220026016235352
59,3563,0.26717203855514526,0.15836983919143677,0.21271806955337524,0.1185748502612114
59,3564,0.27294453978538513,0.1616567224264145,0.21942704916000366,0.11758500337600708
59,3565,0.26161158084869385,0.15484341979026794,0.20847105979919434,0.11689874529838562
59,3566,0.3096241056919098,0.18409594893455505,0.23851299285888672,0.15061481297016144
59,3567,0.3390343487262726,0.19827957451343536,0.27636659145355225,0.15104076266288757
59,3568,0.2625649571418762,0.14639636874198914,0.23785048723220825,0.10514198243618011
59,3569,0.2710864841938019,0.16206620633602142,0.22019457817077637,0.10471230745315552
59,3570,0.2606438100337982,0.1436687856912613,0.2379787564277649,0.10891766846179962
59,3571,0.25238847732543945,0.14779792726039886,0.20543259382247925,0.11208756268024445
59,3572,0.23728123307228088,0.1393442451953888,0.1937112808227539,0.10226236283779144
59,3573,0.30287137627601624,0.1813226342201233,0.23515987396240234,0.1374240219593048
59,3574,0.25550296902656555,0.14191511273384094,0.22782301902770996,0.11229319870471954
59,3575,0.27833792567253113,0.1644352376461029,0.2232893705368042,0.12293478101491928
59,3576,0.24430719017982483,0.1448609083890915,0.19843310117721558,0.10036523640155792
59,3577,0.27029305696487427,0.15663447976112366,0.22338134050369263,0.12153010070323944
59,3578,0.2382587343454361,0.13293491303920746,0.21038585901260376,0.1058473289012909
59,3579,0.30945122241973877,0.17796379327774048,0.26093751192092896,0.13556216657161713
59,3580,0.28714630007743835,0.1546640694141388,0.269953191280365,0.12250469624996185
59,3581,0.250972718000412,0.14017724990844727,0.22160720825195312,0.11076280474662781
59,3582,0.2720937132835388,0.15584775805473328,0.23200708627700806,0.1172156035900116
59,3583,0.2551072835922241,0.13824982941150665,0.2381259799003601,0.1080353856086731
59,3584,0.26023271679878235,0.1386580765247345,0.25082361698150635,0.10622593760490417
59,3585,0.24707138538360596,0.13278232514858246,0.233847975730896,0.10374931246042252
59,3586,0.23586679995059967,0.12722723186016083,0.22224175930023193,0.09871429204940796
59,3587,0.249646857380867,0.13755984604358673,0.22686564922332764,0.10670368373394012
59,3588,0.2962522506713867,0.1705068200826645,0.24894165992736816,0.13084381818771362
59,3589,0.237227663397789,0.13509608805179596,0.20251232385635376,0.1056331992149353
59,3590,0.22006861865520477,0.12330099195241928,0.19283324480056763,0.09817163646221161
59,3591,0.2454550564289093,0.13654513657093048,0.21778810024261475,0.1089734137058258
59,3592,0.24007830023765564,0.1390073001384735,0.19617503881454468,0.1130049005150795
59,3593,0.25953781604766846,0.14957723021507263,0.2209112048149109,0.10798056423664093
59,3594,0.2366667091846466,0.1315007507801056,0.21446382999420166,0.09690213948488235
59,3595,0.21160893142223358,0.12220777571201324,0.174707293510437,0.09759122133255005
59,3596,0.23023071885108948,0.12764407694339752,0.20555782318115234,0.10181758552789688
59,3597,0.2578243911266327,0.14080750942230225,0.24174821376800537,0.10158786177635193
59,3598,0.23213821649551392,0.12712594866752625,0.21298754215240479,0.0990862101316452
59,3599,0.2413788139820099,0.13343575596809387,0.21746188402175903,0.1047915443778038
59,3600,0.24756504595279694,0.14309781789779663,0.20600610971450806,0.1103239357471466
60,3601,0.2563092112541199,0.14247065782546997,0.22850769758224487,0.11217737197875977
60,3602,0.2580265998840332,0.15070712566375732,0.2084837555885315,0.11962975561618805
60,3603,0.23252959549427032,0.1314464509487152,0.2002941370010376,0.10482745617628098
60,3604,0.24188442528247833,0.13907384872436523,0.20106935501098633,0.11191418766975403
60,3605,0.21995827555656433,0.12341088056564331,0.1926971673965454,0.0973425954580307
60,3606,0.23370148241519928,0.1344265192747116,0.1942468285560608,0.10788119584321976
60,3607,0.23407596349716187,0.13022810220718384,0.20744842290878296,0.10434240102767944
60,3608,0.2916516959667206,0.16931398212909698,0.23960018157958984,0.1324881911277771
60,3609,0.23066402971744537,0.13139277696609497,0.19838321208953857,0.09958983957767487
60,3610,0.27389881014823914,0.15424732863903046,0.23683398962020874,0.12458940595388412
60,3611,0.2946139872074127,0.16477134823799133,0.26226872205734253,0.12467579543590546
60,3612,0.22312158346176147,0.1237887367606163,0.19828522205352783,0.1000937968492508
60,3613,0.23810090124607086,0.13615505397319794,0.19968342781066895,0.11036239564418793
60,3614,0.25002574920654297,0.1387059986591339,0.22318756580352783,0.11022361367940903
60,3615,0.24190813302993774,0.1389908343553543,0.20135295391082764,0.11188057065010071
60,3616,0.30184948444366455,0.17769856750965118,0.24021023511886597,0.14033399522304535
60,3617,0.2997816801071167,0.16378483176231384,0.27712851762771606,0.12572726607322693
60,3618,0.2804683744907379,0.1643356829881668,0.22578752040863037,0.12908849120140076
60,3619,0.2183380126953125,0.12226369231939316,0.1917259693145752,0.09691968560218811
60,3620,0.24808759987354279,0.13538683950901031,0.22862857580184937,0.1062467098236084
60,3621,0.25343775749206543,0.14326860010623932,0.21800857782363892,0.11482861638069153
60,3622,0.24699784815311432,0.13946643471717834,0.21436196565628052,0.10893309861421585
60,3623,0.29442325234413147,0.16966105997562408,0.249464750289917,0.12488145381212234
60,3624,0.2699410021305084,0.15165160596370697,0.2343849539756775,0.1226770207285881
60,3625,0.22726428508758545,0.12887336313724518,0.19537568092346191,0.10120323300361633
60,3626,0.2607541084289551,0.1405983567237854,0.24703723192214966,0.10670418292284012
60,3627,0.2888035178184509,0.17141051590442657,0.2258254885673523,0.13531403243541718
60,3628,0.2538814842700958,0.14441901445388794,0.21556657552719116,0.11617916077375412
60,3629,0.2773352563381195,0.15805812180042267,0.23728764057159424,0.12181037664413452
60,3630,0.2680823802947998,0.1533532738685608,0.22664475440979004,0.120355986058712
60,3631,0.2791765630245209,0.16326236724853516,0.225924551486969,0.12772193551063538
60,3632,0.2623007595539093,0.1489551067352295,0.22388428449630737,0.1189596876502037
60,3633,0.29852238297462463,0.1777753084897995,0.2308524250984192,0.14203062653541565
60,3634,0.2692621350288391,0.14793109893798828,0.24377888441085815,0.11909744143486023
60,3635,0.27520203590393066,0.1558627188205719,0.23659396171569824,0.12350864708423615
60,3636,0.22107349336147308,0.12512189149856567,0.19142013788223267,0.09691765904426575
60,3637,0.2596384584903717,0.14719954133033752,0.2285509705543518,0.10509271919727325
60,3638,0.2700819671154022,0.15673747658729553,0.22168779373168945,0.12334692478179932
60,3639,0.334303617477417,0.1998065561056137,0.2568666934967041,0.15875189006328583
60,3640,0.24032193422317505,0.13538441061973572,0.21292263269424438,0.09884239733219147
60,3641,0.2721467614173889,0.1493247002363205,0.2488226294517517,0.11646513640880585
60,3642,0.26911354064941406,0.15825849771499634,0.21450263261795044,0.12526988983154297
60,3643,0.28302037715911865,0.15320412814617157,0.26373690366744995,0.12160755693912506
60,3644,0.312307745218277,0.17490407824516296,0.2746890187263489,0.13764017820358276
60,3645,0.25640514492988586,0.14408056437969208,0.2250962257385254,0.11143039166927338
60,3646,0.2453259974718094,0.14368252456188202,0.20004194974899292,0.10813349485397339
60,3647,0.25695687532424927,0.14332091808319092,0.22841554880142212,0.11134868860244751
60,3648,0.2498467117547989,0.13307614624500275,0.24062234163284302,0.10260815918445587
60,3649,0.25836795568466187,0.14572949707508087,0.2221953272819519,0.11880166828632355
60,3650,0.25474363565444946,0.14731091260910034,0.20996350049972534,0.1172366738319397
60,3651,0.23494890332221985,0.13290056586265564,0.2035878300666809,0.10306595265865326
60,3652,0.2205120325088501,0.12569162249565125,0.1864301562309265,0.10124177485704422
60,3653,0.23311549425125122,0.13061633706092834,0.20361453294754028,0.10526673495769501
60,3654,0.27642959356307983,0.158157080411911,0.23347675800323486,0.12440904974937439
60,3655,0.27843448519706726,0.1639523208141327,0.223075270652771,0.12626028060913086
60,3656,0.27228450775146484,0.15201158821582794,0.24141085147857666,0.11854290962219238
60,3657,0.27567148208618164,0.1507190614938736,0.2550356388092041,0.11469078063964844
60,3658,0.31981685757637024,0.19813813269138336,0.23020023107528687,0.14799311757087708
60,3659,0.22656100988388062,0.13371916115283966,0.17884093523025513,0.10652737319469452
60,3660,0.2878914475440979,0.17179952561855316,0.222312331199646,0.1358349621295929
61,3661,0.2571713924407959,0.13398683071136475,0.25603199005126953,0.10385879874229431
61,3662,0.24074994027614594,0.13520507514476776,0.20984679460525513,0.10803071409463882
61,3663,0.2494831681251526,0.14261674880981445,0.2117985486984253,0.1107349768280983
61,3664,0.24422281980514526,0.13994689285755157,0.20536905527114868,0.11064156889915466
61,3665,0.26479074358940125,0.15512271225452423,0.21523737907409668,0.11786535382270813
61,3666,0.25617724657058716,0.13961263000965118,0.237348735332489,0.10812567174434662
61,3667,0.2786806523799896,0.1605420857667923,0.2334330677986145,0.12382671236991882
61,3668,0.22640538215637207,0.12725941836833954,0.19756853580474854,0.10059276223182678
61,3669,0.22273825109004974,0.12249018996953964,0.20234864950180054,0.09654298424720764
61,3670,0.2484380155801773,0.14482241868972778,0.20007920265197754,0.11791950464248657
61,3671,0.2477964460849762,0.1424528807401657,0.2057153582572937,0.115287184715271
61,3672,0.2619185447692871,0.15345774590969086,0.2090722918510437,0.12415944039821625
61,3673,0.26525405049324036,0.14061905443668365,0.25551730394363403,0.11214037239551544
61,3674,0.24917155504226685,0.14740605652332306,0.194938063621521,0.11895135045051575
61,3675,0.2023710310459137,0.11456668376922607,0.1749058961868286,0.08921000361442566
61,3676,0.2837570905685425,0.16133922338485718,0.24622279405593872,0.11964385211467743
61,3677,0.24878641963005066,0.14052031934261322,0.2164580225944519,0.108414426445961
61,3678,0.24594171345233917,0.13976188004016876,0.21155047416687012,0.10779820382595062
61,3679,0.2377960979938507,0.13246801495552063,0.21239471435546875,0.10185090452432632
61,3680,0.2711649239063263,0.15963564813137054,0.21596795320510864,0.12571048736572266
61,3681,0.25930774211883545,0.14448468387126923,0.23067015409469604,0.11277495324611664
61,3682,0.2624899744987488,0.14529064297676086,0.23717910051345825,0.1116383969783783
61,3683,0.2555326223373413,0.14510944485664368,0.21972215175628662,0.11267152428627014
61,3684,0.262082040309906,0.14452694356441498,0.23424720764160156,0.1192811131477356
61,3685,0.23595085740089417,0.12308499217033386,0.23331695795059204,0.09769546240568161
61,3686,0.28303587436676025,0.16327455639839172,0.23415154218673706,0.13050340116024017
61,3687,0.24659985303878784,0.13355854153633118,0.23026657104492188,0.10467339307069778
61,3688,0.259570449590683,0.1518610715866089,0.20723235607147217,0.12408217787742615
61,3689,0.20917120575904846,0.11727245897054672,0.18292111158370972,0.09365149587392807
61,3690,0.26544177532196045,0.15609203279018402,0.21445602178573608,0.11783663928508759
61,3691,0.24324865639209747,0.13445459306240082,0.2181689739227295,0.10763232409954071
61,3692,0.23428285121917725,0.1263739913702011,0.2205902338027954,0.09836379438638687
61,3693,0.27147260308265686,0.15686485171318054,0.2247781753540039,0.12348239868879318
61,3694,0.31067126989364624,0.17402984201908112,0.2722189426422119,0.138769268989563
61,3695,0.2619112432003021,0.14834579825401306,0.226093590259552,0.1156400814652443
61,3696,0.25712987780570984,0.14395290613174438,0.22462695837020874,0.116630919277668
61,3697,0.24845877289772034,0.13727836310863495,0.22313278913497925,0.10963644832372665
61,3698,0.26763737201690674,0.14786005020141602,0.23997455835342407,0.11893752962350845
61,3699,0.23019257187843323,0.1271379292011261,0.20850646495819092,0.09826028347015381
61,3700,0.2557979226112366,0.14620839059352875,0.21853744983673096,0.11087282747030258
61,3701,0.22203482687473297,0.12434037029743195,0.19708168506622314,0.09430891275405884
61,3702,0.23187656700611115,0.12172096222639084,0.22713637351989746,0.0965052992105484
61,3703,0.256683349609375,0.14605803787708282,0.21828079223632812,0.11656488478183746
61,3704,0.2711200416088104,0.15964919328689575,0.21403604745864868,0.129282146692276
61,3705,0.3234567642211914,0.19514495134353638,0.24161410331726074,0.1583307385444641
61,3706,0.22846198081970215,0.12833751738071442,0.19860243797302246,0.10341745615005493
61,3707,0.2266119122505188,0.12280362844467163,0.20967698097229004,0.09968743473291397
61,3708,0.28392332792282104,0.1490393429994583,0.28023040294647217,0.1139591634273529
61,3709,0.23661357164382935,0.13226662576198578,0.20753031969070435,0.10667416453361511
61,3710,0.24551279842853546,0.14057528972625732,0.20601367950439453,0.11266012489795685
61,3711,0.25495049357414246,0.138811856508255,0.23562318086624146,0.10944676399230957
61,3712,0.25067076086997986,0.1384727656841278,0.225505530834198,0.10997890681028366
61,3713,0.2606202960014343,0.146142840385437,0.2290973663330078,0.11419251561164856
61,3714,0.2653224766254425,0.1527475267648697,0.22227418422698975,0.11832639575004578
61,3715,0.24327269196510315,0.13690541684627533,0.2124963402748108,0.10684369504451752
61,3716,0.32868140935897827,0.18888884782791138,0.27420341968536377,0.1505560278892517
61,3717,0.25079092383384705,0.13904264569282532,0.2250443696975708,0.10865264385938644
61,3718,0.24493463337421417,0.13550715148448944,0.2215011715888977,0.10413508117198944
61,3719,0.25103995203971863,0.14167386293411255,0.21943092346191406,0.10796865075826645
61,3720,0.24281825125217438,0.13855049014091492,0.2062249779701233,0.10888879746198654
62,3721,0.23648066818714142,0.1346026211977005,0.20136886835098267,0.10665245354175568
62,3722,0.22544588148593903,0.12665049731731415,0.19538217782974243,0.10321249067783356
62,3723,0.262530118227005,0.15319691598415375,0.21187514066696167,0.12291575223207474
62,3724,0.2614061236381531,0.14262981712818146,0.2401273250579834,0.11362692713737488
62,3725,0.2596363127231598,0.13496719300746918,0.26176005601882935,0.09982546418905258
62,3726,0.27299144864082336,0.1668679565191269,0.20174044370651245,0.12713661789894104
62,3727,0.28371328115463257,0.16499438881874084,0.23275995254516602,0.12807457149028778
62,3728,0.2744639217853546,0.15115617215633392,0.2478398084640503,0.12085919082164764
62,3729,0.23937804996967316,0.13777722418308258,0.19834238290786743,0.11131933331489563
62,3730,0.24768900871276855,0.13383176922798157,0.2318163514137268,0.10565350949764252
62,3731,0.2606652081012726,0.13919171690940857,0.2490360140800476,0.10929542779922485
62,3732,0.24711842834949493,0.14463230967521667,0.1968522071838379,0.11872608959674835
62,3733,0.24254533648490906,0.13741090893745422,0.20776420831680298,0.11014371365308762
62,3734,0.28386494517326355,0.16007497906684875,0.24481850862503052,0.1293126791715622
62,3735,0.23940126597881317,0.12508463859558105,0.2348487377166748,0.10188561677932739
62,3736,0.23732300102710724,0.1361970156431198,0.1982802152633667,0.10906948149204254
62,3737,0.2386428564786911,0.13449522852897644,0.20718669891357422,0.10636468231678009
62,3738,0.20213794708251953,0.11636985838413239,0.1687605381011963,0.09131935238838196
62,3739,0.2496875524520874,0.13169193267822266,0.24192947149276733,0.10611917078495026
62,3740,0.2945542335510254,0.16887599229812622,0.24879032373428345,0.13081061840057373
62,3741,0.2694976031780243,0.14741750061511993,0.24668419361114502,0.11703209578990936
62,3742,0.2577519416809082,0.13362246751785278,0.2571220397949219,0.1064031720161438
62,3743,0.294658362865448,0.17637750506401062,0.22414499521255493,0.1431143879890442
62,3744,0.24253582954406738,0.1357307732105255,0.21190506219863892,0.11021511256694794
62,3745,0.25285446643829346,0.14239512383937836,0.21972233057022095,0.11285204440355301
62,3746,0.24234384298324585,0.1398387849330902,0.20099878311157227,0.11052775382995605
62,3747,0.23377694189548492,0.12958453595638275,0.20970946550369263,0.10154317319393158
62,3748,0.22194284200668335,0.12237438559532166,0.20062637329101562,0.09658944606781006
62,3749,0.2595881521701813,0.14567579329013824,0.22723084688186646,0.11510010063648224
62,3750,0.25157132744789124,0.13852381706237793,0.2293878197669983,0.10646189749240875
62,3751,0.25430646538734436,0.14278502762317657,0.2223668098449707,0.11287364363670349
62,3752,0.25851544737815857,0.15104593336582184,0.20850306749343872,0.12034150958061218
62,3753,0.21591319143772125,0.12205173075199127,0.18600404262542725,0.09729922562837601
62,3754,0.20678500831127167,0.10619563609361649,0.2101382613182068,0.08267036080360413
62,3755,0.22292552888393402,0.1240563616156578,0.2005634307861328,0.09321898221969604
62,3756,0.22770622372627258,0.1272078901529312,0.20000290870666504,0.10248585045337677
62,3757,0.21074718236923218,0.12007573992013931,0.1791263222694397,0.09510456025600433
62,3758,0.2792629897594452,0.1688970923423767,0.20859801769256592,0.13463352620601654
62,3759,0.2840542197227478,0.17226900160312653,0.21823281049728394,0.12246038019657135
62,3760,0.25967732071876526,0.14832696318626404,0.2208295464515686,0.1150926724076271
62,3761,0.2983851432800293,0.1677381545305252,0.26361656188964844,0.12600181996822357
62,3762,0.26656314730644226,0.14649802446365356,0.2431163787841797,0.1140928715467453
62,3763,0.316717267036438,0.19230647385120392,0.24364501237869263,0.13476398587226868
62,3764,0.25987905263900757,0.1440899670124054,0.23348450660705566,0.11197637766599655
62,3765,0.2672795355319977,0.15647803246974945,0.21985942125320435,0.11428862810134888
62,3766,0.2745826840400696,0.15541541576385498,0.24128711223602295,0.1132621020078659
62,3767,0.281150758266449,0.1587170660495758,0.24547439813613892,0.12121963500976562
62,3768,0.251679003238678,0.13899588584899902,0.22847014665603638,0.10647532343864441
62,3769,0.24333716928958893,0.13969340920448303,0.20523148775100708,0.10775582492351532
62,3770,0.27562016248703003,0.1631937325000763,0.21764987707138062,0.12683244049549103
62,3771,0.25555527210235596,0.14119085669517517,0.2312285304069519,0.10936494171619415
62,3772,0.24866725504398346,0.14162160456180573,0.21133625507354736,0.11255571246147156
62,3773,0.2513916790485382,0.14760898053646088,0.200423002243042,0.11806750297546387
62,3774,0.2507542371749878,0.1431538313627243,0.21498310565948486,0.1080358624458313
62,3775,0.22413215041160583,0.12108850479125977,0.21195465326309204,0.09130896627902985
62,3776,0.23547829687595367,0.13152125477790833,0.20685619115829468,0.106072798371315
62,3777,0.2964703142642975,0.16295886039733887,0.2704971432685852,0.1265629529953003
62,3778,0.2756637930870056,0.1576438695192337,0.23381155729293823,0.1224765032529831
62,3779,0.24009297788143158,0.13886769115924835,0.1984732747077942,0.10917980968952179
62,3780,0.2528053820133209,0.14766880869865417,0.2040678858757019,0.11754706501960754
63,3781,0.2664377987384796,0.14621391892433167,0.24367374181747437,0.11377179622650146
63,3782,0.22463303804397583,0.1280464082956314,0.19068551063537598,0.10156217217445374
63,3783,0.27213215827941895,0.15330635011196136,0.23867851495742798,0.11677207052707672
63,3784,0.2294958084821701,0.1255626529455185,0.21034389734268188,0.0989779531955719
63,3785,0.225967675447464,0.1293288618326187,0.19206559658050537,0.09906291216611862
63,3786,0.27091991901397705,0.1562691330909729,0.2240217924118042,0.1252102106809616
63,3787,0.23064839839935303,0.12713783979415894,0.2091541290283203,0.09924459457397461
63,3788,0.2752261161804199,0.1468137800693512,0.264718234539032,0.11262514442205429
63,3789,0.26433098316192627,0.15171454846858978,0.22151142358779907,0.12005926668643951
63,3790,0.252469539642334,0.13889649510383606,0.22883808612823486,0.1101890504360199
63,3791,0.27479979395866394,0.15779241919517517,0.22905421257019043,0.12692837417125702
63,3792,0.2929976284503937,0.16678757965564728,0.2518896460533142,0.12727096676826477
63,3793,0.2569827735424042,0.1486516296863556,0.21030235290527344,0.12105103582143784
63,3794,0.26890528202056885,0.14157600700855255,0.2622872591018677,0.11207189410924911
63,3795,0.25943881273269653,0.15013565123081207,0.2149144411087036,0.11668704450130463
63,3796,0.23018978536128998,0.12299154698848724,0.21946430206298828,0.0970626175403595
63,3797,0.2256748080253601,0.12812460958957672,0.19154822826385498,0.10465458780527115
63,3798,0.24688492715358734,0.13614697754383087,0.22291922569274902,0.10785128176212311
63,3799,0.24130402505397797,0.13386236131191254,0.21654808521270752,0.10411208868026733
63,3800,0.23917116224765778,0.13695818185806274,0.2007739543914795,0.10951697826385498
63,3801,0.2614152133464813,0.14793802797794342,0.22633761167526245,0.1147107183933258
63,3802,0.27396559715270996,0.1547587364912033,0.24021822214126587,0.1155979111790657
63,3803,0.30250290036201477,0.17895691096782684,0.23583513498306274,0.14605975151062012
63,3804,0.25144603848457336,0.1398143619298935,0.2229568362236023,0.11224472522735596
63,3805,0.2949703335762024,0.1732938140630722,0.2376580834388733,0.13306647539138794
63,3806,0.2594395577907562,0.1476026177406311,0.22042042016983032,0.11834385991096497
63,3807,0.21363630890846252,0.12108571827411652,0.18385499715805054,0.09504299610853195
63,3808,0.2525249123573303,0.13663332164287567,0.23624229431152344,0.10697333514690399
63,3809,0.2730344533920288,0.154702290892601,0.23589259386062622,0.11987560242414474
63,3810,0.27523273229599,0.14516615867614746,0.26845961809158325,0.11341364681720734
63,3811,0.28479626774787903,0.16215571761131287,0.2437625527381897,0.12567764520645142
63,3812,0.22391922771930695,0.12599973380565643,0.1958957314491272,0.09780599176883698
63,3813,0.249395489692688,0.14592589437961578,0.19886505603790283,0.11961784958839417
63,3814,0.23244042694568634,0.13147880136966705,0.19959473609924316,0.10561864078044891
63,3815,0.27641376852989197,0.15749922394752502,0.23775416612625122,0.11906426399946213
63,3816,0.2488088607788086,0.14228887856006622,0.21189147233963013,0.10881690680980682
63,3817,0.24370817840099335,0.13713020086288452,0.2100468873977661,0.11279603093862534
63,3818,0.22298507392406464,0.12924295663833618,0.18597441911697388,0.09676171839237213
63,3819,0.23696765303611755,0.13507601618766785,0.20078617334365845,0.10788579285144806
63,3820,0.24467061460018158,0.14014975726604462,0.20639389753341675,0.10981646925210953
63,3821,0.23926380276679993,0.13468505442142487,0.20640945434570312,0.11007489264011383
63,3822,0.27893781661987305,0.165396586060524,0.21770328283309937,0.13229970633983612
63,3823,0.2579663097858429,0.14002832770347595,0.23948991298675537,0.11071012914180756
63,3824,0.21735817193984985,0.11989934742450714,0.19530326128005981,0.09668763726949692
63,3825,0.2727028429508209,0.14769402146339417,0.2537227272987366,0.11759860813617706
63,3826,0.2700253427028656,0.15186871588230133,0.23337829113006592,0.12402655929327011
63,3827,0.24922220408916473,0.1396370530128479,0.21892595291137695,0.11007383465766907
63,3828,0.3266433775424957,0.19338630139827728,0.2567734718322754,0.15273842215538025
63,3829,0.2580972909927368,0.1466321349143982,0.22064942121505737,0.11602696776390076
63,3830,0.25504764914512634,0.1462266743183136,0.213445246219635,0.11721429228782654
63,3831,0.29242461919784546,0.16979806125164032,0.2396901249885559,0.1337524652481079
63,3832,0.24014225602149963,0.13366824388504028,0.2153647541999817,0.10164050757884979
63,3833,0.2297004908323288,0.12225713580846786,0.22065109014511108,0.09591458737850189
63,3834,0.23846924304962158,0.13140450417995453,0.2172141671180725,0.10089531540870667
63,3835,0.28650590777397156,0.16505378484725952,0.2384304404258728,0.13039982318878174
63,3836,0.2570030987262726,0.14847642183303833,0.2132822871208191,0.11606881022453308
63,3837,0.254387229681015,0.1372651904821396,0.24446994066238403,0.09667037427425385
63,3838,0.23920419812202454,0.1379287838935852,0.19768673181533813,0.11100362986326218
63,3839,0.2653811275959015,0.15017613768577576,0.22994643449783325,0.11613206565380096
63,3840,0.2528967261314392,0.14877168834209442,0.20062637329101562,0.11937248706817627
64,3841,0.23865626752376556,0.12937532365322113,0.22171550989151,0.10297367721796036
64,3842,0.257473349571228,0.14188560843467712,0.23164409399032593,0.11465052515268326
64,3843,0.21490095555782318,0.12397018074989319,0.17665255069732666,0.10134877264499664
64,3844,0.25180694460868835,0.13552911579608917,0.23524397611618042,0.1109011173248291
64,3845,0.26644763350486755,0.1494486927986145,0.23227685689926147,0.12044105678796768
64,3846,0.23279868066310883,0.13183017075061798,0.19995921850204468,0.10492406785488129
64,3847,0.24777603149414062,0.14078746736049652,0.21195030212402344,0.11104224622249603
64,3848,0.3077244162559509,0.1750914752483368,0.26252061128616333,0.13812348246574402
64,3849,0.29039350152015686,0.1750391274690628,0.21997392177581787,0.13682407140731812
64,3850,0.274151086807251,0.15515337884426117,0.23795968294143677,0.1190691813826561
64,3851,0.25685402750968933,0.14228981733322144,0.2295556664466858,0.11370968818664551
64,3852,0.2939612865447998,0.1592637598514557,0.27231699228286743,0.12885361909866333
64,3853,0.3207252025604248,0.1780889481306076,0.2868139147758484,0.13955333828926086
64,3854,0.26458537578582764,0.1529119312763214,0.21918010711669922,0.12000690400600433
64,3855,0.24463753402233124,0.13202761113643646,0.2301340103149414,0.10278159379959106
64,3856,0.2701711058616638,0.15496332943439484,0.23240190744400024,0.11123509705066681
64,3857,0.2695898413658142,0.15643568336963654,0.21943449974060059,0.1269018054008484
64,3858,0.23711185157299042,0.13249213993549347,0.20885193347930908,0.10539466142654419
64,3859,0.22637227177619934,0.12338151782751083,0.21012753248214722,0.09469863027334213
64,3860,0.2565111517906189,0.14738807082176208,0.21574276685714722,0.11412984877824783
64,3861,0.23013907670974731,0.12435001879930496,0.21516448259353638,0.0986163318157196
64,3862,0.26275473833084106,0.15004761517047882,0.22015398740768433,0.12322773039340973
64,3863,0.25555291771888733,0.14261585474014282,0.22590255737304688,0.11288021504878998
64,3864,0.2424774318933487,0.13474924862384796,0.21704447269439697,0.10455195605754852
64,3865,0.2828184962272644,0.16843314468860626,0.21874362230300903,0.13443952798843384
64,3866,0.2598654329776764,0.14852504432201385,0.21712130308151245,0.12245941162109375
64,3867,0.27222970128059387,0.15366972982883453,0.23506134748458862,0.12267710268497467
64,3868,0.27653294801712036,0.15303921699523926,0.24950462579727173,0.11845944821834564
64,3869,0.2445264458656311,0.1389840543270111,0.20857101678848267,0.11056986451148987
64,3870,0.2327551245689392,0.13086001574993134,0.20287233591079712,0.10373082011938095
64,3871,0.2099350541830063,0.11460195481777191,0.19463670253753662,0.08739211410284042
64,3872,0.2575223743915558,0.13694483041763306,0.24673700332641602,0.10941373556852341
64,3873,0.2400750368833542,0.1364472359418869,0.20359498262405396,0.1109490767121315
64,3874,0.22457779943943024,0.12500609457492828,0.19992387294769287,0.0980108231306076
64,3875,0.2709154486656189,0.1503027230501175,0.243452787399292,0.11615807563066483
64,3876,0.22703520953655243,0.12303121387958527,0.21228915452957153,0.09544174373149872
64,3877,0.26526713371276855,0.1432863175868988,0.24772942066192627,0.11444518715143204
64,3878,0.2477274239063263,0.1407283991575241,0.2134576439857483,0.10807987302541733
64,3879,0.26430273056030273,0.15143156051635742,0.2232171893119812,0.117921382188797
64,3880,0.2545795142650604,0.14044608175754547,0.2291308045387268,0.11240558326244354
64,3881,0.2678239047527313,0.1534980982542038,0.22576701641082764,0.12009494751691818
64,3882,0.25908565521240234,0.1538880616426468,0.2018824815750122,0.12222307920455933
64,3883,0.24072541296482086,0.133962482213974,0.2137690782546997,0.10627647489309311
64,3884,0.254232257604599,0.14773745834827423,0.20487850904464722,0.12271696329116821
64,3885,0.25189483165740967,0.14375616610050201,0.2126551866531372,0.11538302898406982
64,3886,0.2274080365896225,0.1282571405172348,0.19751620292663574,0.10072211921215057
64,3887,0.25396841764450073,0.13727836310863495,0.2376420497894287,0.10816621780395508
64,3888,0.22669710218906403,0.12121587246656418,0.21754533052444458,0.09231545031070709
64,3889,0.24194364249706268,0.13594375550746918,0.2113698124885559,0.10725980997085571
64,3890,0.23928780853748322,0.13480067253112793,0.20941323041915894,0.10360918939113617
64,3891,0.19382962584495544,0.10943141579627991,0.17013001441955566,0.08173099160194397
64,3892,0.25161924958229065,0.1406984180212021,0.22057664394378662,0.11345089972019196
64,3893,0.24572928249835968,0.14130891859531403,0.20425647497177124,0.1135888397693634
64,3894,0.261748343706131,0.14367546141147614,0.23908084630966187,0.11220282316207886
64,3895,0.25602999329566956,0.1438121348619461,0.22371423244476318,0.11366082727909088
64,3896,0.23806533217430115,0.14004062116146088,0.18861955404281616,0.11288449168205261
64,3897,0.2614496350288391,0.14629168808460236,0.2298908233642578,0.11600811034440994
64,3898,0.24998082220554352,0.14646472036838531,0.20060420036315918,0.11637210100889206
64,3899,0.2358311116695404,0.13304702937602997,0.20432519912719727,0.10527001321315765
64,3900,0.207455113530159,0.11570872366428375,0.18418240547180176,0.0903671532869339
65,3901,0.262007474899292,0.14350616931915283,0.23905742168426514,0.11439168453216553
65,3902,0.24109865725040436,0.13909652829170227,0.19960010051727295,0.11081044375896454
65,3903,0.25149238109588623,0.1451994627714157,0.20733046531677246,0.11680370569229126
65,3904,0.26542794704437256,0.14217115938663483,0.2520983815193176,0.11208710074424744
65,3905,0.21995262801647186,0.12664134800434113,0.18355590105056763,0.09944461286067963
65,3906,0.25873759388923645,0.1513921171426773,0.20762544870376587,0.12147650867700577
65,3907,0.26566368341445923,0.153080016374588,0.22190243005752563,0.11911342293024063
65,3908,0.2460809350013733,0.1306820511817932,0.23663705587387085,0.10372024774551392
65,3909,0.2990041971206665,0.17033059895038605,0.257723867893219,0.12792019546031952
65,3910,0.25398769974708557,0.13913865387439728,0.23361575603485107,0.1070137545466423
65,3911,0.25994229316711426,0.14715351164340973,0.22519928216934204,0.11354543268680573
65,3912,0.2771793603897095,0.15987853705883026,0.23038506507873535,0.12573397159576416
65,3913,0.2552412748336792,0.14344429969787598,0.2245921492576599,0.10980060696601868
65,3914,0.22971072793006897,0.12392229586839676,0.21560364961624146,0.09773485362529755
65,3915,0.2787536084651947,0.15628810226917267,0.24442249536514282,0.12348247319459915
65,3916,0.25703856348991394,0.14591097831726074,0.21976715326309204,0.11610354483127594
65,3917,0.28118211030960083,0.15178540349006653,0.2649865746498108,0.11701039969921112
65,3918,0.24543075263500214,0.14057326316833496,0.20468181371688843,0.11492377519607544
65,3919,0.2849091589450836,0.15841251611709595,0.2529805302619934,0.12652212381362915
65,3920,0.24653194844722748,0.13900503516197205,0.2140180468559265,0.10959839820861816
65,3921,0.271170973777771,0.1574011743068695,0.21896988153457642,0.130909264087677
65,3922,0.27063652873039246,0.15094837546348572,0.2390075922012329,0.12042558938264847
65,3923,0.2277659922838211,0.12295099347829819,0.21279376745224,0.09848745912313461
65,3924,0.22502464056015015,0.12198612838983536,0.2089402675628662,0.09731200337409973
65,3925,0.29964926838874817,0.17874775826931,0.23155748844146729,0.14139243960380554
65,3926,0.21496665477752686,0.11727572977542877,0.19640469551086426,0.09564517438411713
65,3927,0.3067905902862549,0.17531920969486237,0.2621225118637085,0.13311198353767395
65,3928,0.27083107829093933,0.16221721470355988,0.20746690034866333,0.1281355917453766
65,3929,0.24735192954540253,0.13002008199691772,0.2425026297569275,0.10165400803089142
65,3930,0.24174097180366516,0.1376945525407791,0.2052275538444519,0.1097770407795906
65,3931,0.26639848947525024,0.15533113479614258,0.22108078002929688,0.11317520588636398
65,3932,0.25792816281318665,0.15207484364509583,0.2031669020652771,0.12293282151222229
65,3933,0.2615678608417511,0.1421479731798172,0.24171531200408936,0.1136687621474266
65,3934,0.26278942823410034,0.15097060799598694,0.22047901153564453,0.11813607811927795
65,3935,0.24898993968963623,0.14400848746299744,0.2041115164756775,0.11668422818183899
65,3936,0.30157437920570374,0.17171409726142883,0.2574225664138794,0.1344563364982605
65,3937,0.21418768167495728,0.1196155920624733,0.18931740522384644,0.09422561526298523
65,3938,0.2905983626842499,0.16761215031147003,0.2427545189857483,0.129422128200531
65,3939,0.24887502193450928,0.13790351152420044,0.22361618280410767,0.10762510448694229
65,3940,0.24635685980319977,0.1346197873353958,0.22455459833145142,0.10957624018192291
65,3941,0.2936941981315613,0.16371910274028778,0.2584104537963867,0.13305452466011047
65,3942,0.2596312165260315,0.1461012065410614,0.22505009174346924,0.11754995584487915
65,3943,0.24520418047904968,0.1401272714138031,0.20772618055343628,0.10993209481239319
65,3944,0.23636534810066223,0.12881866097450256,0.21649187803268433,0.1047496348619461
65,3945,0.21571381390094757,0.11697494238615036,0.20125770568847656,0.09117891639471054
65,3946,0.2632898688316345,0.14919070899486542,0.22664719820022583,0.1172013133764267
65,3947,0.25682640075683594,0.1353888362646103,0.2547217011451721,0.09774449467658997
65,3948,0.24925225973129272,0.1378677785396576,0.22547060251235962,0.1059812381863594
65,3949,0.25489988923072815,0.14546410739421844,0.21454238891601562,0.11809410154819489
65,3950,0.23840974271297455,0.13124680519104004,0.21418964862823486,0.10743535310029984
65,3951,0.27625560760498047,0.16070686280727386,0.2253698706626892,0.1270039826631546
65,3952,0.2778345048427582,0.16440646350383759,0.21833133697509766,0.13047748804092407
65,3953,0.2335727959871292,0.1255856305360794,0.22030490636825562,0.0993259996175766
65,3954,0.23248039186000824,0.13019029796123505,0.20397347211837769,0.10350354760885239
65,3955,0.23880046606063843,0.13485227525234222,0.20562106370925903,0.10849876701831818
65,3956,0.24187815189361572,0.13277189433574677,0.21979862451553345,0.10593397170305252
65,3957,0.2376558929681778,0.13226215541362762,0.21244144439697266,0.10208584368228912
65,3958,0.25170111656188965,0.14836592972278595,0.1990748643875122,0.11852623522281647
65,3959,0.2327689677476883,0.12878724932670593,0.2098245620727539,0.1002594381570816
65,3960,0.2284351885318756,0.12632118165493011,0.20452171564102173,0.10152657330036163
66,3961,0.22361527383327484,0.12654924392700195,0.1939009428024292,0.09752826392650604
66,3962,0.2675187587738037,0.1501026153564453,0.2335454225540161,0.119989775121212
66,3963,0.2485707402229309,0.14260350167751312,0.2068997621536255,0.11603666841983795
66,3964,0.2308730036020279,0.12627488374710083,0.21065568923950195,0.10167917609214783
66,3965,0.22260794043540955,0.12504437565803528,0.1943100094795227,0.09919776022434235
66,3966,0.24559693038463593,0.13598434627056122,0.22067445516586304,0.10671402513980865
66,3967,0.22000721096992493,0.1264754980802536,0.18344569206237793,0.10076716542243958
66,3968,0.24919173121452332,0.13874167203903198,0.2232133150100708,0.10582365095615387
66,3969,0.23785850405693054,0.131544828414917,0.21292603015899658,0.10571631789207458
66,3970,0.24079351127147675,0.1328216940164566,0.2161584496498108,0.10754217952489853
66,3971,0.231596440076828,0.13308800756931305,0.19134080410003662,0.1098606139421463
66,3972,0.255036324262619,0.14467547833919525,0.21973085403442383,0.11234254390001297
66,3973,0.27740129828453064,0.1537124067544937,0.2509835958480835,0.11647727340459824
66,3974,0.23121334612369537,0.1290072649717331,0.20406067371368408,0.10290908813476562
66,3975,0.2664851248264313,0.1529981642961502,0.22106242179870605,0.125310018658638
66,3976,0.26082971692085266,0.14888699352741241,0.21941649913787842,0.12088064849376678
66,3977,0.27778148651123047,0.16112889349460602,0.22572070360183716,0.13182157278060913
66,3978,0.2624886631965637,0.14990657567977905,0.22314929962158203,0.11661188304424286
66,3979,0.21476657688617706,0.12578940391540527,0.17252159118652344,0.09984264522790909
66,3980,0.24348483979701996,0.13022248446941376,0.23194444179534912,0.10242290049791336
66,3981,0.26789799332618713,0.15082474052906036,0.23215126991271973,0.12106367945671082
66,3982,0.2910303771495819,0.16851317882537842,0.2381255030632019,0.13633501529693604
66,3983,0.20919758081436157,0.11403744667768478,0.1926051378250122,0.09059040248394012
66,3984,0.2838977575302124,0.16708053648471832,0.2245030403137207,0.13508006930351257
66,3985,0.2513744533061981,0.1318477839231491,0.24761366844177246,0.10240600258111954
66,3986,0.2539377510547638,0.14152821898460388,0.22464877367019653,0.11275014281272888
66,3987,0.22485852241516113,0.12462753057479858,0.19983047246932983,0.10149402171373367
66,3988,0.25509172677993774,0.14405034482479095,0.22146838903427124,0.11227010190486908
66,3989,0.2551718056201935,0.1457197666168213,0.21474593877792358,0.1177683174610138
66,3990,0.31798651814460754,0.18979711830615997,0.2458798885345459,0.14918731153011322
66,3991,0.2589896619319916,0.15227556228637695,0.203235924243927,0.12709859013557434
66,3992,0.2150350958108902,0.12060611695051193,0.187738299369812,0.0966682881116867
66,3993,0.27571338415145874,0.15678265690803528,0.23576271533966064,0.12312808632850647
66,3994,0.28845351934432983,0.1661304086446762,0.23973560333251953,0.13214433193206787
66,3995,0.2486666887998581,0.13810470700263977,0.22401094436645508,0.10478799790143967
66,3996,0.22274962067604065,0.12590529024600983,0.19254183769226074,0.0991380587220192
66,3997,0.24719783663749695,0.13576990365982056,0.2249128818511963,0.10731381177902222
66,3998,0.2606450319290161,0.1553764045238495,0.20135605335235596,0.1236310750246048
66,3999,0.24396522343158722,0.12432142347097397,0.24905627965927124,0.10010643303394318
66,4000,0.2744884490966797,0.158047154545784,0.22838854789733887,0.12542939186096191
66,4001,0.2852976322174072,0.15583983063697815,0.2638530135154724,0.11958303302526474
66,4002,0.2351817637681961,0.1293787807226181,0.21244293451309204,0.10412909090518951
66,4003,0.23316128551959991,0.12309001386165619,0.2267850637435913,0.09678627550601959
66,4004,0.3430596888065338,0.19946052134037018,0.28053832054138184,0.1569192111492157
66,4005,0.2703515291213989,0.15833331644535065,0.2167181372642517,0.12665480375289917
66,4006,0.2676067054271698,0.14951062202453613,0.23881036043167114,0.11285966634750366
66,4007,0.2153833508491516,0.12123344093561172,0.18665719032287598,0.0974351167678833
66,4008,0.284676194190979,0.1665676087141037,0.22827553749084473,0.13399186730384827
66,4009,0.22739601135253906,0.12806621193885803,0.1973816156387329,0.10188576579093933
66,4010,0.2442040890455246,0.14134223759174347,0.20051836967468262,0.11327254772186279
66,4011,0.23354339599609375,0.1326896995306015,0.200495183467865,0.10327817499637604
66,4012,0.3010009825229645,0.17044921219348907,0.2585718631744385,0.13561511039733887
66,4013,0.2335052341222763,0.1306704878807068,0.20424151420593262,0.10569074749946594
66,4014,0.24671754240989685,0.1351812481880188,0.22466200590133667,0.10835741460323334
66,4015,0.2473944127559662,0.14241838455200195,0.2051638960838318,0.11455237120389938
66,4016,0.26712766289711,0.15502038598060608,0.21797221899032593,0.1245918869972229
66,4017,0.2666860818862915,0.14150749146938324,0.25905030965805054,0.10779228806495667
66,4018,0.28022444248199463,0.15429888665676117,0.2543138265609741,0.12100018560886383
66,4019,0.29970088601112366,0.17003795504570007,0.2592464089393616,0.12982171773910522
66,4020,0.24548009037971497,0.12942065298557281,0.23912495374679565,0.10204731673002243
67,4021,0.27065712213516235,0.14828473329544067,0.24828767776489258,0.11528658866882324
67,4022,0.23300470411777496,0.12620224058628082,0.216039776802063,0.1019328236579895
67,4023,0.2842513620853424,0.1627783179283142,0.242853581905365,0.12165803462266922
67,4024,0.24063511192798615,0.13834860920906067,0.19956940412521362,0.11229375004768372
67,4025,0.26176244020462036,0.14176738262176514,0.243480384349823,0.1130145788192749
67,4026,0.2766450345516205,0.15855969488620758,0.23221129179000854,0.12600402534008026
67,4027,0.2915894687175751,0.16953495144844055,0.2382218837738037,0.13382884860038757
67,4028,0.2332145720720291,0.1373758167028427,0.18386536836624146,0.11146298050880432
67,4029,0.2271345555782318,0.12789970636367798,0.197104811668396,0.10196460038423538
67,4030,0.2630605399608612,0.15624076128005981,0.20464378595352173,0.12481129169464111
67,4031,0.24366335570812225,0.13524769246578217,0.216483473777771,0.10911135375499725
67,4032,0.2686155140399933,0.14486952126026154,0.2563915252685547,0.10594699531793594
67,4033,0.29379308223724365,0.16285841166973114,0.2617323398590088,0.13120858371257782
67,4034,0.266263484954834,0.14865249395370483,0.23583078384399414,0.11639339476823807
67,4035,0.2549103796482086,0.13951042294502258,0.23286056518554688,0.11127860844135284
67,4036,0.2882983386516571,0.16071155667304993,0.25874948501586914,0.12043485790491104
67,4037,0.21476005017757416,0.11847712844610214,0.19343185424804688,0.09455089271068573
67,4038,0.2458157241344452,0.13722604513168335,0.21703660488128662,0.10887517035007477
67,4039,0.22775113582611084,0.12986989319324493,0.19226747751235962,0.1048712432384491
67,4040,0.27741411328315735,0.1635293960571289,0.2186681032180786,0.13208729028701782
67,4041,0.2406640350818634,0.1312146931886673,0.22082507610321045,0.10559654235839844
67,4042,0.2467586249113083,0.14855405688285828,0.1858876347541809,0.11924749612808228
67,4043,0.21021020412445068,0.11863625049591064,0.18162590265274048,0.09461789578199387
67,4044,0.32501402497291565,0.18639861047267914,0.2735501527786255,0.14597675204277039
67,4045,0.2393282949924469,0.1365780383348465,0.20239382982254028,0.10896360129117966
67,4046,0.24485793709754944,0.13256320357322693,0.22932761907577515,0.10281847417354584
67,4047,0.28304049372673035,0.15299056470394135,0.26452934741973877,0.12119095027446747
67,4048,0.2748730778694153,0.15536709129810333,0.23787355422973633,0.12178286910057068
67,4049,0.2649415135383606,0.153025820851326,0.22185271978378296,0.11587310582399368
67,4050,0.2570458948612213,0.14778698980808258,0.21401888132095337,0.1182568371295929
67,4051,0.2627047598361969,0.15214994549751282,0.2148876190185547,0.12299878895282745
67,4052,0.25351157784461975,0.1450851857662201,0.213323175907135,0.11548565328121185
67,4053,0.24244123697280884,0.13880744576454163,0.2031710147857666,0.11182697117328644
67,4054,0.2696121037006378,0.14827463030815125,0.24600589275360107,0.1146755963563919
67,4055,0.1938292682170868,0.10598529875278473,0.17847084999084473,0.08227811008691788
67,4056,0.22279301285743713,0.12498804181814194,0.19543904066085815,0.09814679622650146
67,4057,0.26076042652130127,0.14807797968387604,0.22304004430770874,0.11733223497867584
67,4058,0.26430603861808777,0.15362343192100525,0.2149907350540161,0.1234315037727356
67,4059,0.2631591558456421,0.14666353166103363,0.23277467489242554,0.11692877113819122
67,4060,0.2128397822380066,0.11931981891393661,0.18676376342773438,0.09407232701778412
67,4061,0.2321258932352066,0.1259198933839798,0.2171536684036255,0.09672261774539948
67,4062,0.26819196343421936,0.1517142951488495,0.2295360565185547,0.12331616878509521
67,4063,0.23520369827747345,0.13417263329029083,0.1985284686088562,0.10809836536645889
67,4064,0.24171553552150726,0.13560138642787933,0.2114359736442566,0.10769878327846527
67,4065,0.274716317653656,0.16104984283447266,0.2199254035949707,0.12848149240016937
67,4066,0.2608027756214142,0.13857495784759521,0.25076824426651,0.10960261523723602
67,4067,0.2666868269443512,0.14214420318603516,0.2567383050918579,0.10923659801483154
67,4068,0.2409573793411255,0.13729172945022583,0.20480287075042725,0.10872243344783783
67,4069,0.23881466686725616,0.12809167802333832,0.22823959589004517,0.09713573753833771
67,4070,0.22745159268379211,0.1280575543642044,0.19559073448181152,0.10578872263431549
67,4071,0.2608669102191925,0.14609329402446747,0.23013794422149658,0.11359213292598724
67,4072,0.27497413754463196,0.15934577584266663,0.22979384660720825,0.11855410039424896
67,4073,0.25594186782836914,0.13582061231136322,0.24615150690078735,0.10830333083868027
67,4074,0.28407424688339233,0.16399814188480377,0.23587632179260254,0.12862779200077057
67,4075,0.23284927010536194,0.12696486711502075,0.2155219316482544,0.09837813675403595
67,4076,0.24440868198871613,0.13520456850528717,0.21930480003356934,0.10741090774536133
67,4077,0.25282201170921326,0.14789365231990814,0.2038133144378662,0.11701516807079315
67,4078,0.23528940975666046,0.1342417299747467,0.198553204536438,0.1081320121884346
67,4079,0.22479519248008728,0.1292201429605484,0.18732327222824097,0.10322871804237366
67,4080,0.23481659591197968,0.13384905457496643,0.1985660195350647,0.10770566761493683
68,4081,0.21913157403469086,0.12065105140209198,0.19655930995941162,0.09928399324417114
68,4082,0.23093535006046295,0.13461574912071228,0.18577182292938232,0.1100543662905693
68,4083,0.22881628572940826,0.1305321604013443,0.19429171085357666,0.10283719003200531
68,4084,0.24772563576698303,0.1371631622314453,0.2208685278892517,0.11107536405324936
68,4085,0.2479105442762375,0.14003849029541016,0.2157895565032959,0.10778114199638367
68,4086,0.22305449843406677,0.12397082895040512,0.19816559553146362,0.09908711910247803
68,4087,0.2199912965297699,0.12806172668933868,0.17797929048538208,0.10368925333023071
68,4088,0.2435556799173355,0.1393771767616272,0.20649921894073486,0.10789398849010468
68,4089,0.25272849202156067,0.14063769578933716,0.22477412223815918,0.110905721783638
68,4090,0.2266082614660263,0.12304763495922089,0.2094138264656067,0.09897549450397491
68,4091,0.2749500572681427,0.15209737420082092,0.24622267484664917,0.12181799113750458
68,4092,0.24993230402469635,0.14052066206932068,0.21736431121826172,0.11232956498861313
68,4093,0.24137164652347565,0.13913200795650482,0.199351966381073,0.1124943196773529
68,4094,0.2886061668395996,0.16877193748950958,0.234186589717865,0.13079795241355896
68,4095,0.23555123805999756,0.12950819730758667,0.21370279788970947,0.1028096079826355
68,4096,0.21559031307697296,0.12666557729244232,0.1716364622116089,0.10135076940059662
68,4097,0.30634164810180664,0.17254914343357086,0.2661830186843872,0.13659656047821045
68,4098,0.24856188893318176,0.1428372859954834,0.20768725872039795,0.11324851214885712
68,4099,0.24895144999027252,0.1476306915283203,0.1945784091949463,0.11744701862335205
68,4100,0.2537362575531006,0.14879722893238068,0.2020970582962036,0.12050105631351471
68,4101,0.2862216532230377,0.16779156029224396,0.22815775871276855,0.1358349472284317
68,4102,0.257500022649765,0.14185400307178497,0.23184287548065186,0.11454439163208008
68,4103,0.2485000044107437,0.1426016092300415,0.20856857299804688,0.11235485970973969
68,4104,0.23944275081157684,0.1366574764251709,0.20194017887115479,0.11004604399204254
68,4105,0.22934505343437195,0.1326066255569458,0.18826556205749512,0.10716097056865692
68,4106,0.2473975569009781,0.14125722646713257,0.2069554328918457,0.11679073423147202
68,4107,0.26577451825141907,0.14268584549427032,0.251334011554718,0.11277538537979126
68,4108,0.29819002747535706,0.1686888486146927,0.25615638494491577,0.1351931095123291
68,4109,0.24670358002185822,0.1390702724456787,0.21483230590820312,0.10850188136100769
68,4110,0.22201870381832123,0.11922633647918701,0.20941239595413208,0.09513699263334274
68,4111,0.24049267172813416,0.13607320189476013,0.20916658639907837,0.1037641391158104
68,4112,0.2370489090681076,0.13292083144187927,0.20737963914871216,0.10588110238313675
68,4113,0.24248109757900238,0.14192430675029755,0.1943424940109253,0.11409901082515717
68,4114,0.25539833307266235,0.13947409391403198,0.23621100187301636,0.10719914734363556
68,4115,0.2982414662837982,0.17553772032260895,0.23687243461608887,0.13977399468421936
68,4116,0.26165109872817993,0.14987510442733765,0.2191559076309204,0.12056806683540344
68,4117,0.3180448114871979,0.18592599034309387,0.25801563262939453,0.14456288516521454
68,4118,0.28442680835723877,0.1580856889486313,0.25409483909606934,0.12351593375205994
68,4119,0.23516784608364105,0.13379155099391937,0.2005244493484497,0.10583261400461197
68,4120,0.29186099767684937,0.16645598411560059,0.2507125735282898,0.12560001015663147
68,4121,0.2988205552101135,0.18006694316864014,0.22502350807189941,0.14372102916240692
68,4122,0.24023094773292542,0.14244605600833893,0.18959301710128784,0.10973841696977615
68,4123,0.2714073657989502,0.15380984544754028,0.23333513736724854,0.12131728231906891
68,4124,0.24122652411460876,0.13194097578525543,0.22068649530410767,0.10505474358797073
68,4125,0.240740567445755,0.13227330148220062,0.22011148929595947,0.10211331397294998
68,4126,0.29965585470199585,0.17005988955497742,0.2570546865463257,0.1338704526424408
68,4127,0.24351996183395386,0.13670046627521515,0.2133888602256775,0.10731980949640274
68,4128,0.23473623394966125,0.13102224469184875,0.20876163244247437,0.10104674100875854
68,4129,0.2305508852005005,0.1273995041847229,0.2075963020324707,0.10056431591510773
68,4130,0.23267491161823273,0.13170841336250305,0.1992979645729065,0.10623657703399658
68,4131,0.23090848326683044,0.1311071366071701,0.19583088159561157,0.10734501481056213
68,4132,0.2663711607456207,0.15624941885471344,0.21474719047546387,0.12111429870128632
68,4133,0.26470309495925903,0.15184170007705688,0.22285616397857666,0.11859464645385742
68,4134,0.2525394558906555,0.14257070422172546,0.22015929222106934,0.10952520370483398
68,4135,0.2627130150794983,0.14003251492977142,0.2506803870201111,0.11204163730144501
68,4136,0.2583542466163635,0.14503514766693115,0.22627192735671997,0.11405155062675476
68,4137,0.24129119515419006,0.13850946724414825,0.20210731029510498,0.10969402641057968
68,4138,0.28619974851608276,0.16171512007713318,0.2471909523010254,0.12804125249385834
68,4139,0.24618063867092133,0.13928040862083435,0.2115570306777954,0.11138710379600525
68,4140,0.2531995177268982,0.14750514924526215,0.20319366455078125,0.12208442389965057
69,4141,0.22023817896842957,0.12465538084506989,0.18991971015930176,0.0980745404958725
69,4142,0.26005998253822327,0.1495514214038849,0.2180635929107666,0.11641556024551392
69,4143,0.276210755109787,0.15454502403736115,0.2456633448600769,0.1170019879937172
69,4144,0.2699788808822632,0.15768204629421234,0.2190811038017273,0.12332199513912201
69,4145,0.257124125957489,0.13760384917259216,0.2429293394088745,0.11174272000789642
69,4146,0.21259188652038574,0.11520198732614517,0.19744658470153809,0.0920562893152237
69,4147,0.24361367523670197,0.14150653779506683,0.19805312156677246,0.11442943662405014
69,4148,0.26496604084968567,0.15146255493164062,0.2239425778388977,0.1196323037147522
69,4149,0.27323639392852783,0.15056492388248444,0.24717217683792114,0.11901311576366425
69,4150,0.2719918489456177,0.14516089856624603,0.2629350423812866,0.10828469693660736
69,4151,0.2583104372024536,0.14869177341461182,0.21981066465377808,0.10847199708223343
69,4152,0.2706751823425293,0.15259064733982086,0.234114408493042,0.12219390273094177
69,4153,0.2428276091814041,0.1354532539844513,0.21666598320007324,0.10353973507881165
69,4154,0.2559901773929596,0.14283671975135803,0.22592532634735107,0.11391668021678925
69,4155,0.2536124289035797,0.13987642526626587,0.23130983114242554,0.10606040060520172
69,4156,0.2444087713956833,0.135980486869812,0.21947121620178223,0.10319896042346954
69,4157,0.2334206998348236,0.12472177296876907,0.22307652235031128,0.09734152257442474
69,4158,0.2753176689147949,0.1494685262441635,0.2557157874107361,0.1178140789270401
69,4159,0.26831015944480896,0.15281027555465698,0.2327345609664917,0.1120302602648735
69,4160,0.2919955253601074,0.16908474266529083,0.24294930696487427,0.12865525484085083
69,4161,0.23405949771404266,0.13335935771465302,0.19840610027313232,0.1066884845495224
69,4162,0.2291586697101593,0.1265973448753357,0.209095299243927,0.09461598843336105
69,4163,0.2731775641441345,0.1629902869462967,0.2114267349243164,0.12808290123939514
69,4164,0.24900513887405396,0.13898584246635437,0.21924620866775513,0.11160403490066528
69,4165,0.25240498781204224,0.14208467304706573,0.218786358833313,0.11402887105941772
69,4166,0.26145389676094055,0.14354337751865387,0.23654204607009888,0.11646845936775208
69,4167,0.2587306499481201,0.15216106176376343,0.20384454727172852,0.12515889108181
69,4168,0.2872524559497833,0.16769056022167206,0.2324652075767517,0.13287895917892456
69,4169,0.2576422393321991,0.13867861032485962,0.24159514904022217,0.11162784695625305
69,4170,0.22258137166500092,0.12429957836866379,0.1950775384902954,0.10125389695167542
69,4171,0.2704342305660248,0.1498931497335434,0.24255526065826416,0.11759491264820099
69,4172,0.25738823413848877,0.14824756979942322,0.2153855562210083,0.11493214964866638
69,4173,0.2619580030441284,0.15458336472511292,0.20954787731170654,0.11777739226818085
69,4174,0.26876702904701233,0.15116187930107117,0.23759663105010986,0.11283255368471146
69,4175,0.2507793605327606,0.1382470428943634,0.2250654697418213,0.11253058910369873
69,4176,0.30104559659957886,0.17656192183494568,0.24639403820037842,0.12963028252124786
69,4177,0.22356444597244263,0.12536334991455078,0.1950250267982483,0.10095536708831787
69,4178,0.25134098529815674,0.1488809585571289,0.19515728950500488,0.1219855397939682
69,4179,0.22691673040390015,0.13159605860710144,0.18771564960479736,0.10117202997207642
69,4180,0.258891224861145,0.14873091876506805,0.21804147958755493,0.11471854150295258
69,4181,0.2246290147304535,0.12915769219398499,0.18708789348602295,0.10318084061145782
69,4182,0.21801906824111938,0.1235707625746727,0.1878390908241272,0.09656331688165665
69,4183,0.205518901348114,0.12031953781843185,0.16914904117584229,0.08769872784614563
69,4184,0.28901779651641846,0.16942091286182404,0.23209995031356812,0.13378456234931946
69,4185,0.2732466161251068,0.16168470680713654,0.213628351688385,0.13055285811424255
69,4186,0.24009884893894196,0.13286103308200836,0.21515816450119019,0.1058727279305458
69,4187,0.22240470349788666,0.12769661843776703,0.18628555536270142,0.10096932202577591
69,4188,0.2416711300611496,0.13808248937129974,0.2031780481338501,0.11158712208271027
69,4189,0.22723180055618286,0.13495512306690216,0.17514801025390625,0.1110873818397522
69,4190,0.2685597538948059,0.15461863577365875,0.220892071723938,0.127921462059021
69,4191,0.22246190905570984,0.1295432597398758,0.18070381879806519,0.10318565368652344
69,4192,0.281707763671875,0.16158896684646606,0.23686140775680542,0.12687112390995026
69,4193,0.2742394208908081,0.15490882098674774,0.23799729347229004,0.1206585019826889
69,4194,0.2509322762489319,0.14317521452903748,0.21466511487960815,0.10945510864257812
69,4195,0.27687379717826843,0.15466755628585815,0.24571442604064941,0.11960241198539734
69,4196,0.22583645582199097,0.1258578896522522,0.19979608058929443,0.1003006100654602
69,4197,0.2535533905029297,0.1432601362466812,0.2207823395729065,0.1099015325307846
69,4198,0.22110658884048462,0.12105166912078857,0.20293277502059937,0.09440900385379791
69,4199,0.29172590374946594,0.16011826694011688,0.26465147733688354,0.12873518466949463
69,4200,0.27244657278060913,0.15670329332351685,0.2291131615638733,0.12049001455307007
70,4201,0.24024327099323273,0.12997573614120483,0.2231629490852356,0.10501173138618469
70,4202,0.27406036853790283,0.16159187257289886,0.21715378761291504,0.12803493440151215
70,4203,0.31002485752105713,0.1852870136499405,0.23749381303787231,0.14870163798332214
70,4204,0.24345757067203522,0.13313932716846466,0.22370028495788574,0.1041906327009201
70,4205,0.2768140435218811,0.15783925354480743,0.23429828882217407,0.1262773722410202
70,4206,0.24004830420017242,0.1341123878955841,0.2112838625907898,0.10711182653903961
70,4207,0.24200136959552765,0.1375657171010971,0.20685261487960815,0.10847305506467819
70,4208,0.2762168049812317,0.15972304344177246,0.2296590805053711,0.12315061688423157
70,4209,0.2589426040649414,0.143203005194664,0.23462128639221191,0.10945548862218857
70,4210,0.26536038517951965,0.14914360642433167,0.2341575026512146,0.11276882886886597
70,4211,0.26672571897506714,0.15606682002544403,0.21402370929718018,0.1252470463514328
70,4212,0.2193627506494522,0.12148906290531158,0.19600069522857666,0.09736708551645279
70,4213,0.22907771170139313,0.13389651477336884,0.18697196245193481,0.10196201503276825
70,4214,0.24452395737171173,0.137311652302742,0.21175068616867065,0.11256018280982971
70,4215,0.2588220238685608,0.1470436006784439,0.2203860878944397,0.11811995506286621
70,4216,0.25998595356941223,0.1432400643825531,0.23545414209365845,0.11282111704349518
70,4217,0.2770250141620636,0.16312915086746216,0.22029292583465576,0.1288934201002121
70,4218,0.3012673258781433,0.15885910391807556,0.29414933919906616,0.12374235689640045
70,4219,0.2722891867160797,0.156053826212883,0.225658118724823,0.12986060976982117
70,4220,0.24676333367824554,0.14190131425857544,0.20418685674667358,0.11593632400035858
70,4221,0.2543446123600006,0.14285853505134583,0.22252261638641357,0.11238515377044678
70,4222,0.24486729502677917,0.13582992553710938,0.219373881816864,0.10643905401229858
70,4223,0.23049092292785645,0.12769079208374023,0.20637834072113037,0.1012439876794815
70,4224,0.23832546174526215,0.1400545984506607,0.18868213891983032,0.11399008333683014
70,4225,0.23581233620643616,0.13227970898151398,0.20569002628326416,0.10628315806388855
70,4226,0.3076172471046448,0.17979022860527039,0.2502468228340149,0.13864141702651978
70,4227,0.28192976117134094,0.16410331428050995,0.22826647758483887,0.13259927928447723
70,4228,0.23811940848827362,0.13124564290046692,0.21434664726257324,0.10567553341388702
70,4229,0.22280216217041016,0.1268729567527771,0.18773990869522095,0.10416622459888458
70,4230,0.22661671042442322,0.12641192972660065,0.20087236166000366,0.09927915036678314
70,4231,0.24578768014907837,0.13931779563426971,0.2094733715057373,0.11340265721082687
70,4232,0.2705022394657135,0.15543238818645477,0.2274722456932068,0.12040479481220245
70,4233,0.24712136387825012,0.14481204748153687,0.19823449850082397,0.11507759988307953
70,4234,0.2786703109741211,0.15950210392475128,0.23828917741775513,0.11926259100437164
70,4235,0.22757379710674286,0.12730515003204346,0.19981151819229126,0.10172019153833389
70,4236,0.2813889980316162,0.1604512333869934,0.23899704217910767,0.1266946792602539
70,4237,0.2904781401157379,0.15355411171913147,0.28078436851501465,0.1230514720082283
70,4238,0.20588675141334534,0.11642266809940338,0.17799633741378784,0.09132774919271469
70,4239,0.30757245421409607,0.1807875782251358,0.2573571801185608,0.11921009421348572
70,4240,0.27012041211128235,0.15596716105937958,0.2282806634902954,0.11420489102602005
70,4241,0.25162065029144287,0.13660143315792084,0.2346564531326294,0.10578318685293198
70,4242,0.27075478434562683,0.150110125541687,0.2422214150428772,0.1187804639339447
70,4243,0.2556474208831787,0.15234048664569855,0.19944047927856445,0.11765369772911072
70,4244,0.2589578628540039,0.15111026167869568,0.21257567405700684,0.11408664286136627
70,4245,0.2419191300868988,0.1300656795501709,0.22829318046569824,0.10268089175224304
70,4246,0.2728554606437683,0.152091383934021,0.24740999937057495,0.1090003103017807
70,4247,0.24547794461250305,0.13749130070209503,0.21471953392028809,0.11049418151378632
70,4248,0.23852048814296722,0.13839887082576752,0.1970023512840271,0.10660339891910553
70,4249,0.24117553234100342,0.1337619125843048,0.21666419506072998,0.10373961925506592
70,4250,0.2701716125011444,0.1445472091436386,0.2615615129470825,0.10499891638755798
70,4251,0.22928710281848907,0.12564700841903687,0.20714908838272095,0.10390226542949677
70,4252,0.2577022612094879,0.14914576709270477,0.21655958890914917,0.10966327786445618
70,4253,0.26121973991394043,0.15293045341968536,0.21118175983428955,0.11908295750617981
70,4254,0.25180843472480774,0.1447669118642807,0.21105414628982544,0.11309937387704849
70,4255,0.23672927916049957,0.1317683756351471,0.20845860242843628,0.10788730531930923
70,4256,0.2642652690410614,0.14978578686714172,0.22779369354248047,0.11681012064218521
70,4257,0.2445375621318817,0.14079764485359192,0.20275890827178955,0.11318178474903107
70,4258,0.23591026663780212,0.13132546842098236,0.211492121219635,0.09993970394134521
70,4259,0.2320067435503006,0.12883077561855316,0.20925307273864746,0.09737361967563629
70,4260,0.25569018721580505,0.14157703518867493,0.23108166456222534,0.10840235650539398
71,4261,0.26096442341804504,0.1476706713438034,0.22365802526474,0.11915265023708344
71,4262,0.25693899393081665,0.14383119344711304,0.22707033157348633,0.11139827966690063
71,4263,0.30386465787887573,0.18119901418685913,0.23507171869277954,0.1431848406791687
71,4264,0.2938106954097748,0.17490532994270325,0.22641384601593018,0.14169910550117493
71,4265,0.2811203598976135,0.15167255699634552,0.26373887062072754,0.11976128816604614
71,4266,0.2867957055568695,0.1661471575498581,0.23652660846710205,0.13018953800201416
71,4267,0.27158018946647644,0.14308910071849823,0.26496338844299316,0.11252865195274353
71,4268,0.24687813222408295,0.1383666843175888,0.21636229753494263,0.10983268171548843
71,4269,0.250652551651001,0.1323034018278122,0.24556094408035278,0.10062383860349655
71,4270,0.25256162881851196,0.14409875869750977,0.21519023180007935,0.11193385720252991
71,4271,0.2525951862335205,0.14072254300117493,0.22240608930587769,0.11455099284648895
71,4272,0.25681033730506897,0.13972754776477814,0.2358681559562683,0.11367771029472351
71,4273,0.22435499727725983,0.12591473758220673,0.1960722804069519,0.1000567376613617
71,4274,0.24608248472213745,0.1417236030101776,0.20360279083251953,0.11458881944417953
71,4275,0.2581230401992798,0.13966229557991028,0.23995530605316162,0.1123930960893631
71,4276,0.27898067235946655,0.15321826934814453,0.2517162561416626,0.1253795325756073
71,4277,0.23326289653778076,0.1306430846452713,0.20370304584503174,0.10569300502538681
71,4278,0.24285408854484558,0.1404748558998108,0.20137238502502441,0.10915140062570572
71,4279,0.24254676699638367,0.1391412317752838,0.20267653465270996,0.11167457699775696
71,4280,0.2598496377468109,0.13893455266952515,0.24733799695968628,0.1098993569612503
71,4281,0.27692219614982605,0.15611393749713898,0.24214738607406616,0.11974647641181946
71,4282,0.3311861455440521,0.1921745240688324,0.27208203077316284,0.15089407563209534
71,4283,0.26866403222084045,0.1515427678823471,0.2308933138847351,0.12381967157125473
71,4284,0.2530198097229004,0.13857294619083405,0.2320294976234436,0.10817521810531616
71,4285,0.2525091767311096,0.14097259938716888,0.22424864768981934,0.10918564349412918
71,4286,0.273378849029541,0.16064585745334625,0.2182244062423706,0.1272161602973938
71,4287,0.23760278522968292,0.13602949678897858,0.19879931211471558,0.11026778817176819
71,4288,0.23027876019477844,0.13305483758449554,0.18880236148834229,0.10851489007472992
71,4289,0.25913190841674805,0.15115965902805328,0.21059739589691162,0.11866647005081177
71,4290,0.2502533793449402,0.14346952736377716,0.21030884981155396,0.11330156773328781
71,4291,0.2499150186777115,0.13767820596694946,0.22654610872268677,0.10809184610843658
71,4292,0.2910939157009125,0.16373324394226074,0.2550293207168579,0.12674462795257568
71,4293,0.26195552945137024,0.14768287539482117,0.22618508338928223,0.11899308860301971
71,4294,0.2511552572250366,0.14306573569774628,0.21312034130096436,0.114206962287426
71,4295,0.23033636808395386,0.13006436824798584,0.19895756244659424,0.1034448891878128
71,4296,0.2238965928554535,0.12521077692508698,0.19570869207382202,0.10201171040534973
71,4297,0.2258143573999405,0.12491118907928467,0.202545166015625,0.0994255542755127
71,4298,0.3420719802379608,0.20610837638378143,0.25786012411117554,0.1640976518392563
71,4299,0.26326337456703186,0.1537003368139267,0.2141614556312561,0.11949223279953003
71,4300,0.2482490837574005,0.1350395232439041,0.22924715280532837,0.10755346715450287
71,4301,0.25088322162628174,0.14962054789066315,0.19377726316452026,0.11875877529382706
71,4302,0.28693798184394836,0.16891400516033173,0.22667479515075684,0.1367703080177307
71,4303,0.28042134642601013,0.16553664207458496,0.22229671478271484,0.12983012199401855
71,4304,0.2886210083961487,0.1749725639820099,0.2172088623046875,0.13382452726364136
71,4305,0.24009495973587036,0.13150320947170258,0.2198028564453125,0.10335305333137512
71,4306,0.25337210297584534,0.1406821608543396,0.22785133123397827,0.10774707049131393
71,4307,0.26536527276039124,0.15275144577026367,0.22287094593048096,0.11732730269432068
71,4308,0.26178792119026184,0.14182190597057343,0.24504470825195312,0.10974066704511642
71,4309,0.24480251967906952,0.13067300617694855,0.23679065704345703,0.09706626087427139
71,4310,0.27803823351860046,0.16043353080749512,0.22913318872451782,0.1297571212053299
71,4311,0.2612226605415344,0.1467997431755066,0.2279314398765564,0.11625164747238159
71,4312,0.23820263147354126,0.14008155465126038,0.19020158052444458,0.11020219326019287
71,4313,0.2794015407562256,0.15608300268650055,0.24572229385375977,0.125148206949234
71,4314,0.22379475831985474,0.12283904105424881,0.20318078994750977,0.09841693192720413
71,4315,0.2454460859298706,0.14332053065299988,0.19801193475723267,0.11460394412279129
71,4316,0.2214011400938034,0.12860745191574097,0.18015849590301514,0.10365140438079834
71,4317,0.200380340218544,0.11330972611904144,0.1719304919242859,0.09149206429719925
71,4318,0.24813057482242584,0.13506187498569489,0.2287408709526062,0.10786174237728119
71,4319,0.24695830047130585,0.13467606902122498,0.22784382104873657,0.10572350025177002
71,4320,0.21824710071086884,0.12174515426158905,0.19176453351974487,0.09898064285516739
72,4321,0.24698896706104279,0.1402963250875473,0.2103387713432312,0.11278561502695084
72,4322,0.24198538064956665,0.13423986732959747,0.2148875594139099,0.10895244777202606
72,4323,0.26574862003326416,0.15351955592632294,0.2205597162246704,0.12002579867839813
72,4324,0.22348715364933014,0.12224914133548737,0.20424705743789673,0.0976959690451622
72,4325,0.2763763964176178,0.15670180320739746,0.2374362349510193,0.12350049614906311
72,4326,0.24461132287979126,0.13578049838542938,0.21677321195602417,0.11060771346092224
72,4327,0.22746461629867554,0.1271926462650299,0.19912189245224,0.10311603546142578
72,4328,0.23095695674419403,0.1336301565170288,0.1906437873840332,0.10534638166427612
72,4329,0.21819369494915009,0.12301835417747498,0.1881529688835144,0.09957073628902435
72,4330,0.2614576518535614,0.14578819274902344,0.23349648714065552,0.11135426163673401
72,4331,0.2753038704395294,0.15724493563175201,0.23293781280517578,0.12441910058259964
72,4332,0.24506951868534088,0.13031980395317078,0.23488348722457886,0.10398155450820923
72,4333,0.2487587332725525,0.1387595683336258,0.219310462474823,0.1113748699426651
72,4334,0.24804842472076416,0.14213848114013672,0.20898973941802979,0.11157024651765823
72,4335,0.26124048233032227,0.14302416145801544,0.23738181591033936,0.11631804704666138
72,4336,0.26537007093429565,0.15212689340114594,0.22416281700134277,0.11789024621248245
72,4337,0.25946950912475586,0.14443670213222504,0.22989624738693237,0.11537155508995056
72,4338,0.23237000405788422,0.13152976334095,0.19973266124725342,0.1047358512878418
72,4339,0.25296950340270996,0.13731998205184937,0.23481535911560059,0.108616903424263
72,4340,0.2540467083454132,0.13692937791347504,0.2390155792236328,0.10755555331707001
72,4341,0.24522213637828827,0.1390661746263504,0.20953547954559326,0.11170883476734161
72,4342,0.20363515615463257,0.11881179362535477,0.16349488496780396,0.09712707251310349
72,4343,0.2680962383747101,0.16138511896133423,0.20303893089294434,0.1274777501821518
72,4344,0.27519482374191284,0.16099895536899567,0.2191753387451172,0.1326286345720291
72,4345,0.2586931884288788,0.15060478448867798,0.2107086181640625,0.11902481317520142
72,4346,0.2589847445487976,0.14435964822769165,0.22806578874588013,0.11699388921260834
72,4347,0.24032925069332123,0.14070342481136322,0.19721680879592896,0.10369544476270676
72,4348,0.2889717221260071,0.1695164442062378,0.2293640375137329,0.138548344373703
72,4349,0.24200227856636047,0.14024610817432404,0.19750487804412842,0.11377110332250595
72,4350,0.247026264667511,0.13684959709644318,0.21881616115570068,0.11325103044509888
72,4351,0.29211026430130005,0.17042270302772522,0.2345917820930481,0.1392541527748108
72,4352,0.2870952785015106,0.17368543148040771,0.21636658906936646,0.13431605696678162
72,4353,0.2566232979297638,0.14699037373065948,0.21579629182815552,0.11657209694385529
72,4354,0.26217520236968994,0.14185623824596405,0.2438575029373169,0.11387977004051208
72,4355,0.23169496655464172,0.1267951875925064,0.2110518217086792,0.10239523649215698
72,4356,0.2354753315448761,0.13241775333881378,0.2031349539756775,0.10901792347431183
72,4357,0.24361558258533478,0.13350732624530792,0.22190159559249878,0.10673816502094269
72,4358,0.24603047966957092,0.14341458678245544,0.20066040754318237,0.11175867170095444
72,4359,0.24347089231014252,0.13790984451770782,0.2069793939590454,0.11384642124176025
72,4360,0.26785004138946533,0.14836260676383972,0.240153968334198,0.11712922155857086
72,4361,0.2273639440536499,0.12279973924160004,0.21178454160690308,0.09925195574760437
72,4362,0.23856844007968903,0.13791324198246002,0.19565647840499878,0.11196310073137283
72,4363,0.24375450611114502,0.13361743092536926,0.22060787677764893,0.10946957767009735
72,4364,0.20485994219779968,0.11444243788719177,0.1808692216873169,0.09034901857376099
72,4365,0.23610253632068634,0.1260470449924469,0.22521966695785522,0.09983818233013153
72,4366,0.22807154059410095,0.12748746573925018,0.19940197467803955,0.10411640256643295
72,4367,0.26661208271980286,0.1480729579925537,0.2380925416946411,0.11651051044464111
72,4368,0.2336863875389099,0.1296640932559967,0.20710265636444092,0.10590611398220062
72,4369,0.2710926830768585,0.15129606425762177,0.24320536851882935,0.11257226765155792
72,4370,0.20923563838005066,0.11753782629966736,0.18237155675888062,0.09374585747718811
72,4371,0.28812137246131897,0.16526909172534943,0.24016588926315308,0.13392969965934753
72,4372,0.22181423008441925,0.12660592794418335,0.18730586767196655,0.1014297753572464
72,4373,0.22517451643943787,0.129403755068779,0.18775516748428345,0.1033434048295021
72,4374,0.2320684790611267,0.13425561785697937,0.19031274318695068,0.10843878984451294
72,4375,0.23541954159736633,0.1374785602092743,0.1897672414779663,0.11017036437988281
72,4376,0.2701376676559448,0.15740053355693817,0.21738404035568237,0.12891754508018494
72,4377,0.24285389482975006,0.1334005743265152,0.22049355506896973,0.10627945512533188
72,4378,0.2466306835412979,0.13329724967479706,0.2316918969154358,0.10328340530395508
72,4379,0.23535749316215515,0.13417327404022217,0.19933348894119263,0.10725407302379608
72,4380,0.23068976402282715,0.1296832114458084,0.2013399600982666,0.1023527979850769
73,4381,0.2139117419719696,0.12000558525323868,0.1891917586326599,0.09114726632833481
73,4382,0.27049699425697327,0.15281984210014343,0.23504716157913208,0.11829137802124023
73,4383,0.24686479568481445,0.14127588272094727,0.2081039547920227,0.11173667758703232
73,4384,0.2619669735431671,0.1357170045375824,0.26144784688949585,0.10835406184196472
73,4385,0.27331510186195374,0.15226243436336517,0.24125629663467407,0.12275063246488571
73,4386,0.26819294691085815,0.154024139046669,0.22563785314559937,0.1195683628320694
73,4387,0.275492787361145,0.15923073887825012,0.22727268934249878,0.12676484882831573
73,4388,0.2401561737060547,0.13384008407592773,0.21114212274551392,0.10929610580205917
73,4389,0.2239747941493988,0.12749013304710388,0.19014179706573486,0.10213972628116608
73,4390,0.2557900547981262,0.14512069523334503,0.21918320655822754,0.11498040705919266
73,4391,0.2477632761001587,0.14189471304416656,0.2072625756263733,0.11481764167547226
73,4392,0.2548336982727051,0.14256551861763,0.22309887409210205,0.11514309048652649
73,4393,0.2978475093841553,0.17408305406570435,0.24016302824020386,0.13849610090255737
73,4394,0.22919118404388428,0.12960940599441528,0.19644421339035034,0.10502041131258011
73,4395,0.25778695940971375,0.13488554954528809,0.25414812564849854,0.10621073842048645
73,4396,0.24436919391155243,0.138296440243721,0.2082616090774536,0.11384053528308868
73,4397,0.2584310472011566,0.14834372699260712,0.21576446294784546,0.11890766024589539
73,4398,0.261926531791687,0.15287137031555176,0.2114444375038147,0.12238702178001404
73,4399,0.24814066290855408,0.1415119469165802,0.2097623348236084,0.11361891031265259
73,4400,0.2609119713306427,0.1491626799106598,0.22032195329666138,0.11810262501239777
73,4401,0.2821294665336609,0.1506204754114151,0.2673654556274414,0.12281400710344315
73,4402,0.261046439409256,0.14885041117668152,0.22015368938446045,0.12067266553640366
73,4403,0.22235658764839172,0.12704235315322876,0.18805360794067383,0.10046392679214478
73,4404,0.2314307689666748,0.12968601286411285,0.20437771081924438,0.09996829181909561
73,4405,0.26874348521232605,0.15317153930664062,0.2283053994178772,0.12124896049499512
73,4406,0.22746165096759796,0.13084976375102997,0.18871843814849854,0.1056225523352623
73,4407,0.32342711091041565,0.1912812739610672,0.2528502345085144,0.15502868592739105
73,4408,0.2512868046760559,0.13893099129199982,0.22720462083816528,0.1073698177933693
73,4409,0.26658058166503906,0.15421992540359497,0.21905285120010376,0.12369754910469055
73,4410,0.23671583831310272,0.13806337118148804,0.19302761554718018,0.1072070449590683
73,4411,0.2486565113067627,0.14270807802677155,0.21005266904830933,0.10963678359985352
73,4412,0.28931018710136414,0.16754752397537231,0.23717838525772095,0.13445664942264557
73,4413,0.24687325954437256,0.13934144377708435,0.21579408645629883,0.10607092827558517
73,4414,0.19529223442077637,0.11094936728477478,0.16736477613449097,0.08698474615812302
73,4415,0.21241669356822968,0.11775984615087509,0.18860489130020142,0.0960744321346283
73,4416,0.23878894746303558,0.13989798724651337,0.19219207763671875,0.11007066071033478
73,4417,0.2937416732311249,0.18035338819026947,0.21485435962677002,0.137232705950737
73,4418,0.23513227701187134,0.13480855524539948,0.19670158624649048,0.10821540653705597
73,4419,0.23156720399856567,0.12528888881206512,0.21580135822296143,0.09978893399238586
73,4420,0.23742936551570892,0.13808879256248474,0.1915563941001892,0.11359003931283951
73,4421,0.2653731107711792,0.15449930727481842,0.2239142656326294,0.10654045641422272
73,4422,0.2573307752609253,0.14314410090446472,0.22828203439712524,0.11436916887760162
73,4423,0.26071929931640625,0.14819371700286865,0.2213006615638733,0.1200265884399414
73,4424,0.23098118603229523,0.1307174116373062,0.198009192943573,0.10530044138431549
73,4425,0.223452627658844,0.13071878254413605,0.1792568564414978,0.10515555739402771
73,4426,0.24675129354000092,0.13096807897090912,0.23799854516983032,0.10291893780231476
73,4427,0.26284119486808777,0.15575744211673737,0.20461291074752808,0.12619289755821228
73,4428,0.22909583151340485,0.12691813707351685,0.20528078079223633,0.10032690316438675
73,4429,0.23996324837207794,0.1377100795507431,0.2007327675819397,0.1098002940416336
73,4430,0.2296915501356125,0.13016818463802338,0.19681566953659058,0.10398545861244202
73,4431,0.2434256672859192,0.14075270295143127,0.19977569580078125,0.11381340771913528
73,4432,0.2531769871711731,0.1387527883052826,0.23306095600128174,0.1059991866350174
73,4433,0.29052138328552246,0.16990084946155548,0.23509860038757324,0.132905513048172
73,4434,0.22016595304012299,0.12808535993099213,0.17843788862228394,0.10352723300457001
73,4435,0.24493169784545898,0.13854408264160156,0.20916962623596191,0.11359886825084686
73,4436,0.20870117843151093,0.11618649214506149,0.18473726511001587,0.09309884905815125
73,4437,0.22685684263706207,0.12430495023727417,0.20743882656097412,0.09788177907466888
73,4438,0.27019020915031433,0.15319262444972992,0.23077625036239624,0.12343543767929077
73,4439,0.2446620613336563,0.13106736540794373,0.23292291164398193,0.10212764143943787
73,4440,0.29027602076530457,0.16581767797470093,0.24407142400741577,0.13414883613586426
74,4441,0.25289931893348694,0.14433711767196655,0.2137773036956787,0.11525633186101913
74,4442,0.25801682472229004,0.14965149760246277,0.20953750610351562,0.12275160849094391
74,4443,0.2629449665546417,0.15384802222251892,0.2106674313545227,0.1241498738527298
74,4444,0.21701227128505707,0.12089858949184418,0.19133472442626953,0.09789890050888062
74,4445,0.21830958127975464,0.12267809361219406,0.18958956003189087,0.09897830337285995
74,4446,0.19986094534397125,0.11372806876897812,0.16892963647842407,0.09280508756637573
74,4447,0.24713723361492157,0.13973678648471832,0.213159441947937,0.1106833964586258
74,4448,0.22657905519008636,0.1270037293434143,0.19801878929138184,0.10183907300233841
74,4449,0.22865718603134155,0.12932667136192322,0.195905864238739,0.10484087467193604
74,4450,0.27420076727867126,0.16111421585083008,0.21796470880508423,0.12950336933135986
74,4451,0.3048970699310303,0.17780891060829163,0.24627822637557983,0.14288422465324402
74,4452,0.23461203277111053,0.13457436859607697,0.19646334648132324,0.10726163536310196
74,4453,0.2116745561361313,0.11925122886896133,0.18437492847442627,0.09336671978235245
74,4454,0.31276604533195496,0.17232990264892578,0.2833941578865051,0.135392427444458
74,4455,0.234347864985466,0.1278449147939682,0.21485215425491333,0.10281047224998474
74,4456,0.23613759875297546,0.1333702951669693,0.202914297580719,0.10800790786743164
74,4457,0.23615765571594238,0.12942668795585632,0.21733897924423218,0.09897683560848236
74,4458,0.23164308071136475,0.13238146901130676,0.19398880004882812,0.10833042860031128
74,4459,0.2704147696495056,0.1521908938884735,0.2334619164466858,0.12419553101062775
74,4460,0.25246891379356384,0.14558757841587067,0.2071203589439392,0.12016599625349045
74,4461,0.31896132230758667,0.1854737401008606,0.26150619983673096,0.14442548155784607
74,4462,0.24123062193393707,0.1421431452035904,0.19146472215652466,0.11250792443752289
74,4463,0.25313040614128113,0.14441350102424622,0.21473908424377441,0.11410641670227051
74,4464,0.27359476685523987,0.15735258162021637,0.2288433313369751,0.12352418899536133
74,4465,0.26065874099731445,0.1513030081987381,0.2113235592842102,0.12413163483142853
74,4466,0.25858813524246216,0.1475590169429779,0.21914291381835938,0.11685970425605774
74,4467,0.2678506076335907,0.15125001966953278,0.23195570707321167,0.11909158527851105
74,4468,0.25975891947746277,0.15449629724025726,0.19954365491867065,0.12722577154636383
74,4469,0.23096957802772522,0.12194136530160904,0.22286075353622437,0.09941946715116501
74,4470,0.25358614325523376,0.14858511090278625,0.20336073637008667,0.11828359961509705
74,4471,0.2823874354362488,0.15621119737625122,0.2539029121398926,0.12307532131671906
74,4472,0.24184876680374146,0.13953949511051178,0.20074397325515747,0.11005839705467224
74,4473,0.24452120065689087,0.13744203746318817,0.21475005149841309,0.10589569807052612
74,4474,0.2233702689409256,0.12379704415798187,0.19844645261764526,0.10097318887710571
74,4475,0.25801634788513184,0.15012681484222412,0.2089359164237976,0.12157584726810455
74,4476,0.23579254746437073,0.1292085200548172,0.21513503789901733,0.10265007615089417
74,4477,0.21065908670425415,0.11079812794923782,0.2053874135017395,0.08852999657392502
74,4478,0.2516806125640869,0.14241977035999298,0.21544528007507324,0.11541374027729034
74,4479,0.24405252933502197,0.13927729427814484,0.20616793632507324,0.11154022067785263
74,4480,0.20507077872753143,0.11579854041337967,0.17631381750106812,0.09373357892036438
74,4481,0.2651171088218689,0.1403120458126068,0.25980204343795776,0.10442127287387848
74,4482,0.23952831327915192,0.13511523604393005,0.20966416597366333,0.10273705422878265
74,4483,0.2894652783870697,0.17044346034526825,0.22800856828689575,0.1390918493270874
74,4484,0.2508734166622162,0.13710357248783112,0.22797942161560059,0.11289040744304657
74,4485,0.21979454159736633,0.11914445459842682,0.20412814617156982,0.09499413520097733
74,4486,0.2599239945411682,0.1445503830909729,0.22982817888259888,0.11721158027648926
74,4487,0.2577245831489563,0.1454610973596573,0.2287558913230896,0.10380566120147705
74,4488,0.27553892135620117,0.15592260658740997,0.23823922872543335,0.1216030865907669
74,4489,0.22988031804561615,0.12433750927448273,0.21481233835220337,0.09808936715126038
74,4490,0.25592753291130066,0.1483345329761505,0.210982084274292,0.11600075662136078
74,4491,0.23788228631019592,0.13847501575946808,0.19261443614959717,0.11180746555328369
74,4492,0.2466597706079483,0.14159923791885376,0.2039644718170166,0.11737371981143951
74,4493,0.268757700920105,0.1632961928844452,0.20647811889648438,0.1143513172864914
74,4494,0.27248650789260864,0.15777629613876343,0.2250242829322815,0.12350250780582428
74,4495,0.2878347337245941,0.15765956044197083,0.26367664337158203,0.12352252751588821
74,4496,0.22770242393016815,0.1307203471660614,0.1897047758102417,0.10550083220005035
74,4497,0.24167515337467194,0.1370847076177597,0.20648247003555298,0.10998733341693878
74,4498,0.23085856437683105,0.12774701416492462,0.2040230631828308,0.10751156508922577
74,4499,0.24151884019374847,0.1351090669631958,0.21402525901794434,0.1039983406662941
74,4500,0.2525503933429718,0.1416628211736679,0.21892321109771729,0.11659140884876251
75,4501,0.23422595858573914,0.1355908215045929,0.1921972632408142,0.1087811291217804
75,4502,0.2299128919839859,0.1268073469400406,0.2062208652496338,0.10308597981929779
75,4503,0.23888534307479858,0.13865017890930176,0.19469308853149414,0.11178964376449585
75,4504,0.22422832250595093,0.1255476027727127,0.19569307565689087,0.10201744735240936
75,4505,0.24922214448451996,0.1435418725013733,0.205852210521698,0.11669688671827316
75,4506,0.24180017411708832,0.14062698185443878,0.19480454921722412,0.11625687032938004
75,4507,0.21884937584400177,0.12505702674388885,0.18416476249694824,0.10063223540782928
75,4508,0.21694977581501007,0.12021645903587341,0.1930701732635498,0.09752623736858368
75,4509,0.25984305143356323,0.13657262921333313,0.2525928020477295,0.11116654425859451
75,4510,0.26482611894607544,0.1425429880619049,0.24878114461898804,0.11385340988636017
75,4511,0.26353853940963745,0.14871345460414886,0.22888034582138062,0.11636465787887573
75,4512,0.2877694070339203,0.15913346409797668,0.2568954825401306,0.129388689994812
75,4513,0.26308512687683105,0.15157276391983032,0.21652626991271973,0.1245093047618866
75,4514,0.22275537252426147,0.1191263347864151,0.21058052778244019,0.09698410332202911
75,4515,0.2322031855583191,0.13001084327697754,0.20301514863967896,0.10493146628141403
75,4516,0.24346935749053955,0.14052145183086395,0.19902575016021729,0.11668801307678223
75,4517,0.26116394996643066,0.15090107917785645,0.21499627828598022,0.12132181972265244
75,4518,0.25945040583610535,0.15220680832862854,0.20561176538467407,0.1249944418668747
75,4519,0.26312848925590515,0.15284810960292816,0.2140200138092041,0.12336191534996033
75,4520,0.19938938319683075,0.11020322889089584,0.17997288703918457,0.0859849750995636
75,4521,0.23492369055747986,0.13190317153930664,0.20343279838562012,0.10823699831962585
75,4522,0.28020161390304565,0.16252441704273224,0.22759735584259033,0.1331912726163864
75,4523,0.27551668882369995,0.16388235986232758,0.2127591371536255,0.1326533555984497
75,4524,0.24312922358512878,0.14267779886722565,0.19270259141921997,0.11685195565223694
75,4525,0.24955394864082336,0.14348548650741577,0.20975297689437866,0.11083632707595825
75,4526,0.2241978645324707,0.12998813390731812,0.1822601556777954,0.10652829706668854
75,4527,0.2428426295518875,0.14160260558128357,0.19428300857543945,0.11763410270214081
75,4528,0.22253209352493286,0.12423244118690491,0.194830060005188,0.1018381416797638
75,4529,0.28721189498901367,0.16014285385608673,0.2521694302558899,0.13100643455982208
75,4530,0.2627549469470978,0.15511849522590637,0.20676636695861816,0.12464950233697891
75,4531,0.20867682993412018,0.1210564523935318,0.16842472553253174,0.10125245153903961
75,4532,0.2774479389190674,0.15988273918628693,0.23224055767059326,0.12334492802619934
75,4533,0.2313622534275055,0.13037484884262085,0.2008184790611267,0.10330010205507278
75,4534,0.20408178865909576,0.10829921811819077,0.19590240716934204,0.08710803091526031
75,4535,0.25481316447257996,0.14197532832622528,0.2247561812400818,0.11467674374580383
75,4536,0.24831803143024445,0.1386515349149704,0.2194644808769226,0.10940347611904144
75,4537,0.2212623506784439,0.12240644544363022,0.19917309284210205,0.09593328833580017
75,4538,0.26585516333580017,0.15119051933288574,0.22739320993423462,0.11853677034378052
75,4539,0.23036037385463715,0.12102990597486496,0.2257285714149475,0.09519519656896591
75,4540,0.23411497473716736,0.13467839360237122,0.193486750125885,0.11020946502685547
75,4541,0.2577480673789978,0.14603811502456665,0.21940642595291138,0.11973688006401062
75,4542,0.27649930119514465,0.15321439504623413,0.24537795782089233,0.12566861510276794
75,4543,0.27003857493400574,0.1485557109117508,0.2434842586517334,0.12044575810432434
75,4544,0.26451388001441956,0.15119953453540802,0.226565420627594,0.11344094574451447
75,4545,0.2703423500061035,0.1552245318889618,0.22676652669906616,0.12205594778060913
75,4546,0.2651130259037018,0.13944724202156067,0.2625914216041565,0.103146031498909
75,4547,0.25441253185272217,0.14476893842220306,0.21654117107391357,0.11513565480709076
75,4548,0.2335468828678131,0.13501453399658203,0.1917148232460022,0.10923205316066742
75,4549,0.24157771468162537,0.1315641701221466,0.2224319577217102,0.10520383715629578
75,4550,0.24586999416351318,0.1425229012966156,0.19979709386825562,0.11714129149913788
75,4551,0.2731444537639618,0.15480060875415802,0.2364746332168579,0.11877001821994781
75,4552,0.2990620732307434,0.17226219177246094,0.25050628185272217,0.13298693299293518
75,4553,0.2316349595785141,0.1259380578994751,0.2141452431678772,0.10019399225711823
75,4554,0.26981237530708313,0.1477343887090683,0.24780243635177612,0.1147850826382637
75,4555,0.2681434452533722,0.14628896117210388,0.2466786503791809,0.11591511964797974
75,4556,0.23981836438179016,0.13651274144649506,0.2043033242225647,0.10792149603366852
75,4557,0.2293209731578827,0.13094337284564972,0.19326865673065186,0.10535068809986115
75,4558,0.2538112998008728,0.14129067957401276,0.22674578428268433,0.10911153256893158
75,4559,0.26124823093414307,0.1506870836019516,0.21697711944580078,0.11885157227516174
75,4560,0.2974616289138794,0.17657272517681122,0.23052281141281128,0.1433989405632019
76,4561,0.2308991402387619,0.13201718032360077,0.19425088167190552,0.10590796172618866
76,4562,0.23268994688987732,0.13354197144508362,0.19237732887268066,0.1109851598739624
76,4563,0.28249049186706543,0.16189318895339966,0.23732072114944458,0.12834501266479492
76,4564,0.25224342942237854,0.1481136679649353,0.20143848657608032,0.11777177453041077
76,4565,0.21239399909973145,0.12290088087320328,0.1736324429512024,0.10020072758197784
76,4566,0.2528245151042938,0.1393437534570694,0.23014771938323975,0.10710833966732025
76,4567,0.2663056552410126,0.14534826576709747,0.24412614107131958,0.11653465032577515
76,4568,0.2444772720336914,0.14022649824619293,0.2041516900062561,0.11295050382614136
76,4569,0.22560513019561768,0.13015063107013702,0.18574780225753784,0.10577696561813354
76,4570,0.23579710721969604,0.1319054812192917,0.20749086141586304,0.10447633266448975
76,4571,0.2235737442970276,0.12275375425815582,0.20291966199874878,0.09826064109802246
76,4572,0.2623143494129181,0.14253626763820648,0.24282759428024292,0.1132352203130722
76,4573,0.23301173746585846,0.13481877744197845,0.19102144241333008,0.10892193019390106
76,4574,0.2628220021724701,0.14959688484668732,0.22179460525512695,0.12253648787736893
76,4575,0.2504877746105194,0.14276272058486938,0.21540451049804688,0.1078161746263504
76,4576,0.2806960344314575,0.16215552389621735,0.2312602400779724,0.13018199801445007
76,4577,0.2561706602573395,0.13802345097064972,0.2387179136276245,0.11330026388168335
76,4578,0.22504852712154388,0.12745124101638794,0.1900787353515625,0.10782890021800995
76,4579,0.23086011409759521,0.1286253184080124,0.20464646816253662,0.10188104957342148
76,4580,0.22270752489566803,0.12756676971912384,0.18823254108428955,0.09923867136240005
76,4581,0.24334168434143066,0.13984280824661255,0.2028316855430603,0.11183096468448639
76,4582,0.25128355622291565,0.14285992085933685,0.21349090337753296,0.11513634771108627
76,4583,0.19437558948993683,0.10924098640680313,0.1688975691795349,0.08787785470485687
76,4584,0.2739884853363037,0.15885619819164276,0.2243674397468567,0.12692660093307495
76,4585,0.2411351501941681,0.13876721262931824,0.19915711879730225,0.11352542042732239
76,4586,0.21783919632434845,0.1129605770111084,0.21607506275177002,0.09224297106266022
76,4587,0.22475583851337433,0.12604409456253052,0.19609087705612183,0.10137699544429779
76,4588,0.27240729331970215,0.14830856025218964,0.250102162361145,0.12028934061527252
76,4589,0.2606816589832306,0.1547945886850357,0.2030714750289917,0.12329231202602386
76,4590,0.2800166606903076,0.16466310620307922,0.22144728899002075,0.13387322425842285
76,4591,0.23992018401622772,0.13575880229473114,0.20740920305252075,0.10598842799663544
76,4592,0.2234220802783966,0.12761855125427246,0.18909764289855957,0.10082229971885681
76,4593,0.2990628182888031,0.17633803188800812,0.23587220907211304,0.14187945425510406
76,4594,0.244296133518219,0.13357244431972504,0.22467148303985596,0.10427549481391907
76,4595,0.2868306338787079,0.1674577295780182,0.2317909598350525,0.13328251242637634
76,4596,0.2479965090751648,0.13349740207195282,0.2317361831665039,0.10902316868305206
76,4597,0.21205218136310577,0.11933187395334244,0.18389540910720825,0.09581068158149719
76,4598,0.2655734121799469,0.1489943563938141,0.23033732175827026,0.12222068011760712
76,4599,0.23411178588867188,0.13314910233020782,0.1976751685142517,0.10946301370859146
76,4600,0.24902096390724182,0.14430882036685944,0.20373183488845825,0.11609704792499542
76,4601,0.2622212767601013,0.1488684117794037,0.2247663140296936,0.11723165214061737
76,4602,0.23817305266857147,0.13398928940296173,0.206226646900177,0.10846549272537231
76,4603,0.2297091782093048,0.13313132524490356,0.18681174516677856,0.10926571488380432
76,4604,0.24428893625736237,0.1365816593170166,0.21446841955184937,0.10959950089454651
76,4605,0.2936079502105713,0.16768908500671387,0.24736368656158447,0.13486696779727936
76,4606,0.24675042927265167,0.12946560978889465,0.24123114347457886,0.10396172106266022
76,4607,0.2486259490251541,0.1399187594652176,0.2174035906791687,0.10872877389192581
76,4608,0.2471463978290558,0.13416896760463715,0.22784090042114258,0.10920543223619461
76,4609,0.24618273973464966,0.13370782136917114,0.22614824771881104,0.11007807403802872
76,4610,0.21751071512699127,0.12412557005882263,0.18273884057998657,0.10144804418087006
76,4611,0.2560252249240875,0.14453046023845673,0.22131717205047607,0.11483953893184662
76,4612,0.24484825134277344,0.1465771347284317,0.18606126308441162,0.11923307180404663
76,4613,0.2680325210094452,0.14972612261772156,0.23637241125106812,0.11878708004951477
76,4614,0.2550935447216034,0.143122598528862,0.2217313051223755,0.11639213562011719
76,4615,0.26642322540283203,0.15251001715660095,0.22299206256866455,0.12358193099498749
76,4616,0.2558065354824066,0.1488943099975586,0.20814591646194458,0.11826929450035095
76,4617,0.29978054761886597,0.17771686613559723,0.2341124415397644,0.14209365844726562
76,4618,0.28570666909217834,0.15675538778305054,0.2632066607475281,0.1183430626988411
76,4619,0.2323676198720932,0.1303482949733734,0.20283782482147217,0.1044209748506546
76,4620,0.32652372121810913,0.18938326835632324,0.2669963240623474,0.15170961618423462
77,4621,0.30140867829322815,0.1805836707353592,0.22708803415298462,0.14994904398918152
77,4622,0.2233685702085495,0.1243801936507225,0.1983121633529663,0.09831755608320236
77,4623,0.30283322930336,0.17629337310791016,0.2462446689605713,0.14020995795726776
77,4624,0.24091866612434387,0.1291702389717102,0.2270299196243286,0.10468229651451111
77,4625,0.2251317799091339,0.12986373901367188,0.18720436096191406,0.10193146765232086
77,4626,0.2711873948574066,0.1526132971048355,0.2378830909729004,0.11710430681705475
77,4627,0.23479487001895905,0.12674586474895477,0.21734619140625,0.10555258393287659
77,4628,0.27193814516067505,0.1459042727947235,0.25527238845825195,0.1196245551109314
77,4629,0.2418171465396881,0.14116418361663818,0.19409793615341187,0.11506889760494232
77,4630,0.29778414964675903,0.16891269385814667,0.2530694007873535,0.13821841776371002
77,4631,0.21285200119018555,0.11879900842905045,0.18707352876663208,0.09611785411834717
77,4632,0.2915121912956238,0.16294963657855988,0.2585452198982239,0.1257222592830658
77,4633,0.24927742779254913,0.1416681706905365,0.2117924690246582,0.11446136236190796
77,4634,0.26093247532844543,0.15079542994499207,0.21447068452835083,0.12174384295940399
77,4635,0.24547216296195984,0.13792358338832855,0.21440249681472778,0.10893789678812027
77,4636,0.23484298586845398,0.13461820781230927,0.19659161567687988,0.1079406589269638
77,4637,0.2444952130317688,0.14407220482826233,0.1958531141281128,0.11040882766246796
77,4638,0.22878997027873993,0.12449280172586441,0.2106475830078125,0.10019074380397797
77,4639,0.25941455364227295,0.15180547535419464,0.208368718624115,0.12130799144506454
77,4640,0.2593291997909546,0.14478863775730133,0.22944796085357666,0.11380679905414581
77,4641,0.21867358684539795,0.12129124999046326,0.19353395700454712,0.09984377026557922
77,4642,0.19492781162261963,0.10624852776527405,0.180414617061615,0.08256717026233673
77,4643,0.21415875852108002,0.12008921056985855,0.18734675645828247,0.09565421938896179
77,4644,0.27506184577941895,0.16257712244987488,0.21563518047332764,0.13115322589874268
77,4645,0.2764745056629181,0.15791082382202148,0.2344512939453125,0.12391586601734161
77,4646,0.2540375888347626,0.13857373595237732,0.23750227689743042,0.10231463611125946
77,4647,0.2962564527988434,0.17826564610004425,0.2267414927482605,0.13647107779979706
77,4648,0.21469679474830627,0.11906211823225021,0.19237112998962402,0.09343112260103226
77,4649,0.21545647084712982,0.1196051761507988,0.1917555332183838,0.09574537724256516
77,4650,0.24779830873012543,0.14114511013031006,0.21101480722427368,0.11123637855052948
77,4651,0.2531031370162964,0.14485232532024384,0.21273761987686157,0.1157788336277008
77,4652,0.24558064341545105,0.1438641995191574,0.19534838199615479,0.11788544803857803
77,4653,0.26034021377563477,0.15068891644477844,0.21268802881240845,0.12288035452365875
77,4654,0.2613423764705658,0.14904792606830597,0.22131866216659546,0.1188349574804306
77,4655,0.27215152978897095,0.15412306785583496,0.2387269139289856,0.11268849670886993
77,4656,0.2504964768886566,0.13938692212104797,0.2231128215789795,0.10932200402021408
77,4657,0.24287615716457367,0.13324250280857086,0.219981849193573,0.10820455104112625
77,4658,0.25763893127441406,0.14646850526332855,0.21886307001113892,0.1181260496377945
77,4659,0.2593497931957245,0.15008436143398285,0.21637850999832153,0.11357013136148453
77,4660,0.23981432616710663,0.1377258449792862,0.20068222284317017,0.10907792299985886
77,4661,0.2586466372013092,0.14691707491874695,0.22018569707870483,0.11827637255191803
77,4662,0.2468443661928177,0.1411244422197342,0.207106351852417,0.11438693106174469
77,4663,0.2781619727611542,0.15868434309959412,0.23484653234481812,0.1276949942111969
77,4664,0.23927931487560272,0.13392138481140137,0.20927387475967407,0.10824189335107803
77,4665,0.23311170935630798,0.13222233951091766,0.1978161334991455,0.10881452262401581
77,4666,0.2577214539051056,0.14576558768749237,0.22302722930908203,0.11372494697570801
77,4667,0.2579421103000641,0.1428433060646057,0.2299497127532959,0.1155945360660553
77,4668,0.2606050670146942,0.14880213141441345,0.219221830368042,0.12057091295719147
77,4669,0.2146715223789215,0.12145892530679703,0.1838626265525818,0.09833768010139465
77,4670,0.259533166885376,0.14685854315757751,0.22256433963775635,0.11824437975883484
77,4671,0.23532706499099731,0.1283307820558548,0.21609026193618774,0.10280084609985352
77,4672,0.23089595139026642,0.1261797398328781,0.21115189790725708,0.10127729177474976
77,4673,0.24025408923625946,0.13367965817451477,0.21347260475158691,0.10592688620090485
77,4674,0.2904118001461029,0.16714566946029663,0.24306267499923706,0.13020525872707367
77,4675,0.2263709008693695,0.12543092668056488,0.20246338844299316,0.0997731015086174
77,4676,0.2255464494228363,0.13085609674453735,0.18451857566833496,0.10441458225250244
77,4677,0.2971994876861572,0.1756262332201004,0.23233765363693237,0.1431908905506134
77,4678,0.2411104142665863,0.1342133730649948,0.21251952648162842,0.10944622755050659
77,4679,0.31518587470054626,0.1809418946504593,0.2643020749092102,0.1426156759262085
77,4680,0.26262691617012024,0.151424840092659,0.21734392642974854,0.12132257968187332
78,4681,0.25501173734664917,0.14351922273635864,0.22116237878799438,0.11513784527778625
78,4682,0.2586970925331116,0.14417167007923126,0.22800612449645996,0.11661486327648163
78,4683,0.25933611392974854,0.147956982254982,0.21957671642303467,0.11774230003356934
78,4684,0.24626116454601288,0.1344747096300125,0.22596240043640137,0.10700748860836029
78,4685,0.23434965312480927,0.1307985484600067,0.20668452978134155,0.10438645631074905
78,4686,0.2546471655368805,0.14250564575195312,0.2233210802078247,0.11406542360782623
78,4687,0.22857701778411865,0.12913383543491364,0.1967868208885193,0.1036423072218895
78,4688,0.2726677656173706,0.15893909335136414,0.22122585773468018,0.12619173526763916
78,4689,0.277670294046402,0.14563412964344025,0.27676844596862793,0.10664385557174683
78,4690,0.29865774512290955,0.18109583854675293,0.22646409273147583,0.13488134741783142
78,4691,0.2688106298446655,0.15875476598739624,0.21166551113128662,0.12694832682609558
78,4692,0.2740565240383148,0.1566201001405716,0.22946840524673462,0.12824539840221405
78,4693,0.26707518100738525,0.1476551741361618,0.24068289995193481,0.11573413014411926
78,4694,0.2406759411096573,0.13254860043525696,0.21764934062957764,0.10533802211284637
78,4695,0.29499924182891846,0.16395068168640137,0.26037901639938354,0.13448476791381836
78,4696,0.24647420644760132,0.14009425044059753,0.208410382270813,0.11507901549339294
78,4697,0.24936263263225555,0.14456425607204437,0.203838050365448,0.11631578207015991
78,4698,0.23594574630260468,0.12687355279922485,0.22253572940826416,0.1002894788980484
78,4699,0.2714207172393799,0.1508936882019043,0.24218028783798218,0.11827456951141357
78,4700,0.23923543095588684,0.13650263845920563,0.20375949144363403,0.1061449721455574
78,4701,0.2345607578754425,0.130131796002388,0.2083638310432434,0.1054171472787857
78,4702,0.2487996220588684,0.14096996188163757,0.21386444568634033,0.11141938716173172
78,4703,0.2729826867580414,0.1594327688217163,0.21862751245498657,0.1304945945739746
78,4704,0.22162802517414093,0.12042398005723953,0.2060002088546753,0.094019815325737
78,4705,0.24326100945472717,0.13468793034553528,0.21796578168869019,0.1069338321685791
78,4706,0.25610974431037903,0.14035309851169586,0.23252665996551514,0.11372989416122437
78,4707,0.2548488974571228,0.1437966376543045,0.22058594226837158,0.11408944427967072
78,4708,0.24169917404651642,0.13086648285388947,0.22560077905654907,0.10296191275119781
78,4709,0.2325022965669632,0.13392283022403717,0.19161754846572876,0.10966219007968903
78,4710,0.22625386714935303,0.12991897761821747,0.18866944313049316,0.10433552414178848
78,4711,0.23544541001319885,0.12982295453548431,0.21124041080474854,0.10563148558139801
78,4712,0.26590409874916077,0.15191680192947388,0.22461432218551636,0.12070788443088531
78,4713,0.23143449425697327,0.13489483296871185,0.18605220317840576,0.11059391498565674
78,4714,0.23359441757202148,0.13447865843772888,0.19229984283447266,0.11097904294729233
78,4715,0.23929806053638458,0.13701413571834564,0.20118117332458496,0.10905730724334717
78,4716,0.242046520113945,0.13842391967773438,0.20279037952423096,0.11253222823143005
78,4717,0.21949468553066254,0.12143445760011673,0.19719856977462769,0.09590396285057068
78,4718,0.2872358560562134,0.16739387810230255,0.2316455841064453,0.13591870665550232
78,4719,0.22973310947418213,0.13519282639026642,0.18165302276611328,0.10939536243677139
78,4720,0.3079942762851715,0.1829153150320053,0.24362868070602417,0.13813748955726624
78,4721,0.27186328172683716,0.15848633646965027,0.22035354375839233,0.1261776089668274
78,4722,0.26201173663139343,0.14937253296375275,0.22090214490890503,0.12139171361923218
78,4723,0.2628403604030609,0.14718855917453766,0.22958099842071533,0.11909696459770203
78,4724,0.2270842343568802,0.1319415420293808,0.18362092971801758,0.1084715723991394
78,4725,0.20878854393959045,0.1110573559999466,0.19914793968200684,0.09036003798246384
78,4726,0.28536882996559143,0.15856145322322845,0.2548333406448364,0.12437012046575546
78,4727,0.2418823093175888,0.1372937560081482,0.20543402433395386,0.11207468807697296
78,4728,0.26360923051834106,0.14207810163497925,0.24800646305084229,0.11164268106222153
78,4729,0.23234137892723083,0.13024601340293884,0.20574182271957397,0.09899314492940903
78,4730,0.2522353231906891,0.14541149139404297,0.2082875370979309,0.11754407733678818
78,4731,0.2486894279718399,0.14424967765808105,0.20404422283172607,0.1141103059053421
78,4732,0.25435057282447815,0.1375991851091385,0.23541992902755737,0.11291706562042236
78,4733,0.264870285987854,0.143759623169899,0.2451249361038208,0.11530345678329468
78,4734,0.24352577328681946,0.13917754590511322,0.20458179712295532,0.11257754266262054
78,4735,0.24050185084342957,0.1375812143087387,0.20311731100082397,0.10836856067180634
78,4736,0.27549612522125244,0.15239854156970978,0.24491804838180542,0.12565180659294128
78,4737,0.29532599449157715,0.1714000701904297,0.24135726690292358,0.13691508769989014
78,4738,0.20563316345214844,0.11283351480960846,0.1865067481994629,0.09098471701145172
78,4739,0.2339918613433838,0.13478605449199677,0.19342255592346191,0.10918392241001129
78,4740,0.22915208339691162,0.12349006533622742,0.21474796533584595,0.09881415963172913
79,4741,0.2662946581840515,0.156549870967865,0.21144580841064453,0.12583233416080475
79,4742,0.2580564022064209,0.14673109352588654,0.21808910369873047,0.12044835090637207
79,4743,0.2546239197254181,0.14365479350090027,0.22157233953475952,0.11170095205307007
79,4744,0.241226926445961,0.13386692106723785,0.21484583616256714,0.10710835456848145
79,4745,0.24369743466377258,0.13876895606517792,0.20726990699768066,0.1101025640964508
79,4746,0.25665155053138733,0.1498665064573288,0.20534217357635498,0.12324084341526031
79,4747,0.23217061161994934,0.13187532126903534,0.19754242897033691,0.10639157891273499
79,4748,0.29931625723838806,0.17352963984012604,0.24464201927185059,0.13964912295341492
79,4749,0.23989374935626984,0.1326095461845398,0.21660220623016357,0.10321655869483948
79,4750,0.2341991364955902,0.13350224494934082,0.19668090343475342,0.11012263596057892
79,4751,0.24174368381500244,0.12716993689537048,0.2349502444267273,0.102968230843544
79,4752,0.23084163665771484,0.12790849804878235,0.2051967978477478,0.10427208244800568
79,4753,0.24476443231105804,0.13733962178230286,0.21379053592681885,0.10954296588897705
79,4754,0.23574988543987274,0.13533349335193634,0.19925552606582642,0.10357090830802917
79,4755,0.2697144150733948,0.14575211703777313,0.2547168731689453,0.11037776619195938
79,4756,0.2619257867336273,0.14462332427501678,0.23407715559005737,0.11835799366235733
79,4757,0.2244769185781479,0.1233087107539177,0.20408552885055542,0.09766998887062073
79,4758,0.2639652192592621,0.14042839407920837,0.2516428828239441,0.11439836025238037
79,4759,0.2528493404388428,0.14867174625396729,0.20159655809402466,0.11769488453865051
79,4760,0.2433071732521057,0.14164511859416962,0.19935393333435059,0.10960239917039871
79,4761,0.2480204552412033,0.13755851984024048,0.21985161304473877,0.1126064658164978
79,4762,0.23501960933208466,0.1350117027759552,0.19410109519958496,0.11183729022741318
79,4763,0.21257534623146057,0.11750587821006775,0.19066405296325684,0.09401920437812805
79,4764,0.2756154239177704,0.15541860461235046,0.24018388986587524,0.12061628699302673
79,4765,0.25548115372657776,0.1401081383228302,0.23158997297286987,0.11368509382009506
79,4766,0.25660765171051025,0.14251360297203064,0.22701507806777954,0.11643998324871063
79,4767,0.2416301816701889,0.13603554666042328,0.21048027276992798,0.10701259970664978
79,4768,0.22277149558067322,0.12335069477558136,0.20010042190551758,0.09690314531326294
79,4769,0.23965144157409668,0.14130918681621552,0.1888478398323059,0.11401565372943878
79,4770,0.23549363017082214,0.12584169209003448,0.22408080101013184,0.10009807348251343
79,4771,0.227700337767601,0.1323363035917282,0.18413501977920532,0.10855009406805038
79,4772,0.22238005697727203,0.11790221929550171,0.2144905924797058,0.0934080183506012
79,4773,0.23869703710079193,0.1340949386358261,0.20810699462890625,0.10679654777050018
79,4774,0.22094370424747467,0.12077483534812927,0.20029979944229126,0.10024474561214447
79,4775,0.25201866030693054,0.13869768381118774,0.232873797416687,0.10085727274417877
79,4776,0.22216826677322388,0.11965179443359375,0.20681869983673096,0.09894493222236633
79,4777,0.24619638919830322,0.13809646666049957,0.2121983766555786,0.11610287427902222
79,4778,0.25965163111686707,0.141392320394516,0.2414422631263733,0.1084119975566864
79,4779,0.22216695547103882,0.12328111380338669,0.19752466678619385,0.09937988966703415
79,4780,0.22130391001701355,0.12247472256422043,0.19778764247894287,0.09857065975666046
79,4781,0.2531358003616333,0.14835765957832336,0.20264452695846558,0.11860155314207077
79,4782,0.2409595102071762,0.14132559299468994,0.1917223334312439,0.11472482979297638
79,4783,0.24534685909748077,0.14305633306503296,0.19879990816116333,0.11385287344455719
79,4784,0.26914718747138977,0.15971677005290985,0.20801228284835815,0.1311274766921997
79,4785,0.24771803617477417,0.14164888858795166,0.20645219087600708,0.1174413189291954
79,4786,0.24666084349155426,0.12863938510417938,0.24414104223251343,0.10182519257068634
79,4787,0.2298193722963333,0.13196423649787903,0.19301342964172363,0.10324877500534058
79,4788,0.22608166933059692,0.12476804107427597,0.20313811302185059,0.10029187798500061
79,4789,0.2507891058921814,0.14360809326171875,0.21122628450393677,0.11345258355140686
79,4790,0.22959229350090027,0.12549099326133728,0.21241700649261475,0.09567245841026306
79,4791,0.2556799054145813,0.14629250764846802,0.21818512678146362,0.11056674271821976
79,4792,0.2550618648529053,0.14658679068088531,0.21354341506958008,0.11528842151165009
79,4793,0.23956136405467987,0.1385325789451599,0.19591891765594482,0.11330609023571014
79,4794,0.2544114291667938,0.138879656791687,0.2334533929824829,0.11075200140476227
79,4795,0.22241239249706268,0.11674288660287857,0.21849215030670166,0.09136323630809784
79,4796,0.23037385940551758,0.13174761831760406,0.19364804029464722,0.10583513975143433
79,4797,0.25189530849456787,0.13918536901474,0.2247442603111267,0.11406108736991882
79,4798,0.24883878231048584,0.13779816031455994,0.2244095802307129,0.10638390481472015
79,4799,0.24262486398220062,0.13082195818424225,0.22768038511276245,0.10365374386310577
79,4800,0.23409393429756165,0.13261355459690094,0.20253902673721313,0.10232385993003845
80,4801,0.2686462700366974,0.15836697816848755,0.21274596452713013,0.12590447068214417
80,4802,0.29464074969291687,0.17209231853485107,0.2417149543762207,0.12931226193904877
80,4803,0.23938843607902527,0.1333352029323578,0.21369010210037231,0.10288597643375397
80,4804,0.24432606995105743,0.14297226071357727,0.1986168622970581,0.1095353364944458
80,4805,0.2395341396331787,0.13844932615756989,0.203513503074646,0.09839706122875214
80,4806,0.21312424540519714,0.11611776053905487,0.19606566429138184,0.09290116280317307
80,4807,0.25446122884750366,0.14736101031303406,0.21043121814727783,0.11463858932256699
80,4808,0.27284327149391174,0.14679460227489471,0.2598291039466858,0.1105850338935852
80,4809,0.23390541970729828,0.12713398039340973,0.2167670726776123,0.10032302141189575
80,4810,0.21701018512248993,0.12456591427326202,0.18022507429122925,0.10177122801542282
80,4811,0.2885841131210327,0.15789951384067535,0.2626050114631653,0.12821300327777863
80,4812,0.24205775558948517,0.13644787669181824,0.20834451913833618,0.11136031150817871
80,4813,0.2592048645019531,0.14680704474449158,0.22367340326309204,0.1146421879529953
80,4814,0.29450705647468567,0.1731744110584259,0.23377245664596558,0.1391182541847229
80,4815,0.2245473861694336,0.12269099056720734,0.2054564356803894,0.09836910665035248
80,4816,0.2657855451107025,0.15223848819732666,0.22339355945587158,0.12094816565513611
80,4817,0.23714613914489746,0.13907106220722198,0.18829631805419922,0.11378271877765656
80,4818,0.2664709687232971,0.1501457542181015,0.2293550968170166,0.12291581183671951
80,4819,0.2541249990463257,0.1488877236843109,0.20389002561569214,0.11840619146823883
80,4820,0.24576061964035034,0.1400943249464035,0.20677077770233154,0.1147899180650711
80,4821,0.2603106200695038,0.14776502549648285,0.22208023071289062,0.11856748163700104
80,4822,0.2447928488254547,0.13815920054912567,0.2114199995994568,0.11032821238040924
80,4823,0.23661614954471588,0.12944091856479645,0.21539545059204102,0.10508526861667633
80,4824,0.24188312888145447,0.1357627958059311,0.20914381742477417,0.11231411248445511
80,4825,0.2528913915157318,0.1400880664587021,0.22595596313476562,0.11210472881793976
80,4826,0.26244091987609863,0.15408921241760254,0.21062195301055908,0.12051460146903992
80,4827,0.23420877754688263,0.12181071937084198,0.23265397548675537,0.09668239951133728
80,4828,0.2193322330713272,0.12987375259399414,0.17181360721588135,0.10366523265838623
80,4829,0.2495863139629364,0.14651112258434296,0.19907152652740479,0.11723298579454422
80,4830,0.3152143359184265,0.1872846782207489,0.24826961755752563,0.14310896396636963
80,4831,0.2691437304019928,0.1589021533727646,0.2108871340751648,0.1294335424900055
80,4832,0.22372278571128845,0.12409336119890213,0.19755983352661133,0.10302744805812836
80,4833,0.2774464786052704,0.16204404830932617,0.22457116842269897,0.12786978483200073
80,4834,0.2481212466955185,0.1346844881772995,0.22871249914169312,0.10975874215364456
80,4835,0.2571921646595001,0.1420193761587143,0.23100429773330688,0.11385536193847656
80,4836,0.2692900002002716,0.1632910519838333,0.19753265380859375,0.13492946326732635
80,4837,0.2698042392730713,0.1488705277442932,0.24051779508590698,0.1236330047249794
80,4838,0.25594455003738403,0.1407041847705841,0.2312045693397522,0.11379273980855942
80,4839,0.20464083552360535,0.11445209383964539,0.17934328317642212,0.09225712716579437
80,4840,0.2901621460914612,0.17352241277694702,0.22107577323913574,0.1410471647977829
80,4841,0.2728714048862457,0.1578253209590912,0.22437316179275513,0.1264840066432953
80,4842,0.2217513769865036,0.12584279477596283,0.18920159339904785,0.10113978385925293
80,4843,0.2506510317325592,0.13960637152194977,0.22050857543945312,0.11420613527297974
80,4844,0.22498823702335358,0.12816840410232544,0.1900659203529358,0.10396729409694672
80,4845,0.24109390377998352,0.13173852860927582,0.22044551372528076,0.10588587075471878
80,4846,0.17748066782951355,0.10147617012262344,0.1484469771385193,0.08312854915857315
80,4847,0.24510206282138824,0.13678301870822906,0.21532738208770752,0.11094038933515549
80,4848,0.26268428564071655,0.1415039449930191,0.24513888359069824,0.11562395095825195
80,4849,0.23336774110794067,0.13367247581481934,0.19460457563400269,0.10926713794469833
80,4850,0.2212831825017929,0.12756666541099548,0.18091607093811035,0.10675042867660522
80,4851,0.24545376002788544,0.13892444968223572,0.20965605974197388,0.11333440244197845
80,4852,0.2813282310962677,0.15758022665977478,0.24871158599853516,0.1213168129324913
80,4853,0.21713364124298096,0.11803807318210602,0.20025163888931274,0.0949745923280716
80,4854,0.24288497865200043,0.13789106905460358,0.20687484741210938,0.11121983081102371
80,4855,0.25662943720817566,0.14698629081249237,0.215040385723114,0.11813496053218842
80,4856,0.21225090324878693,0.11774453520774841,0.1883833408355713,0.0957651436328888
80,4857,0.24112820625305176,0.1368248462677002,0.2077963948249817,0.10592398047447205
80,4858,0.23549003899097443,0.13621766865253448,0.19341003894805908,0.10954181104898453
80,4859,0.2503572404384613,0.1339603066444397,0.2359694242477417,0.11004588752985
80,4860,0.24123205244541168,0.13113687932491302,0.22255051136016846,0.10537484288215637
81,4861,0.24775320291519165,0.1391376256942749,0.21385759115219116,0.1153627336025238
81,4862,0.26386702060699463,0.1544474959373474,0.21108084917068481,0.12493588030338287
81,4863,0.2697315514087677,0.15409791469573975,0.22643661499023438,0.12529492378234863
81,4864,0.25517478585243225,0.14065854251384735,0.22986191511154175,0.1128574013710022
81,4865,0.29044845700263977,0.1649441421031952,0.25047892332077026,0.12656381726264954
81,4866,0.24418361485004425,0.14138828217983246,0.19835001230239868,0.11727666854858398
81,4867,0.2747694253921509,0.15749436616897583,0.2282591462135315,0.12985697388648987
81,4868,0.24134506285190582,0.14220288395881653,0.18987274169921875,0.1159653514623642
81,4869,0.2210695743560791,0.12107857316732407,0.20086365938186646,0.09822773188352585
81,4870,0.2496863454580307,0.14047183096408844,0.21440017223358154,0.11727222800254822
81,4871,0.2738139033317566,0.15059325098991394,0.24585449695587158,0.12439431250095367
81,4872,0.25652047991752625,0.14649717509746552,0.2163482904434204,0.11741998046636581
81,4873,0.2402706891298294,0.1317538619041443,0.21919631958007812,0.10419149696826935
81,4874,0.2746441960334778,0.1552707850933075,0.23570221662521362,0.1254626214504242
81,4875,0.22472818195819855,0.12721921503543854,0.19213885068893433,0.10326716303825378
81,4876,0.26593518257141113,0.1589774638414383,0.20331346988677979,0.12816157937049866
81,4877,0.22916893661022186,0.1344289630651474,0.18190348148345947,0.1098928302526474
81,4878,0.2599594295024872,0.1451580822467804,0.225885808467865,0.12223514914512634
81,4879,0.2671431601047516,0.14963147044181824,0.2342205047607422,0.11911740154027939
81,4880,0.21700207889080048,0.12279501557350159,0.18633800745010376,0.09835930913686752
81,4881,0.27466580271720886,0.15632441639900208,0.2329537272453308,0.12579941749572754
81,4882,0.2516312003135681,0.1424613744020462,0.2159556746482849,0.11393780261278152
81,4883,0.22200006246566772,0.12587235867977142,0.1886860728263855,0.10326636582612991
81,4884,0.2432710975408554,0.14069229364395142,0.19871848821640015,0.11545705795288086
81,4885,0.23645323514938354,0.13343429565429688,0.2031075358390808,0.1088796928524971
81,4886,0.2310476005077362,0.13432444632053375,0.18753761053085327,0.10854046791791916
81,4887,0.21482443809509277,0.12397082895040512,0.1787465214729309,0.09677496552467346
81,4888,0.23981806635856628,0.14035028219223022,0.19233202934265137,0.11267486959695816
81,4889,0.20277400314807892,0.11520761996507645,0.1717793345451355,0.09427322447299957
81,4890,0.24035437405109406,0.13612745702266693,0.20538026094436646,0.11037401854991913
81,4891,0.21685105562210083,0.12299679219722748,0.18432390689849854,0.10062351077795029
81,4892,0.25458723306655884,0.14261844754219055,0.2219981551170349,0.11584752798080444
81,4893,0.24056746065616608,0.13259269297122955,0.21655720472335815,0.1067594513297081
81,4894,0.24362678825855255,0.1321345716714859,0.22375518083572388,0.10995064675807953
81,4895,0.22972817718982697,0.12721730768680573,0.20468151569366455,0.10319137573242188
81,4896,0.2073788195848465,0.11301808804273605,0.18966341018676758,0.09247681498527527
81,4897,0.2536261975765228,0.1483316421508789,0.20194000005722046,0.1225927323102951
81,4898,0.2596116364002228,0.15461623668670654,0.19965380430221558,0.1256694197654724
81,4899,0.24119630455970764,0.13751910626888275,0.20274758338928223,0.11289084702730179
81,4900,0.2326756715774536,0.13197891414165497,0.19914793968200684,0.10518791526556015
81,4901,0.2217782735824585,0.12146207690238953,0.20321887731552124,0.09514317661523819
81,4902,0.24188032746315002,0.1366431564092636,0.20836639404296875,0.10945303738117218
81,4903,0.24118159711360931,0.1343110203742981,0.21263855695724487,0.10907572507858276
81,4904,0.29228314757347107,0.16788524389266968,0.24354201555252075,0.1349053978919983
81,4905,0.2854008972644806,0.16151639819145203,0.24507278203964233,0.12927691638469696
81,4906,0.2835391163825989,0.16128726303577423,0.24309295415878296,0.12507334351539612
81,4907,0.24530521035194397,0.12820695340633392,0.24003863334655762,0.1054140031337738
81,4908,0.22453969717025757,0.11864573508501053,0.216546893119812,0.09637604653835297
81,4909,0.2510896921157837,0.14133892953395844,0.21576279401779175,0.11722811311483383
81,4910,0.2398434579372406,0.13316082954406738,0.21520328521728516,0.10300648957490921
81,4911,0.24691025912761688,0.13959987461566925,0.21292328834533691,0.11070537567138672
81,4912,0.2497425675392151,0.14336758852005005,0.20704150199890137,0.11779189854860306
81,4913,0.2548033595085144,0.14578674733638763,0.21485871076583862,0.1153656393289566
81,4914,0.241721972823143,0.13571316003799438,0.21187549829483032,0.10629303753376007
81,4915,0.24676267802715302,0.1423913538455963,0.20302659273147583,0.11580342799425125
81,4916,0.24632567167282104,0.13777616620063782,0.21575886011123657,0.11122976243495941
81,4917,0.2420775443315506,0.13638325035572052,0.20981204509735107,0.10884736478328705
81,4918,0.23727203905582428,0.1269865781068802,0.22454047203063965,0.10234630107879639
81,4919,0.221999391913414,0.12435519695281982,0.1937510371208191,0.1007189005613327
81,4920,0.2130921483039856,0.11882534623146057,0.1885356903076172,0.09426264464855194
82,4921,0.24686387181282043,0.14054769277572632,0.20921874046325684,0.11314339935779572
82,4922,0.25593167543411255,0.1458279937505722,0.21649140119552612,0.1175355315208435
82,4923,0.21905261278152466,0.12658734619617462,0.1803494691848755,0.1016273945569992
82,4924,0.24991637468338013,0.14564277231693268,0.20198214054107666,0.11740370094776154
82,4925,0.24552497267723083,0.13407941162586212,0.22375595569610596,0.10971589386463165
82,4926,0.2833445072174072,0.16577774286270142,0.22656142711639404,0.13471102714538574
82,4927,0.20443998277187347,0.1194644495844841,0.16428303718566895,0.09631157666444778
82,4928,0.23298901319503784,0.12778078019618988,0.21189135313034058,0.10225851088762283
82,4929,0.23843297362327576,0.13600459694862366,0.20192521810531616,0.108291395008564
82,4930,0.23407337069511414,0.134879007935524,0.19284212589263916,0.11028749495744705
82,4931,0.24111130833625793,0.14114832878112793,0.1926841139793396,0.11444665491580963
82,4932,0.2436400204896927,0.13280586898326874,0.22263383865356445,0.10890313982963562
82,4933,0.2215864211320877,0.11988011747598648,0.2073872685432434,0.09375698119401932
82,4934,0.240984246134758,0.12578025460243225,0.23739290237426758,0.1012340635061264
82,4935,0.2697824239730835,0.15130580961704254,0.2353697419166565,0.1216435432434082
82,4936,0.24987109005451202,0.1342121809720993,0.2345820665359497,0.1091303825378418
82,4937,0.28519120812416077,0.1601923704147339,0.24787169694900513,0.12925076484680176
82,4938,0.27264419198036194,0.14667905867099762,0.25502151250839233,0.11978275328874588
82,4939,0.24212779104709625,0.13524498045444489,0.21268731355667114,0.10903948545455933
82,4940,0.23459409177303314,0.13444723188877106,0.1958410143852234,0.10905230045318604
82,4941,0.25789618492126465,0.15355715155601501,0.19942200183868408,0.12285116314888
82,4942,0.24278968572616577,0.12918925285339355,0.22989380359649658,0.10821451246738434
82,4943,0.2922559380531311,0.1676441878080368,0.24300140142440796,0.13705593347549438
82,4944,0.2710060179233551,0.15462711453437805,0.226385235786438,0.12912406027317047
82,4945,0.24517254531383514,0.14043624699115753,0.20325595140457153,0.11716955900192261
82,4946,0.24006405472755432,0.12953580915927887,0.22472870349884033,0.1031837984919548
82,4947,0.24727500975131989,0.13413159549236298,0.2285165786743164,0.10868391394615173
82,4948,0.28536978363990784,0.1703055500984192,0.2204553484916687,0.13441042602062225
82,4949,0.253280371427536,0.1392248272895813,0.2279544472694397,0.11436880379915237
82,4950,0.25643619894981384,0.14402981102466583,0.22299224138259888,0.11604741215705872
82,4951,0.22863373160362244,0.12843529880046844,0.19880759716033936,0.10337693989276886
82,4952,0.22029800713062286,0.12253077328205109,0.19552081823349,0.09779451787471771
82,4953,0.24242760241031647,0.13784551620483398,0.21022462844848633,0.10246118903160095
82,4954,0.230245441198349,0.12710435688495636,0.20573770999908447,0.10423003137111664
82,4955,0.24995432794094086,0.14221827685832977,0.2122843861579895,0.11411155015230179
82,4956,0.2715751826763153,0.15919223427772522,0.2165970802307129,0.12872059643268585
82,4957,0.28748324513435364,0.16172397136688232,0.2495071291923523,0.12978211045265198
82,4958,0.21998193860054016,0.12138891220092773,0.19920426607131958,0.09455658495426178
82,4959,0.2523609697818756,0.14061452448368073,0.22285038232803345,0.11303144693374634
82,4960,0.20494551956653595,0.10909974575042725,0.19424408674240112,0.09074068814516068
82,4961,0.22622080147266388,0.12592868506908417,0.19894325733184814,0.10357403755187988
82,4962,0.24476851522922516,0.13615959882736206,0.21603983640670776,0.110964834690094
82,4963,0.24801777303218842,0.14182049036026,0.20786476135253906,0.11525684595108032
82,4964,0.24481020867824554,0.13973988592624664,0.20537489652633667,0.11460178345441818
82,4965,0.24387726187705994,0.13428764045238495,0.2207869291305542,0.10637427866458893
82,4966,0.2608594000339508,0.1438024491071701,0.23357385396957397,0.11813695728778839
82,4967,0.23521193861961365,0.13161365687847137,0.20519709587097168,0.10759728401899338
82,4968,0.26511698961257935,0.15242773294448853,0.21860384941101074,0.12623856961727142
82,4969,0.2522734999656677,0.14361459016799927,0.2143065333366394,0.11468140780925751
82,4970,0.26601842045783997,0.1494622826576233,0.23032748699188232,0.1221257895231247
82,4971,0.28751814365386963,0.16587883234024048,0.23446810245513916,0.13926026225090027
82,4972,0.22366535663604736,0.1250876784324646,0.19636261463165283,0.10016317665576935
82,4973,0.23293796181678772,0.1328226625919342,0.1957569122314453,0.10906260460615158
82,4974,0.20700982213020325,0.11857429146766663,0.17326068878173828,0.09565620124340057
82,4975,0.2212487757205963,0.12269766628742218,0.19756454229354858,0.09762647747993469
82,4976,0.21883951127529144,0.12174437940120697,0.19191592931747437,0.10164380073547363
82,4977,0.22945304214954376,0.12773673236370087,0.20219039916992188,0.10420075058937073
82,4978,0.2810085713863373,0.16715775430202484,0.2207302451133728,0.12779361009597778
82,4979,0.2209038883447647,0.11751128733158112,0.20924049615859985,0.09848199039697647
82,4980,0.22206585109233856,0.12756572663784027,0.18405663967132568,0.1043872982263565
83,4981,0.2628495693206787,0.15151932835578918,0.2161601185798645,0.12433098256587982
83,4982,0.2471088469028473,0.14332567155361176,0.20113998651504517,0.11663585156202316
83,4983,0.22599829733371735,0.12685738503932953,0.19590622186660767,0.10389216989278793
83,4984,0.23657934367656708,0.13373273611068726,0.20354819297790527,0.10713662207126617
83,4985,0.26570093631744385,0.1467549353837967,0.23772460222244263,0.11928078532218933
83,4986,0.2604517638683319,0.13934677839279175,0.24514555931091309,0.11523381620645523
83,4987,0.242244690656662,0.14378555119037628,0.18742084503173828,0.11745402216911316
83,4988,0.27385905385017395,0.15076319873332977,0.24772292375564575,0.12003347277641296
83,4989,0.2815471291542053,0.16251011192798615,0.2351122498512268,0.1249605044722557
83,4990,0.22571586072444916,0.12718190252780914,0.19411969184875488,0.10443040728569031
83,4991,0.24661295115947723,0.13823071122169495,0.21661442518234253,0.1086822897195816
83,4992,0.2534993290901184,0.13979601860046387,0.2268558144569397,0.11480502039194107
83,4993,0.2297365665435791,0.13034190237522125,0.19672930240631104,0.10351474583148956
83,4994,0.2306937426328659,0.1297249048948288,0.20090866088867188,0.10302683711051941
83,4995,0.2189106047153473,0.12180812656879425,0.19343185424804688,0.09864865243434906
83,4996,0.23188354074954987,0.13060304522514343,0.20053744316101074,0.10532757639884949
83,4997,0.2605630159378052,0.14473971724510193,0.2303471565246582,0.11842220276594162
83,4998,0.22410281002521515,0.12920764088630676,0.18346667289733887,0.10754251480102539
83,4999,0.25020483136177063,0.1355327069759369,0.23139041662216187,0.11057975888252258
83,5000,0.27635425329208374,0.14899547398090363,0.2620658278465271,0.11266234517097473
83,5001,0.2401425689458847,0.13172408938407898,0.21771645545959473,0.10665945708751678
83,5002,0.2543398141860962,0.14355652034282684,0.21887421607971191,0.11616797745227814
83,5003,0.24198925495147705,0.13876184821128845,0.20183855295181274,0.11245997250080109
83,5004,0.27288487553596497,0.15471217036247253,0.23712915182113647,0.11660515516996384
83,5005,0.24172630906105042,0.1381559669971466,0.20247453451156616,0.11290264129638672
83,5006,0.23785044252872467,0.1350002884864807,0.20243632793426514,0.10937811434268951
83,5007,0.22783787548542023,0.12703928351402283,0.20075267553329468,0.10248755663633347
83,5008,0.3001759946346283,0.17380306124687195,0.24644827842712402,0.13896803557872772
83,5009,0.2137233465909958,0.11763617396354675,0.19300103187561035,0.09443378448486328
83,5010,0.2884352207183838,0.1677800863981247,0.23434966802597046,0.13457632064819336
83,5011,0.2575657367706299,0.14803923666477203,0.21454095840454102,0.11855056881904602
83,5012,0.2734829783439636,0.1634846031665802,0.20868819952011108,0.13261541724205017
83,5013,0.20937536656856537,0.11295347660779953,0.19524067640304565,0.09162808954715729
83,5014,0.232988640666008,0.1291150003671646,0.20810657739639282,0.10315503180027008
83,5015,0.24374745786190033,0.1402754783630371,0.20130592584609985,0.114748015999794
83,5016,0.2650206983089447,0.14943479001522064,0.2271990180015564,0.1235315203666687
83,5017,0.25405773520469666,0.13783574104309082,0.23388975858688354,0.11333052814006805
83,5018,0.21984031796455383,0.1232699528336525,0.19380420446395874,0.09524346888065338
83,5019,0.2799103856086731,0.1606045812368393,0.2359541654586792,0.12462057173252106
83,5020,0.23766332864761353,0.13227921724319458,0.21051430702209473,0.10589198768138885
83,5021,0.2724944055080414,0.1660112887620926,0.2015981674194336,0.12921929359436035
83,5022,0.2243620902299881,0.1259237378835678,0.19608807563781738,0.10001565515995026
83,5023,0.24395741522312164,0.13359303772449493,0.22173446416854858,0.10835297405719757
83,5024,0.2461787611246109,0.14347368478775024,0.19767069816589355,0.11818398535251617
83,5025,0.2816775441169739,0.16110754013061523,0.2370327115058899,0.12878470122814178
83,5026,0.22526849806308746,0.12840431928634644,0.18867355585098267,0.10697370022535324
83,5027,0.23496930301189423,0.1280798465013504,0.21526718139648438,0.1039128452539444
83,5028,0.25032228231430054,0.14089201390743256,0.21881777048110962,0.1095157340168953
83,5029,0.27250558137893677,0.15682917833328247,0.22479969263076782,0.12878255546092987
83,5030,0.25267118215560913,0.1404941827058792,0.22668230533599854,0.10752032697200775
83,5031,0.23811498284339905,0.1319909691810608,0.21186554431915283,0.1068890392780304
83,5032,0.23942366242408752,0.1274411529302597,0.2300422191619873,0.09982812404632568
83,5033,0.26546069979667664,0.15588155388832092,0.21032118797302246,0.12725333869457245
83,5034,0.2669253647327423,0.1588153839111328,0.20616602897644043,0.12821777164936066
83,5035,0.21950942277908325,0.12082169950008392,0.19748824834823608,0.09846211969852448
83,5036,0.25490203499794006,0.1420595496892929,0.22364747524261475,0.11691748350858688
83,5037,0.2385915219783783,0.14229604601860046,0.1836644411087036,0.11414845287799835
83,5038,0.22592271864414215,0.12629304826259613,0.19897568225860596,0.1001969575881958
83,5039,0.2238127440214157,0.12681274116039276,0.19211596250534058,0.10076810419559479
83,5040,0.23703528940677643,0.13206049799919128,0.20878589153289795,0.10730212181806564
84,5041,0.24769499897956848,0.14594006538391113,0.19806116819381714,0.11265234649181366
84,5042,0.26918748021125793,0.16075940430164337,0.20579731464385986,0.13054576516151428
84,5043,0.23728381097316742,0.13805867731571198,0.19205796718597412,0.11200972646474838
84,5044,0.24316279590129852,0.1347046047449112,0.21576905250549316,0.11075280606746674
84,5045,0.2117563635110855,0.11351361870765686,0.1980319619178772,0.09514980018138885
84,5046,0.25483131408691406,0.14450201392173767,0.21720600128173828,0.11723446846008301
84,5047,0.23734557628631592,0.13289476931095123,0.2063022255897522,0.10964959114789963
84,5048,0.20855644345283508,0.12120063602924347,0.16791218519210815,0.10095462203025818
84,5049,0.23215210437774658,0.13594113290309906,0.18327629566192627,0.11450231075286865
84,5050,0.2502952516078949,0.14442569017410278,0.20487964153289795,0.11958851665258408
84,5051,0.21925722062587738,0.12298839539289474,0.19064849615097046,0.10004713386297226
84,5052,0.2083423137664795,0.11541284620761871,0.185724675655365,0.09319799393415451
84,5053,0.24459245800971985,0.1363513171672821,0.21465927362442017,0.11188715696334839
84,5054,0.2670488655567169,0.14598003029823303,0.24376559257507324,0.11781291663646698
84,5055,0.22762897610664368,0.12710532546043396,0.19750720262527466,0.10760383307933807
84,5056,0.26792794466018677,0.15053856372833252,0.23266369104385376,0.12161950767040253
84,5057,0.29767918586730957,0.16983959078788757,0.25007617473602295,0.13904553651809692
84,5058,0.24478380382061005,0.1384572833776474,0.20759159326553345,0.11644940078258514
84,5059,0.25807133316993713,0.14307597279548645,0.2290225625038147,0.11693169176578522
84,5060,0.26143333315849304,0.14732569456100464,0.22405856847763062,0.12242113053798676
84,5061,0.24416741728782654,0.14221592247486115,0.19871538877487183,0.11232677102088928
84,5062,0.28548339009284973,0.16716603934764862,0.22693485021591187,0.13771691918373108
84,5063,0.2524264454841614,0.13179679214954376,0.24929630756378174,0.1045556291937828
84,5064,0.21690313518047333,0.12033750861883163,0.19224822521209717,0.09833163768053055
84,5065,0.23403239250183105,0.1361444592475891,0.1872735619544983,0.11489256471395493
84,5066,0.25647497177124023,0.1429930329322815,0.22806042432785034,0.11128892749547958
84,5067,0.23860764503479004,0.13620638847351074,0.20028471946716309,0.11143682152032852
84,5068,0.19989848136901855,0.10997768491506577,0.17992663383483887,0.08975077420473099
84,5069,0.2766362428665161,0.1576356589794159,0.23219072818756104,0.1306215524673462
84,5070,0.24931445717811584,0.14223405718803406,0.21234959363937378,0.11070281267166138
84,5071,0.30000290274620056,0.17863433063030243,0.23074698448181152,0.14534887671470642
84,5072,0.26218441128730774,0.14929501712322235,0.22227340936660767,0.11990004777908325
84,5073,0.26014918088912964,0.1451607197523117,0.22687488794326782,0.12119249999523163
84,5074,0.257203072309494,0.14981906116008759,0.20633423328399658,0.12425148487091064
84,5075,0.24537909030914307,0.14282307028770447,0.19861352443695068,0.11555296182632446
84,5076,0.20938387513160706,0.12104106694459915,0.170890212059021,0.09993360936641693
84,5077,0.2515696883201599,0.14239606261253357,0.21326738595962524,0.11933333426713943
84,5078,0.24512304365634918,0.1417250633239746,0.19964706897735596,0.11769568175077438
84,5079,0.2810773551464081,0.160882368683815,0.2342360019683838,0.13250288367271423
84,5080,0.23548062145709991,0.13296735286712646,0.2022082805633545,0.1081497073173523
84,5081,0.23678283393383026,0.13612209260463715,0.1965402364730835,0.110223188996315
84,5082,0.22708538174629211,0.1301695853471756,0.18917202949523926,0.10623490810394287
84,5083,0.22468039393424988,0.12720081210136414,0.19039452075958252,0.10660886764526367
84,5084,0.20216648280620575,0.11498958617448807,0.1711100935935974,0.09366428852081299
84,5085,0.23660551011562347,0.13583511114120483,0.19606739282608032,0.11171720921993256
84,5086,0.22899122536182404,0.12103508412837982,0.22044986486434937,0.09888096153736115
84,5087,0.217276930809021,0.12896914780139923,0.1693950891494751,0.10274875164031982
84,5088,0.2356690913438797,0.13069462776184082,0.20885604619979858,0.10716019570827484
84,5089,0.22967420518398285,0.13183413445949554,0.19081979990005493,0.10756078362464905
84,5090,0.22077849507331848,0.12893065810203552,0.17567461729049683,0.10788995772600174
84,5091,0.2366258203983307,0.1294572949409485,0.21441638469696045,0.1070098876953125
84,5092,0.21487729251384735,0.12049267441034317,0.18689018487930298,0.09814270585775375
84,5093,0.2404412031173706,0.13943253457546234,0.19400835037231445,0.1170266717672348
84,5094,0.21455584466457367,0.11883171647787094,0.1915196180343628,0.09558141231536865
84,5095,0.22664012014865875,0.12791213393211365,0.1940590739250183,0.10552175343036652
84,5096,0.22939781844615936,0.13316483795642853,0.18722546100616455,0.10671401768922806
84,5097,0.27755439281463623,0.16447676718235016,0.21401065587997437,0.13736675679683685
84,5098,0.2555042505264282,0.14348813891410828,0.22228354215621948,0.11551351845264435
84,5099,0.28976693749427795,0.16229857504367828,0.2535467743873596,0.13024821877479553
84,5100,0.2898145318031311,0.16709929704666138,0.2399766445159912,0.1336228996515274
85,5101,0.24344809353351593,0.13522809743881226,0.216311514377594,0.108476921916008
85,5102,0.21543188393115997,0.11735007911920547,0.19752734899520874,0.09535431861877441
85,5103,0.22571595013141632,0.1274757981300354,0.19317692518234253,0.10484686493873596
85,5104,0.25906985998153687,0.1468578428030014,0.22069352865219116,0.11967308819293976
85,5105,0.27223557233810425,0.15113839507102966,0.24078625440597534,0.12391330301761627
85,5106,0.2634239196777344,0.15102726221084595,0.21795976161956787,0.12606367468833923
85,5107,0.20433859527111053,0.11204247176647186,0.18471485376358032,0.09205096960067749
85,5108,0.25492948293685913,0.14414606988430023,0.21814203262329102,0.11763305962085724
85,5109,0.22209714353084564,0.12473033368587494,0.1915135383605957,0.10380695760250092
85,5110,0.24692986905574799,0.1372620016336441,0.22015976905822754,0.10801979899406433
85,5111,0.23155348002910614,0.1262456625699997,0.21215182542800903,0.10223543643951416
85,5112,0.2436111569404602,0.13619355857372284,0.21265757083892822,0.11177286505699158
85,5113,0.23531047999858856,0.13010308146476746,0.20909744501113892,0.10784205794334412
85,5114,0.2519926130771637,0.14174628257751465,0.21968698501586914,0.11185760796070099
85,5115,0.2628415822982788,0.1503644585609436,0.2187175154685974,0.12495048344135284
85,5116,0.23789727687835693,0.12442389130592346,0.23317986726760864,0.10100718587636948
85,5117,0.23846793174743652,0.1351766586303711,0.20463335514068604,0.1071896106004715
85,5118,0.2700817286968231,0.14989124238491058,0.2394058108329773,0.12214075028896332
85,5119,0.22640684247016907,0.12064331024885178,0.21389132738113403,0.1010349914431572
85,5120,0.2568526864051819,0.14940513670444489,0.20667827129364014,0.12388119101524353
85,5121,0.26097825169563293,0.15646395087242126,0.19589906930923462,0.1307733952999115
85,5122,0.24931283295154572,0.14167799055576324,0.21163225173950195,0.11490973830223083
85,5123,0.2937665283679962,0.1707753837108612,0.23979252576828003,0.135370671749115
85,5124,0.23886871337890625,0.1332094371318817,0.20999324321746826,0.10830983519554138
85,5125,0.23361483216285706,0.13139790296554565,0.20178860425949097,0.10750740766525269
85,5126,0.2075018733739853,0.11643113940954208,0.1805402636528015,0.09427319467067719
85,5127,0.23127864301204681,0.13082949817180634,0.19718116521835327,0.10788342356681824
85,5128,0.257130891084671,0.15101295709609985,0.20356124639511108,0.12346716225147247
85,5129,0.23895278573036194,0.13844019174575806,0.1943892240524292,0.11378450691699982
85,5130,0.2516745328903198,0.14706790447235107,0.20136070251464844,0.12031164765357971
85,5131,0.23217512667179108,0.12991033494472504,0.20463091135025024,0.1020621508359909
85,5132,0.2528429627418518,0.1424030214548111,0.2174031138420105,0.11739349365234375
85,5133,0.27260586619377136,0.1553846001625061,0.23476958274841309,0.11656714975833893
85,5134,0.23448732495307922,0.1321096420288086,0.20168781280517578,0.10851278156042099
85,5135,0.2632027566432953,0.15037715435028076,0.22025126218795776,0.12362547963857651
85,5136,0.22941845655441284,0.13212354481220245,0.18831878900527954,0.10983696579933167
85,5137,0.24070808291435242,0.13585366308689117,0.20697182416915894,0.11032852530479431
85,5138,0.20682381093502045,0.11796426773071289,0.17376816272735596,0.09676135331392288
85,5139,0.20265263319015503,0.1119193434715271,0.17972731590270996,0.09421184659004211
85,5140,0.29096347093582153,0.16239044070243835,0.2545633316040039,0.13373857736587524
85,5141,0.22523704171180725,0.12728072702884674,0.19188141822814941,0.1060187965631485
85,5142,0.23256468772888184,0.12175013870000839,0.2265278697013855,0.10101701319217682
85,5143,0.23179040849208832,0.133193701505661,0.19148892164230347,0.11000563204288483
85,5144,0.23020726442337036,0.1298029124736786,0.1984592080116272,0.10510334372520447
85,5145,0.25498318672180176,0.14244265854358673,0.2253907322883606,0.11192113906145096
85,5146,0.23112353682518005,0.12830615043640137,0.20448124408721924,0.10512442886829376
85,5147,0.24881498515605927,0.13641497492790222,0.2254711389541626,0.11105775833129883
85,5148,0.2471579611301422,0.14182156324386597,0.20479583740234375,0.11709031462669373
85,5149,0.22711914777755737,0.12269038707017899,0.21019595861434937,0.10175182670354843
85,5150,0.2501443922519684,0.14498209953308105,0.20224601030349731,0.12131938338279724
85,5151,0.24888940155506134,0.14453530311584473,0.2019517421722412,0.11786702275276184
85,5152,0.2764451205730438,0.16094987094402313,0.22153013944625854,0.134415864944458
85,5153,0.19938215613365173,0.11268102377653122,0.1696765422821045,0.09415251016616821
85,5154,0.2586748003959656,0.14082740247249603,0.23743164539337158,0.11437363922595978
85,5155,0.27585211396217346,0.1522105634212494,0.24708545207977295,0.12403686344623566
85,5156,0.24217955768108368,0.1365879625082016,0.20746058225631714,0.11303684860467911
85,5157,0.25904473662376404,0.14603003859519958,0.224395751953125,0.11628198623657227
85,5158,0.2735820412635803,0.1487647444009781,0.2509944438934326,0.12209764868021011
85,5159,0.263034462928772,0.15361614525318146,0.21108150482177734,0.12492859363555908
85,5160,0.25566524267196655,0.14459697902202606,0.21935594081878662,0.1166294664144516
86,5161,0.27111005783081055,0.15516959130764008,0.22893881797790527,0.12182474881410599
86,5162,0.23867924511432648,0.136818990111351,0.20009279251098633,0.10911571234464645
86,5163,0.2843536138534546,0.1662113517522812,0.22787541151046753,0.13496047258377075
86,5164,0.2659550607204437,0.15103335678577423,0.22756153345108032,0.11948540806770325
86,5165,0.24555571377277374,0.13657259941101074,0.21731555461883545,0.11028444766998291
86,5166,0.23817740380764008,0.13945017755031586,0.19161838293075562,0.11039932817220688
86,5167,0.21172474324703217,0.11878371983766556,0.18489480018615723,0.09491552412509918
86,5168,0.2351413518190384,0.12957057356834412,0.21306490898132324,0.10172402858734131
86,5169,0.238613560795784,0.1366458535194397,0.1983126997947693,0.11321310698986053
86,5170,0.2508309781551361,0.13680782914161682,0.22824907302856445,0.11361756920814514
86,5171,0.24217106401920319,0.12736037373542786,0.2359430193901062,0.10216733813285828
86,5172,0.2083117812871933,0.11242642998695374,0.19407367706298828,0.09127935767173767
86,5173,0.2591042220592499,0.14997181296348572,0.21258366107940674,0.12049470841884613
86,5174,0.2543594241142273,0.14672435820102692,0.2113875150680542,0.1154002994298935
86,5175,0.2794909179210663,0.14936351776123047,0.2693437933921814,0.11194945126771927
86,5176,0.21897706389427185,0.12746620178222656,0.17950576543807983,0.09854268282651901
86,5177,0.2589818239212036,0.15242141485214233,0.20439910888671875,0.12400387227535248
86,5178,0.25325247645378113,0.136447012424469,0.23850977420806885,0.1070077195763588
86,5179,0.24756939709186554,0.13672834634780884,0.22441059350967407,0.10538403689861298
86,5180,0.22985370457172394,0.13574033975601196,0.18195891380310059,0.10664904117584229
86,5181,0.2924509644508362,0.17184461653232574,0.23217910528182983,0.13867345452308655
86,5182,0.28930506110191345,0.17219211161136627,0.22483950853347778,0.13588571548461914
86,5183,0.23705175518989563,0.13513173162937164,0.2034781575202942,0.10264382511377335
86,5184,0.24599000811576843,0.14037522673606873,0.20629525184631348,0.11548341810703278
86,5185,0.2336120903491974,0.13173164427280426,0.20133525133132935,0.10673171281814575
86,5186,0.21938182413578033,0.12484264373779297,0.18584293127059937,0.10100998729467392
86,5187,0.28313329815864563,0.15959344804286957,0.2485133409500122,0.12067264318466187
86,5188,0.27321428060531616,0.1559186726808548,0.237091064453125,0.11229586601257324
86,5189,0.22071249783039093,0.11993082612752914,0.20413905382156372,0.0956302061676979
86,5190,0.2242393046617508,0.12976284325122833,0.18454623222351074,0.10328985750675201
86,5191,0.22254426777362823,0.12427445501089096,0.19692325592041016,0.09750255942344666
86,5192,0.2860226631164551,0.157862588763237,0.2594175934791565,0.1219651848077774
86,5193,0.23116348683834076,0.12855450809001923,0.20556575059890747,0.10191340744495392
86,5194,0.2414223700761795,0.13693605363368988,0.20587635040283203,0.11067888140678406
86,5195,0.23651115596294403,0.13056161999702454,0.21327227354049683,0.10320310294628143
86,5196,0.2219933569431305,0.11981309950351715,0.2068505883216858,0.09720012545585632
86,5197,0.28411751985549927,0.15891306102275848,0.2494668960571289,0.12708836793899536
86,5198,0.2375834435224533,0.13575130701065063,0.1993626356124878,0.11043542623519897
86,5199,0.24608682096004486,0.13536043465137482,0.224714994430542,0.10420195758342743
86,5200,0.2765764594078064,0.15526753664016724,0.24141830205917358,0.12370802462100983
86,5201,0.24122492969036102,0.13279572129249573,0.2175169587135315,0.10711215436458588
86,5202,0.23532989621162415,0.1377977579832077,0.1880272626876831,0.11160609126091003
86,5203,0.250474750995636,0.1345067173242569,0.23766452074050903,0.10451114177703857
86,5204,0.22570087015628815,0.12401372939348221,0.20447313785552979,0.09948943555355072
86,5205,0.22559042274951935,0.1287679225206375,0.18877512216567993,0.10656227171421051
86,5206,0.26055991649627686,0.1421136111021042,0.23998796939849854,0.11225561797618866
86,5207,0.2558434009552002,0.14808034896850586,0.2089545726776123,0.12090606987476349
86,5208,0.25889918208122253,0.14204467833042145,0.23389309644699097,0.1164863109588623
86,5209,0.2743278443813324,0.16220565140247345,0.21584993600845337,0.12891116738319397
86,5210,0.24167396128177643,0.13761302828788757,0.2040494680404663,0.11220566928386688
86,5211,0.23873938620090485,0.13387317955493927,0.20679378509521484,0.110743448138237
86,5212,0.23758564889431,0.13191042840480804,0.21184706687927246,0.10468192398548126
86,5213,0.24008940160274506,0.14038564264774323,0.19086211919784546,0.11679457128047943
86,5214,0.2412927895784378,0.14226695895195007,0.19173157215118408,0.11166591942310333
86,5215,0.2640719413757324,0.14938119053840637,0.22500306367874146,0.12344764173030853
86,5216,0.2096969336271286,0.11557140201330185,0.18909692764282227,0.09243378043174744
86,5217,0.24709276854991913,0.1460837572813034,0.19369202852249146,0.1176609992980957
86,5218,0.1923746019601822,0.10741544514894485,0.1679525375366211,0.0888906866312027
86,5219,0.26571741700172424,0.156381756067276,0.21050477027893066,0.12566882371902466
86,5220,0.23031404614448547,0.1276623159646988,0.20425325632095337,0.10475217550992966
87,5221,0.2763487696647644,0.1597089022397995,0.22494930028915405,0.13330069184303284
87,5222,0.2986823618412018,0.17352080345153809,0.24372589588165283,0.13835597038269043
87,5223,0.266040176153183,0.1508753001689911,0.22606152296066284,0.12370134890079498
87,5224,0.23829957842826843,0.13401319086551666,0.20554351806640625,0.11034490168094635
87,5225,0.22483772039413452,0.1262749284505844,0.19422680139541626,0.10436033457517624
87,5226,0.23541846871376038,0.13560841977596283,0.19532787799835205,0.10839450359344482
87,5227,0.22062964737415314,0.1264423131942749,0.18364626169204712,0.10364411771297455
87,5228,0.26738014817237854,0.14974743127822876,0.23386621475219727,0.12043121457099915
87,5229,0.2222241908311844,0.12663604319095612,0.18716293573379517,0.10361488163471222
87,5230,0.2066141664981842,0.11423074454069138,0.1859884262084961,0.08994024991989136
87,5231,0.25309717655181885,0.14306694269180298,0.21559250354766846,0.11896616965532303
87,5232,0.2117815613746643,0.11433885246515274,0.1978716254234314,0.09147034585475922
87,5233,0.2683980166912079,0.15384994447231293,0.2230331301689148,0.126674085855484
87,5234,0.25118181109428406,0.14314092695713043,0.21212929487228394,0.11594583094120026
87,5235,0.24410143494606018,0.1398085057735443,0.20398682355880737,0.1134909987449646
87,5236,0.2609817683696747,0.1458350121974945,0.22844165563583374,0.11885051429271698
87,5237,0.21547414362430573,0.12508700788021088,0.1750968098640442,0.10174205899238586
87,5238,0.22931227087974548,0.1321856826543808,0.18903106451034546,0.10757078975439072
87,5239,0.2635003626346588,0.14561481773853302,0.23592615127563477,0.11757539212703705
87,5240,0.20719769597053528,0.1170874834060669,0.17795836925506592,0.09463432431221008
87,5241,0.206060528755188,0.11632703244686127,0.17627465724945068,0.09611812233924866
87,5242,0.22185099124908447,0.12020626664161682,0.20536309480667114,0.09749740362167358
87,5243,0.3006250858306885,0.17665359377861023,0.23704898357391357,0.1457594931125641
87,5244,0.22088681161403656,0.1269419640302658,0.18336272239685059,0.10299884527921677
87,5245,0.21211253106594086,0.11540910601615906,0.19533008337020874,0.09285697340965271
87,5246,0.23929792642593384,0.13525009155273438,0.20522582530975342,0.1097874790430069
87,5247,0.27559393644332886,0.1556975394487381,0.23740601539611816,0.12466998398303986
87,5248,0.28085047006607056,0.15715301036834717,0.24696063995361328,0.12456591427326202
87,5249,0.2363901138305664,0.133666530251503,0.2008826732635498,0.11185257136821747
87,5250,0.26315656304359436,0.14471524953842163,0.2364407777786255,0.11932504177093506
87,5251,0.24787664413452148,0.1397208571434021,0.21183598041534424,0.11710692197084427
87,5252,0.2216363102197647,0.12488637864589691,0.19217926263809204,0.0993911400437355
87,5253,0.269672155380249,0.14828380942344666,0.24583107233047485,0.11527951806783676
87,5254,0.22195854783058167,0.122464120388031,0.19870209693908691,0.10006794333457947
87,5255,0.24533632397651672,0.1340067982673645,0.2233629822731018,0.10992172360420227
87,5256,0.23393170535564423,0.13369324803352356,0.1961357593536377,0.10892070829868317
87,5257,0.21175061166286469,0.11842548847198486,0.18497633934020996,0.0966728925704956
87,5258,0.26032862067222595,0.14634943008422852,0.22544145584106445,0.11901300400495529
87,5259,0.25208717584609985,0.13956129550933838,0.2261430025100708,0.11034335196018219
87,5260,0.2778106927871704,0.16206154227256775,0.2228391170501709,0.13306748867034912
87,5261,0.2745060324668884,0.1594075858592987,0.22412461042404175,0.12724289298057556
87,5262,0.23758377134799957,0.13621453940868378,0.19795554876327515,0.11093504726886749
87,5263,0.26159000396728516,0.15011067688465118,0.2194613814353943,0.11847396939992905
87,5264,0.2587689459323883,0.15307781100273132,0.20085787773132324,0.12673991918563843
87,5265,0.27493149042129517,0.14867477118968964,0.25382745265960693,0.1236286461353302
87,5266,0.2272505909204483,0.12651000916957855,0.20062488317489624,0.10245317220687866
87,5267,0.26012730598449707,0.1445072740316391,0.23041832447052002,0.11726349592208862
87,5268,0.24866236746311188,0.13769082725048065,0.22251051664352417,0.10983666777610779
87,5269,0.23757082223892212,0.13587304949760437,0.20060986280441284,0.10726916790008545
87,5270,0.2187189906835556,0.11883475631475449,0.20180881023406982,0.09580349177122116
87,5271,0.2441968023777008,0.13691438734531403,0.21182376146316528,0.11276452243328094
87,5272,0.251116544008255,0.1415734440088272,0.21728503704071045,0.11314541101455688
87,5273,0.23441752791404724,0.13209062814712524,0.2053552269935608,0.10092407464981079
87,5274,0.2179611176252365,0.11863010376691818,0.20037841796875,0.09589818865060806
87,5275,0.22951874136924744,0.1302727311849594,0.19751101732254028,0.10120804607868195
87,5276,0.233137309551239,0.1309451460838318,0.2009558081626892,0.1090492382645607
87,5277,0.23942820727825165,0.1353958696126938,0.20795488357543945,0.10425186902284622
87,5278,0.22645054757595062,0.13108208775520325,0.18500900268554688,0.10682424157857895
87,5279,0.2312842458486557,0.13414378464221954,0.18931245803833008,0.10707744210958481
87,5280,0.23579953610897064,0.13149377703666687,0.20825427770614624,0.1050201952457428
88,5281,0.2544008195400238,0.14630381762981415,0.21115940809249878,0.11816620081663132
88,5282,0.2378511279821396,0.13170695304870605,0.21165722608566284,0.10740645229816437
88,5283,0.20899789035320282,0.11936859786510468,0.1760251522064209,0.09609618782997131
88,5284,0.21153242886066437,0.11975913494825363,0.18146121501922607,0.09594402462244034
88,5285,0.24114860594272614,0.13624674081802368,0.2057982087135315,0.11291287839412689
88,5286,0.27232471108436584,0.15705688297748566,0.22256946563720703,0.13120028376579285
88,5287,0.2450002133846283,0.14504487812519073,0.19792866706848145,0.10391934216022491
88,5288,0.2818911075592041,0.1675661951303482,0.2194070816040039,0.13281050324440002
88,5289,0.2519892156124115,0.14449870586395264,0.20960509777069092,0.11824237555265427
88,5290,0.2456250637769699,0.1433502584695816,0.19970035552978516,0.1119733601808548
88,5291,0.2732428312301636,0.1554642915725708,0.2369261384010315,0.11504039913415909
88,5292,0.25493359565734863,0.14793987572193146,0.2087213397026062,0.11752595007419586
88,5293,0.25816744565963745,0.13724330067634583,0.24963396787643433,0.10535271465778351
88,5294,0.23146800696849823,0.12082498520612717,0.22806620597839355,0.09708273410797119
88,5295,0.23224052786827087,0.12995599210262299,0.2023380994796753,0.10674649477005005
88,5296,0.20126184821128845,0.11142503470182419,0.18109512329101562,0.08699382841587067
88,5297,0.23613998293876648,0.13287998735904694,0.206595778465271,0.10310842096805573
88,5298,0.22129395604133606,0.12399238348007202,0.19363373517990112,0.09924042224884033
88,5299,0.2307172566652298,0.13064880669116974,0.19777148962020874,0.10479927808046341
88,5300,0.2586626410484314,0.1476118266582489,0.22219568490982056,0.11086273193359375
88,5301,0.25070619583129883,0.14133203029632568,0.2158757448196411,0.11511940509080887
88,5302,0.27328231930732727,0.16230419278144836,0.21179145574569702,0.1313076615333557
88,5303,0.2300533950328827,0.13446450233459473,0.18389612436294556,0.1101522371172905
88,5304,0.2900937795639038,0.16286712884902954,0.25217002630233765,0.13179320096969604
88,5305,0.22710469365119934,0.12589725852012634,0.2028961181640625,0.10024489462375641
88,5306,0.22205911576747894,0.11980006843805313,0.20844662189483643,0.09440198540687561
88,5307,0.22087833285331726,0.11952491849660873,0.20419162511825562,0.09838378429412842
88,5308,0.2350148856639862,0.1300307661294937,0.20926201343536377,0.10639654099941254
88,5309,0.2522980868816376,0.13935288786888123,0.2270095944404602,0.11070683598518372
88,5310,0.2521776258945465,0.1381712704896927,0.232837975025177,0.1043558269739151
88,5311,0.21351659297943115,0.12380260974168777,0.17395389080047607,0.10066214203834534
88,5312,0.26687321066856384,0.1588056981563568,0.20474183559417725,0.13085386157035828
88,5313,0.24053612351417542,0.13695277273654938,0.20259636640548706,0.11272397637367249
88,5314,0.23237718641757965,0.1284451186656952,0.20761752128601074,0.1044253334403038
88,5315,0.23996789753437042,0.13423895835876465,0.2097722291946411,0.10910029709339142
88,5316,0.22341062128543854,0.12509679794311523,0.19464004039764404,0.10228903591632843
88,5317,0.22283321619033813,0.12261385470628738,0.2013811469078064,0.09833458065986633
88,5318,0.24654459953308105,0.13751459121704102,0.21611469984054565,0.11292063444852829
88,5319,0.2279890924692154,0.12477294355630875,0.2062026858329773,0.10367532074451447
88,5320,0.22159865498542786,0.12599100172519684,0.18761920928955078,0.10279984772205353
88,5321,0.2678547501564026,0.14888642728328705,0.23712188005447388,0.12059792876243591
88,5322,0.22826093435287476,0.13232803344726562,0.18438631296157837,0.11089194566011429
88,5323,0.23424436151981354,0.13482841849327087,0.1930912733078003,0.11089718341827393
88,5324,0.2696419060230255,0.15558655560016632,0.22224289178848267,0.12579096853733063
88,5325,0.23129156231880188,0.1265881359577179,0.21275043487548828,0.09801627695560455
88,5326,0.22903314232826233,0.1222669780254364,0.21755486726760864,0.09872105717658997
88,5327,0.2567286789417267,0.14475753903388977,0.22110390663146973,0.11764781177043915
88,5328,0.2533058226108551,0.13541807234287262,0.24021083116531372,0.10901704430580139
88,5329,0.22054456174373627,0.11879323422908783,0.20669162273406982,0.09537342190742493
88,5330,0.26583555340766907,0.14923560619354248,0.23104172945022583,0.12091626226902008
88,5331,0.24028337001800537,0.13723672926425934,0.19976776838302612,0.11569768190383911
88,5332,0.2393353432416916,0.1324780434370041,0.21471118927001953,0.10486416518688202
88,5333,0.21497848629951477,0.11813205480575562,0.19360405206680298,0.09702397137880325
88,5334,0.22962595522403717,0.12678569555282593,0.2063206434249878,0.10155998915433884
88,5335,0.19065886735916138,0.10092462599277496,0.18248581886291504,0.08369950950145721
88,5336,0.22150349617004395,0.11914832890033722,0.20691043138504028,0.09795498847961426
88,5337,0.23823001980781555,0.13737276196479797,0.1944628357887268,0.11536060273647308
88,5338,0.26579996943473816,0.1551571935415268,0.2148900032043457,0.12343394756317139
88,5339,0.3038817048072815,0.17941074073314667,0.2396731972694397,0.14300844073295593
88,5340,0.2453993707895279,0.13795410096645355,0.21204853057861328,0.11312925815582275
89,5341,0.25748416781425476,0.14254428446292877,0.2303665280342102,0.11396627873182297
89,5342,0.26326772570610046,0.14806511998176575,0.22607558965682983,0.12386190891265869
89,5343,0.21292530000209808,0.11943347752094269,0.1856468915939331,0.09616531431674957
89,5344,0.19288216531276703,0.1121567040681839,0.15708589553833008,0.08945545554161072
89,5345,0.2474949061870575,0.13615325093269348,0.22322672605514526,0.11025480926036835
89,5346,0.24572184681892395,0.13452935218811035,0.22250723838806152,0.11094792187213898
89,5347,0.22610773146152496,0.12546172738075256,0.19955265522003174,0.10412468016147614
89,5348,0.2962074875831604,0.164113387465477,0.26951318979263306,0.1214442104101181
89,5349,0.25400620698928833,0.14643359184265137,0.20889633893966675,0.12007050216197968
89,5350,0.24332894384860992,0.1348298341035843,0.21695393323898315,0.10858763754367828
89,5351,0.25791487097740173,0.1412748098373413,0.2337668538093567,0.11566656082868576
89,5352,0.24581964313983917,0.1404353827238083,0.2073003053665161,0.11232072114944458
89,5353,0.2653694152832031,0.15283431112766266,0.2193349003791809,0.12400573492050171
89,5354,0.22913344204425812,0.1297273337841034,0.19586700201034546,0.1052965521812439
89,5355,0.2771354615688324,0.14685338735580444,0.26802247762680054,0.1153654009103775
89,5356,0.22544611990451813,0.1291818469762802,0.18744343519210815,0.10643447190523148
89,5357,0.23582059144973755,0.1346801519393921,0.19669479131698608,0.11231257021427155
89,5358,0.24312840402126312,0.1298820823431015,0.229766845703125,0.10669787228107452
89,5359,0.24919918179512024,0.14364102482795715,0.20300740003585815,0.12177598476409912
89,5360,0.24797837436199188,0.14283064007759094,0.20703125,0.11167614161968231
89,5361,0.23132112622261047,0.12472394853830338,0.21698367595672607,0.09901849925518036
89,5362,0.24418777227401733,0.13948513567447662,0.2046094536781311,0.11429429799318314
89,5363,0.22377537190914154,0.13041332364082336,0.18008041381835938,0.10664939135313034
89,5364,0.24384738504886627,0.13118650019168854,0.22776085138320923,0.10778272151947021
89,5365,0.21787001192569733,0.12543714046478271,0.1793133020401001,0.10353773087263107
89,5366,0.27258917689323425,0.1544429212808609,0.23310810327529907,0.12451513111591339
89,5367,0.2294643223285675,0.1320658028125763,0.1883421540260315,0.11030825972557068
89,5368,0.2773415744304657,0.16030055284500122,0.22745943069458008,0.13028618693351746
89,5369,0.22534795105457306,0.1266273558139801,0.19432467222213745,0.10495354235172272
89,5370,0.26003700494766235,0.1432161182165146,0.23367995023727417,0.11674445867538452
89,5371,0.2729690372943878,0.1610470712184906,0.21360033750534058,0.13240918517112732
89,5372,0.2788626253604889,0.16351215541362762,0.2219509482383728,0.13285043835639954
89,5373,0.23596157133579254,0.1332739293575287,0.2074071168899536,0.09862403571605682
89,5374,0.22491344809532166,0.13081930577754974,0.18154674768447876,0.10737714171409607
89,5375,0.22742308676242828,0.128827303647995,0.19458729028701782,0.10380430519580841
89,5376,0.2786632478237152,0.16144821047782898,0.22625070810317993,0.1335737258195877
89,5377,0.2682584226131439,0.1499737948179245,0.2336674928665161,0.12408821284770966
89,5378,0.24281468987464905,0.14191803336143494,0.19365495443344116,0.11717337369918823
89,5379,0.21028846502304077,0.1185038760304451,0.18044865131378174,0.09802564978599548
89,5380,0.24590161442756653,0.1429959088563919,0.1979936957359314,0.11854112148284912
89,5381,0.24894419312477112,0.1311311572790146,0.24136704206466675,0.10633113980293274
89,5382,0.24705803394317627,0.13461433351039886,0.22901850938796997,0.1041814312338829
89,5383,0.26743099093437195,0.15386171638965607,0.2218760848045349,0.12409420311450958
89,5384,0.20593060553073883,0.11118078976869583,0.19010436534881592,0.09354034811258316
89,5385,0.2409757375717163,0.13797226548194885,0.20114046335220337,0.11273634433746338
89,5386,0.2742454707622528,0.1594751477241516,0.2239990234375,0.12585362792015076
89,5387,0.23197099566459656,0.12483922392129898,0.21825534105300903,0.09914819151163101
89,5388,0.24933794140815735,0.14399835467338562,0.2043743133544922,0.11794927716255188
89,5389,0.23492330312728882,0.13311722874641418,0.2006053328514099,0.10781972855329514
89,5390,0.22466589510440826,0.11975840479135513,0.21398699283599854,0.0965634435415268
89,5391,0.21590904891490936,0.11694470047950745,0.1997317671775818,0.09535820037126541
89,5392,0.2728741765022278,0.15408426523208618,0.23357880115509033,0.12679192423820496
89,5393,0.24803617596626282,0.137137770652771,0.22174042463302612,0.11101111024618149
89,5394,0.24736475944519043,0.13973118364810944,0.21219348907470703,0.11378097534179688
89,5395,0.25472044944763184,0.14706724882125854,0.20784282684326172,0.12258036434650421
89,5396,0.26413795351982117,0.15448825061321259,0.20926761627197266,0.1297132819890976
89,5397,0.23696140944957733,0.12946845591068268,0.21611160039901733,0.10524161159992218
89,5398,0.22115282714366913,0.1241050437092781,0.19316112995147705,0.09891665726900101
89,5399,0.22554869949817657,0.1302921324968338,0.187272310256958,0.10173821449279785
89,5400,0.20434117317199707,0.11352182179689407,0.1806126832962036,0.09287137538194656
90,5401,0.21195703744888306,0.1180339977145195,0.18798524141311646,0.09364470839500427
90,5402,0.24957914650440216,0.14547191560268402,0.20567309856414795,0.1091899424791336
90,5403,0.23223933577537537,0.13061127066612244,0.20142406225204468,0.1052921786904335
90,5404,0.24340981245040894,0.14250050485134125,0.19387292861938477,0.11680068075656891
90,5405,0.25441282987594604,0.13851450383663177,0.23206079006195068,0.11537005007266998
90,5406,0.22333230078220367,0.12819480895996094,0.18596744537353516,0.10375256836414337
90,5407,0.22302405536174774,0.12440430372953415,0.19496476650238037,0.10316922515630722
90,5408,0.225722074508667,0.13312393426895142,0.17641007900238037,0.11017054319381714
90,5409,0.2817605137825012,0.15807147324085236,0.24411547183990479,0.13021430373191833
90,5410,0.20773859322071075,0.11831243336200714,0.1748175024986267,0.09749582409858704
90,5411,0.2495867908000946,0.14486779272556305,0.20313125848770142,0.11733248829841614
90,5412,0.21490857005119324,0.12117854505777359,0.1852332353591919,0.09818362444639206
90,5413,0.21438023447990417,0.12132782489061356,0.1842615008354187,0.09673907607793808
90,5414,0.2203783392906189,0.12651848793029785,0.18205225467681885,0.10519471764564514
90,5415,0.2511443495750427,0.14075258374214172,0.21838271617889404,0.1151934415102005
90,5416,0.23357531428337097,0.13322439789772034,0.19638192653656006,0.10899066925048828
90,5417,0.25237715244293213,0.14563821256160736,0.20469039678573608,0.12431386113166809
90,5418,0.27723219990730286,0.1576976776123047,0.23831689357757568,0.12103891372680664
90,5419,0.2343996912240982,0.13341088593006134,0.19775962829589844,0.10942479968070984
90,5420,0.2325427234172821,0.12696592509746552,0.21344316005706787,0.10099771618843079
90,5421,0.22135823965072632,0.12176555395126343,0.19923031330108643,0.09950277209281921
90,5422,0.28233954310417175,0.16407422721385956,0.22733110189437866,0.13666433095932007
90,5423,0.24695172905921936,0.14079155027866364,0.20708400011062622,0.1166328638792038
90,5424,0.27075621485710144,0.15132059156894684,0.2378453016281128,0.1214875876903534
90,5425,0.2494989037513733,0.13833901286125183,0.22274237871170044,0.11031466722488403
90,5426,0.21712400019168854,0.12560032308101654,0.1774156093597412,0.10278715193271637
90,5427,0.24098113179206848,0.13169988989830017,0.2204117774963379,0.10558263957500458
90,5428,0.22567228972911835,0.13267022371292114,0.17871218919754028,0.10758590698242188
90,5429,0.2315104901790619,0.12874360382556915,0.2047458291053772,0.10434280335903168
90,5430,0.2915014922618866,0.15980282425880432,0.26518863439559937,0.1281159520149231
90,5431,0.23941747844219208,0.14057496190071106,0.1881791353225708,0.11785422265529633
90,5432,0.2112458497285843,0.12012483179569244,0.17744308710098267,0.10071898251771927
90,5433,0.26042941212654114,0.15046052634716034,0.21215730905532837,0.12552981078624725
90,5434,0.2453920841217041,0.13989083468914032,0.20605945587158203,0.11538729071617126
90,5435,0.23742267489433289,0.1329663097858429,0.2069219946861267,0.10843780636787415
90,5436,0.2659151256084442,0.1531871259212494,0.2177230715751648,0.12819382548332214
90,5437,0.24424372613430023,0.13723020255565643,0.21138519048690796,0.11229725182056427
90,5438,0.2622135579586029,0.15030691027641296,0.21850144863128662,0.12253037095069885
90,5439,0.21787549555301666,0.12819106876850128,0.1710454821586609,0.10633118450641632
90,5440,0.22352267801761627,0.13072247803211212,0.17817354202270508,0.10765397548675537
90,5441,0.2593218684196472,0.15234751999378204,0.20297199487686157,0.12892773747444153
90,5442,0.2314654439687729,0.12560738623142242,0.21438050270080566,0.10052929818630219
90,5443,0.27962741255760193,0.16537629067897797,0.22235554456710815,0.12654449045658112
90,5444,0.22290125489234924,0.1212630420923233,0.20515000820159912,0.09789110720157623
90,5445,0.2408498227596283,0.13929829001426697,0.19668728113174438,0.11438311636447906
90,5446,0.24956776201725006,0.1370084285736084,0.22525888681411743,0.11227880418300629
90,5447,0.23735496401786804,0.1327764093875885,0.2065105438232422,0.10987162590026855
90,5448,0.21982961893081665,0.12520965933799744,0.185003399848938,0.10309292376041412
90,5449,0.23549315333366394,0.13281774520874023,0.20262449979782104,0.10812805593013763
90,5450,0.232680544257164,0.12880156934261322,0.20689880847930908,0.10559731721878052
90,5451,0.24504418671131134,0.1368911862373352,0.2140304446220398,0.11270414292812347
90,5452,0.21703742444515228,0.11739414185285568,0.20256906747817993,0.09307823330163956
90,5453,0.24685432016849518,0.1442948430776596,0.1971909999847412,0.11841544508934021
90,5454,0.24365337193012238,0.12833966314792633,0.23706096410751343,0.10244661569595337
90,5455,0.23752102255821228,0.13606631755828857,0.198466956615448,0.11033958196640015
90,5456,0.2183072715997696,0.11896917223930359,0.1993798017501831,0.0979308933019638
90,5457,0.24021680653095245,0.11958270519971848,0.2528073787689209,0.09755576401948929
90,5458,0.27204352617263794,0.15494655072689056,0.22989261150360107,0.1256996989250183
90,5459,0.25704053044319153,0.14339236915111542,0.22739213705062866,0.11345651745796204
90,5460,0.2532104253768921,0.14140096306800842,0.22220736742019653,0.1146325021982193
91,5461,0.20361095666885376,0.11372342705726624,0.17783749103546143,0.09376266598701477
91,5462,0.28025123476982117,0.15478987991809845,0.250948965549469,0.12540893256664276
91,5463,0.23150818049907684,0.1360304355621338,0.18143969774246216,0.11450928449630737
91,5464,0.20510157942771912,0.11553104966878891,0.17614048719406128,0.09557166695594788
91,5465,0.33395621180534363,0.19126780331134796,0.278448224067688,0.15654566884040833
91,5466,0.2297610342502594,0.1290101259946823,0.2019810676574707,0.09979240596294403
91,5467,0.22614148259162903,0.12444032728672028,0.2049965262413025,0.09851279854774475
91,5468,0.22797437012195587,0.12848123908042908,0.1964714527130127,0.10452276468276978
91,5469,0.20242951810359955,0.10947206616401672,0.18825078010559082,0.08828575909137726
91,5470,0.20610731840133667,0.11589629203081131,0.17760711908340454,0.09584081172943115
91,5471,0.27253687381744385,0.15325652062892914,0.23708468675613403,0.12223237752914429
91,5472,0.22853969037532806,0.1274283528327942,0.20104873180389404,0.10345923155546188
91,5473,0.220406636595726,0.12326899915933609,0.19296765327453613,0.09975294768810272
91,5474,0.27814552187919617,0.15106837451457977,0.2578532099723816,0.11967924237251282
91,5475,0.2428605556488037,0.13826195895671844,0.20583128929138184,0.11133041232824326
91,5476,0.2411039173603058,0.1296607255935669,0.22501307725906372,0.10718978941440582
91,5477,0.25150901079177856,0.138774111866951,0.22521013021469116,0.11325425654649734
91,5478,0.22728584706783295,0.13144777715206146,0.18687504529953003,0.10544024407863617
91,5479,0.24733662605285645,0.14920596778392792,0.18455469608306885,0.12154388427734375
91,5480,0.24023669958114624,0.1344817578792572,0.20949584245681763,0.10978299379348755
91,5481,0.23259419202804565,0.1277344524860382,0.21027296781539917,0.1037527471780777
91,5482,0.2590692937374115,0.14040696620941162,0.24006348848342896,0.11318463087081909
91,5483,0.21835052967071533,0.12030073255300522,0.1955258846282959,0.09919719398021698
91,5484,0.2355501651763916,0.13389326632022858,0.19904261827468872,0.11019933223724365
91,5485,0.23703806102275848,0.1357116997241974,0.19768112897872925,0.11126959323883057
91,5486,0.24770480394363403,0.14273002743721008,0.20452946424484253,0.1158149391412735
91,5487,0.25485891103744507,0.13936187326908112,0.23180407285690308,0.11387701332569122
91,5488,0.24003851413726807,0.13206136226654053,0.21671295166015625,0.10645988583564758
91,5489,0.25047242641448975,0.13645504415035248,0.2303926944732666,0.10930153727531433
91,5490,0.24896648526191711,0.1386999934911728,0.21886307001113892,0.1136062890291214
91,5491,0.23367340862751007,0.1304316371679306,0.2049483060836792,0.10631227493286133
91,5492,0.24946527183055878,0.14459237456321716,0.20260536670684814,0.11915378272533417
91,5493,0.2637443542480469,0.15197651088237762,0.21678894758224487,0.12526127696037292
91,5494,0.23668253421783447,0.13932561874389648,0.1871964931488037,0.11239153891801834
91,5495,0.242168590426445,0.1372223198413849,0.205841064453125,0.11304923892021179
91,5496,0.2529277801513672,0.1431574672460556,0.2165055274963379,0.11584053188562393
91,5497,0.23416349291801453,0.13562488555908203,0.19236540794372559,0.10796217620372772
91,5498,0.27120959758758545,0.15296036005020142,0.23359888792037964,0.12404847890138626
91,5499,0.24166113138198853,0.13754016160964966,0.20304638147354126,0.11451205611228943
91,5500,0.2417571246623993,0.13554276525974274,0.2105616331100464,0.1099485531449318
91,5501,0.2565194368362427,0.14740589261054993,0.21289891004562378,0.1197698712348938
91,5502,0.21614620089530945,0.1261080503463745,0.17312443256378174,0.1039418876171112
91,5503,0.290480375289917,0.16545508801937103,0.24417906999588013,0.1367681920528412
91,5504,0.26868221163749695,0.15340577065944672,0.225225567817688,0.1259309947490692
91,5505,0.21808211505413055,0.1227550134062767,0.18769097328186035,0.10125353932380676
91,5506,0.23943640291690826,0.1360892951488495,0.20404070615768433,0.10865414142608643
91,5507,0.23500405251979828,0.12949568033218384,0.21097511053085327,0.10559163242578506
91,5508,0.2738186717033386,0.1562792956829071,0.23099201917648315,0.12571290135383606
91,5509,0.2725723683834076,0.16017021238803864,0.21566557884216309,0.13067956268787384
91,5510,0.23736748099327087,0.13488616049289703,0.19974017143249512,0.112926185131073
91,5511,0.22624975442886353,0.12363091111183167,0.20585781335830688,0.10137854516506195
91,5512,0.22702349722385406,0.12615177035331726,0.20171618461608887,0.10092625021934509
91,5513,0.21747291088104248,0.11902734637260437,0.19729876518249512,0.09763030707836151
91,5514,0.2749176621437073,0.15782776474952698,0.23040246963500977,0.12464447319507599
91,5515,0.23063531517982483,0.1252240538597107,0.21162980794906616,0.10379675030708313
91,5516,0.251849889755249,0.14709842205047607,0.20183438062667847,0.12008853256702423
91,5517,0.23938368260860443,0.13738806545734406,0.1985260248184204,0.11292597651481628
91,5518,0.23001258075237274,0.13093052804470062,0.19420504570007324,0.1070002019405365
91,5519,0.20085550844669342,0.1099560335278511,0.18113774061203003,0.09222185611724854
91,5520,0.24600845575332642,0.1332176923751831,0.22647732496261597,0.11099918186664581
92,5521,0.25119510293006897,0.14364343881607056,0.20946639776229858,0.11882545799016953
92,5522,0.23424342274665833,0.13537552952766418,0.19186633825302124,0.11060680449008942
92,5523,0.2486046850681305,0.146766796708107,0.19571208953857422,0.11776521801948547
92,5524,0.2965942323207855,0.1730518341064453,0.2382994294166565,0.14111316204071045
92,5525,0.224508598446846,0.12451997399330139,0.19919288158416748,0.10155730694532394
92,5526,0.24856407940387726,0.1393047422170639,0.21540749073028564,0.11548168212175369
92,5527,0.2447947859764099,0.1392335742712021,0.2063974142074585,0.11501120030879974
92,5528,0.24383355677127838,0.13881652057170868,0.20538246631622314,0.1143202930688858
92,5529,0.22842435538768768,0.12496806681156158,0.20876353979110718,0.09975438565015793
92,5530,0.25064370036125183,0.13481241464614868,0.23367083072662354,0.11181476712226868
92,5531,0.22317123413085938,0.12812525033950806,0.18467897176742554,0.10587199032306671
92,5532,0.25096866488456726,0.1369221806526184,0.22932779788970947,0.11157682538032532
92,5533,0.1950788050889969,0.10629488527774811,0.1792759895324707,0.08536766469478607
92,5534,0.2188035547733307,0.12231582403182983,0.190057635307312,0.10232336819171906
92,5535,0.22489097714424133,0.12160716950893402,0.2077135443687439,0.10099196434020996
92,5536,0.21172690391540527,0.12061868607997894,0.17940789461135864,0.09672529995441437
92,5537,0.22054463624954224,0.12078063935041428,0.1994858980178833,0.09984824061393738
92,5538,0.23254568874835968,0.13186763226985931,0.19884800910949707,0.10569432377815247
92,5539,0.23894354701042175,0.13829609751701355,0.19559836387634277,0.11204051226377487
92,5540,0.19291384518146515,0.10246845334768295,0.18385589122772217,0.08451515436172485
92,5541,0.2799578011035919,0.1626487672328949,0.22777903079986572,0.13098695874214172
92,5542,0.2565212845802307,0.146921768784523,0.2148197889328003,0.11835800111293793
92,5543,0.24191229045391083,0.13654913008213043,0.20802170038223267,0.11077241599559784
92,5544,0.23114725947380066,0.1320784091949463,0.19656479358673096,0.10221463441848755
92,5545,0.25496912002563477,0.14271655678749084,0.2217736840248108,0.11771538853645325
92,5546,0.2554737329483032,0.15068428218364716,0.2011546492576599,0.12163791060447693
92,5547,0.2562660872936249,0.14286097884178162,0.22543352842330933,0.11615845561027527
92,5548,0.22322186827659607,0.12448883801698685,0.19447845220565796,0.1047082394361496
92,5549,0.20150226354599,0.11002380400896072,0.1829838752746582,0.09142458438873291
92,5550,0.2354750782251358,0.1296265423297882,0.21146118640899658,0.10632030665874481
92,5551,0.31692367792129517,0.18252630531787872,0.2617783546447754,0.14843009412288666
92,5552,0.22801946103572845,0.13150759041309357,0.1864451766014099,0.1096690446138382
92,5553,0.22372877597808838,0.12765321135520935,0.18804031610488892,0.10429717600345612
92,5554,0.29327401518821716,0.16818347573280334,0.24432092905044556,0.13681089878082275
92,5555,0.21941858530044556,0.12423644959926605,0.18596625328063965,0.10397819429636002
92,5556,0.2679702043533325,0.15715035796165466,0.2117534875869751,0.13059234619140625
92,5557,0.21963685750961304,0.12300996482372284,0.1927890181541443,0.09755641222000122
92,5558,0.21726608276367188,0.11943579465150833,0.19460266828536987,0.09994609653949738
92,5559,0.22681619226932526,0.1271522343158722,0.19717192649841309,0.10397590696811676
92,5560,0.2949855327606201,0.17157821357250214,0.23927003145217896,0.13849645853042603
92,5561,0.26713186502456665,0.15105126798152924,0.22871524095535278,0.12297248840332031
92,5562,0.2519616186618805,0.1348550021648407,0.23862648010253906,0.10828015208244324
92,5563,0.29286661744117737,0.17063938081264496,0.2374284267425537,0.13627925515174866
92,5564,0.24601861834526062,0.140512615442276,0.20633983612060547,0.11485032737255096
92,5565,0.25083762407302856,0.14995841681957245,0.19375884532928467,0.11687825620174408
92,5566,0.2177818864583969,0.12046755850315094,0.19413334131240845,0.09830497205257416
92,5567,0.29819250106811523,0.17872293293476105,0.2289389967918396,0.13946975767612457
92,5568,0.25443923473358154,0.1487283706665039,0.20505142211914062,0.11845144629478455
92,5569,0.23597775399684906,0.1301448792219162,0.21227389574050903,0.10461658239364624
92,5570,0.242806538939476,0.13748799264431,0.207244873046875,0.11210298538208008
92,5571,0.22416870296001434,0.1291697919368744,0.1848468780517578,0.10530079901218414
92,5572,0.24084773659706116,0.12919487059116364,0.22676700353622437,0.10473030805587769
92,5573,0.22719281911849976,0.12801593542099,0.19537752866744995,0.10512934625148773
92,5574,0.24102137982845306,0.13430927693843842,0.21494966745376587,0.10366117209196091
92,5575,0.2710636556148529,0.14961974322795868,0.2455931305885315,0.11603325605392456
92,5576,0.23389312624931335,0.12234184145927429,0.22893404960632324,0.09988829493522644
92,5577,0.2285536676645279,0.13245320320129395,0.18618011474609375,0.10814212262630463
92,5578,0.20522569119930267,0.11521758884191513,0.177146315574646,0.09574788808822632
92,5579,0.23189270496368408,0.129675954580307,0.20230156183242798,0.10648056864738464
92,5580,0.2280246615409851,0.12886278331279755,0.1955244541168213,0.1047605499625206
93,5581,0.275687575340271,0.15476766228675842,0.23879504203796387,0.12700948119163513
93,5582,0.28610479831695557,0.1590455025434494,0.2530766725540161,0.1291431188583374
93,5583,0.22403445839881897,0.1312163919210434,0.17886501550674438,0.1063602864742279
93,5584,0.23578019440174103,0.13467349112033844,0.19833999872207642,0.10885348916053772
93,5585,0.28141239285469055,0.16550752520561218,0.22172045707702637,0.13608336448669434
93,5586,0.22075721621513367,0.12432987242937088,0.19074249267578125,0.10065165162086487
93,5587,0.21982713043689728,0.12812061607837677,0.17673343420028687,0.1050657331943512
93,5588,0.2645846903324127,0.15404421091079712,0.21124863624572754,0.1302052140235901
93,5589,0.22227701544761658,0.12681187689304352,0.185893714427948,0.10553821921348572
93,5590,0.2620721757411957,0.147943913936615,0.22451740503311157,0.12160643935203552
93,5591,0.21048593521118164,0.11496137082576752,0.19015640020370483,0.09731000661849976
93,5592,0.21367739140987396,0.11701963096857071,0.19346797466278076,0.09635284543037415
93,5593,0.2543024718761444,0.1476278007030487,0.20496737957000732,0.12343855947256088
93,5594,0.21762427687644958,0.1224903091788292,0.18746459484100342,0.10074065625667572
93,5595,0.26128089427948,0.14769113063812256,0.2222539186477661,0.12344091385602951
93,5596,0.25709694623947144,0.15092162787914276,0.2026875615119934,0.1255013793706894
93,5597,0.28076088428497314,0.1635597050189972,0.2261531949043274,0.13369950652122498
93,5598,0.24123334884643555,0.13717350363731384,0.2055579423904419,0.10918334126472473
93,5599,0.2470720112323761,0.13700047135353088,0.217864990234375,0.11462771892547607
93,5600,0.27816838026046753,0.15952573716640472,0.23071414232254028,0.13178493082523346
93,5601,0.23552876710891724,0.12578913569450378,0.22293442487716675,0.10282935202121735
93,5602,0.25132954120635986,0.14324499666690826,0.21069872379302979,0.1190253347158432
93,5603,0.24657903611660004,0.13957959413528442,0.20931720733642578,0.11636281758546829
93,5604,0.2252052128314972,0.12916766107082367,0.187158465385437,0.10587082803249359
93,5605,0.22359372675418854,0.1310398131608963,0.1769062876701355,0.10895697772502899
93,5606,0.26912933588027954,0.15071789920330048,0.23528122901916504,0.12149471044540405
93,5607,0.2126830816268921,0.1187838613986969,0.18610107898712158,0.0972939133644104
93,5608,0.2046588957309723,0.11623496562242508,0.17442065477371216,0.09327828139066696
93,5609,0.21785888075828552,0.1169855073094368,0.20437759160995483,0.09561167657375336
93,5610,0.2913166582584381,0.16372668743133545,0.25221318006515503,0.13352347910404205
93,5611,0.2404066026210785,0.1343897432088852,0.21112215518951416,0.10783997178077698
93,5612,0.27726659178733826,0.1537473201751709,0.24825823307037354,0.12107983231544495
93,5613,0.23298406600952148,0.12848693132400513,0.20985645055770874,0.10277267545461655
93,5614,0.26163676381111145,0.14705978333950043,0.22670501470565796,0.11947484314441681
93,5615,0.21593625843524933,0.12021388113498688,0.1897125244140625,0.09918683767318726
93,5616,0.26059937477111816,0.15294815599918365,0.20803618431091309,0.12218372523784637
93,5617,0.23714326322078705,0.13235118985176086,0.20726853609085083,0.10942334681749344
93,5618,0.2697809934616089,0.15444466471672058,0.22680658102035522,0.12306839972734451
93,5619,0.25050848722457886,0.1372562050819397,0.22774553298950195,0.11077027022838593
93,5620,0.2685071527957916,0.14544318616390228,0.24911439418792725,0.11709103733301163
93,5621,0.2571662366390228,0.1406213492155075,0.23254650831222534,0.1176314577460289
93,5622,0.2221355140209198,0.12271688878536224,0.19836068153381348,0.10037175565958023
93,5623,0.24720244109630585,0.14344044029712677,0.20173096656799316,0.11534801870584488
93,5624,0.3253509998321533,0.19138316810131073,0.2569674849510193,0.15590420365333557
93,5625,0.22606481611728668,0.12862123548984528,0.1914060115814209,0.10440586507320404
93,5626,0.27133241295814514,0.14695020020008087,0.25227612257003784,0.11735883355140686
93,5627,0.2765098810195923,0.15484261512756348,0.2409098744392395,0.12651652097702026
93,5628,0.2363361418247223,0.13330066204071045,0.2025025486946106,0.1101723462343216
93,5629,0.23742921650409698,0.13180510699748993,0.21029460430145264,0.10753133893013
93,5630,0.21821945905685425,0.1240953728556633,0.18402314186096191,0.1025741696357727
93,5631,0.2283257395029068,0.12159106135368347,0.21688908338546753,0.09989525377750397
93,5632,0.2411513328552246,0.13036321103572845,0.22479760646820068,0.10434535145759583
93,5633,0.23934641480445862,0.13386645913124084,0.20980805158615112,0.10778366029262543
93,5634,0.22717301547527313,0.12691159546375275,0.19962096214294434,0.10206513106822968
93,5635,0.20758676528930664,0.10466829687356949,0.2155168056488037,0.08355868607759476
93,5636,0.2729305326938629,0.15896153450012207,0.21907836198806763,0.1316882073879242
93,5637,0.29185375571250916,0.16980840265750885,0.23601818084716797,0.1381904035806656
93,5638,0.23470574617385864,0.13683265447616577,0.18729740381240845,0.11477065086364746
93,5639,0.22400116920471191,0.1303335577249527,0.1832810640335083,0.10177597403526306
93,5640,0.309445858001709,0.1820891946554184,0.2455863356590271,0.14561054110527039
94,5641,0.2505308985710144,0.13935227692127228,0.22160601615905762,0.11268113553524017
94,5642,0.2567373812198639,0.1448424756526947,0.21933108568191528,0.12081237137317657
94,5643,0.23972272872924805,0.13533343374729156,0.20679175853729248,0.10836297273635864
94,5644,0.23142389953136444,0.13272427022457123,0.19323205947875977,0.10703405737876892
94,5645,0.2379155308008194,0.13392257690429688,0.2052323818206787,0.10950002074241638
94,5646,0.23422271013259888,0.12961389124393463,0.20954209566116333,0.10395987331867218
94,5647,0.22186094522476196,0.12497419863939285,0.19202226400375366,0.10038916766643524
94,5648,0.255024790763855,0.14839883148670197,0.20657622814178467,0.11997728794813156
94,5649,0.19930769503116608,0.1118817999958992,0.17193466424942017,0.09326016902923584
94,5650,0.2152833640575409,0.11473173648118973,0.20412248373031616,0.09451314806938171
94,5651,0.22625833749771118,0.12268506735563278,0.2073826789855957,0.10310094803571701
94,5652,0.24865508079528809,0.13986122608184814,0.21562105417251587,0.11272712051868439
94,5653,0.23228859901428223,0.13224872946739197,0.1954544186592102,0.1092904731631279
94,5654,0.2530728578567505,0.14187593758106232,0.21859383583068848,0.11879689991474152
94,5655,0.277130126953125,0.15072940289974213,0.25305283069610596,0.12589801847934723
94,5656,0.24253030121326447,0.14357821643352509,0.195082426071167,0.10459558665752411
94,5657,0.2379542589187622,0.12969952821731567,0.21791338920593262,0.10544686764478683
94,5658,0.25898677110671997,0.1437343955039978,0.22996890544891357,0.1163240373134613
94,5659,0.23517711460590363,0.12567250430583954,0.22208499908447266,0.10335302352905273
94,5660,0.23237508535385132,0.13092277944087982,0.19981354475021362,0.10763444006443024
94,5661,0.2821194529533386,0.15734617412090302,0.2477855086326599,0.12829546630382538
94,5662,0.25225239992141724,0.14366364479064941,0.2110273838043213,0.12088888883590698
94,5663,0.23748333752155304,0.13040398061275482,0.21363776922225952,0.10812123864889145
94,5664,0.2935978174209595,0.17506736516952515,0.22372108697891235,0.14520996809005737
94,5665,0.23773649334907532,0.13565829396247864,0.19983726739883423,0.11071643978357315
94,5666,0.24070371687412262,0.1410883516073227,0.19170993566513062,0.11465691030025482
94,5667,0.21647030115127563,0.12414252758026123,0.1802983283996582,0.1010422557592392
94,5668,0.23473982512950897,0.13728073239326477,0.18815326690673828,0.11098894476890564
94,5669,0.22392146289348602,0.12217864394187927,0.20416218042373657,0.10038973391056061
94,5670,0.22847983241081238,0.12896108627319336,0.19693303108215332,0.10372763872146606
94,5671,0.22693058848381042,0.1270516961812973,0.19821733236312866,0.10295979678630829
94,5672,0.2106970101594925,0.11726950109004974,0.1855407953262329,0.09605593979358673
94,5673,0.2681718170642853,0.1594478040933609,0.20637422800064087,0.13087162375450134
94,5674,0.23893031477928162,0.13345381617546082,0.20807284116744995,0.1112368032336235
94,5675,0.24186573922634125,0.14517858624458313,0.18271708488464355,0.11800162494182587
94,5676,0.281001478433609,0.14977224171161652,0.2679775357246399,0.1201910749077797
94,5677,0.25168707966804504,0.14383630454540253,0.21143436431884766,0.11638510972261429
94,5678,0.21659637987613678,0.1266973912715912,0.17107528448104858,0.10734430700540543
94,5679,0.2563289403915405,0.14369432628154755,0.22364503145217896,0.11588312685489655
94,5680,0.2203722447156906,0.12284889817237854,0.19357919692993164,0.10045835375785828
94,5681,0.2627621293067932,0.15186896920204163,0.21672701835632324,0.12101167440414429
94,5682,0.21946236491203308,0.12450569123029709,0.18587923049926758,0.1030249372124672
94,5683,0.24594442546367645,0.14382338523864746,0.19482606649398804,0.12095307558774948
94,5684,0.28888407349586487,0.16943427920341492,0.22937560081481934,0.13849782943725586
94,5685,0.19737474620342255,0.10693515837192535,0.18210697174072266,0.08798396587371826
94,5686,0.23131614923477173,0.1327839493751526,0.19180405139923096,0.10905289649963379
94,5687,0.21832405030727386,0.1270735263824463,0.17555183172225952,0.10514895617961884
94,5688,0.2682413160800934,0.15391598641872406,0.22786927223205566,0.11588816344738007
94,5689,0.25799548625946045,0.1413130760192871,0.23289209604263306,0.117627814412117
94,5690,0.22942864894866943,0.13364998996257782,0.18327784538269043,0.1123376190662384
94,5691,0.2448006123304367,0.13388998806476593,0.22220629453659058,0.11014053225517273
94,5692,0.2649424374103546,0.15168805420398712,0.21981126070022583,0.12664949893951416
94,5693,0.2403278797864914,0.1372101753950119,0.19955039024353027,0.1164877712726593
94,5694,0.23933430016040802,0.13518153131008148,0.20552629232406616,0.10971124470233917
94,5695,0.2130083590745926,0.12415018677711487,0.17157500982284546,0.10114084184169769
94,5696,0.2292950302362442,0.1248745396733284,0.2107977271080017,0.10050699859857559
94,5697,0.2799016535282135,0.15873806178569794,0.2395147681236267,0.12678852677345276
94,5698,0.27332597970962524,0.15597553551197052,0.23013275861740112,0.12648671865463257
94,5699,0.27699244022369385,0.15916398167610168,0.23061984777450562,0.12790259718894958
94,5700,0.2937649190425873,0.16416916251182556,0.25728338956832886,0.13341209292411804
95,5701,0.25466036796569824,0.1415998488664627,0.2239479422569275,0.11740662902593613
95,5702,0.23025783896446228,0.12246990203857422,0.21800464391708374,0.10293035209178925
95,5703,0.2711853086948395,0.15495166182518005,0.22616273164749146,0.12884271144866943
95,5704,0.2114243507385254,0.11847938597202301,0.1825885772705078,0.09954766929149628
95,5705,0.27430620789527893,0.16352447867393494,0.20835459232330322,0.13719940185546875
95,5706,0.27832749485969543,0.15919312834739685,0.23248976469039917,0.13069233298301697
95,5707,0.22600315511226654,0.12527412176132202,0.20060062408447266,0.10244394838809967
95,5708,0.33946412801742554,0.19771075248718262,0.2741832137107849,0.1604004055261612
95,5709,0.2780485451221466,0.15395967662334442,0.24639403820037842,0.12765631079673767
95,5710,0.26307547092437744,0.14977729320526123,0.2214030623435974,0.12368477880954742
95,5711,0.24098525941371918,0.13131223618984222,0.22047871351242065,0.10740762948989868
95,5712,0.23176409304141998,0.1302264779806137,0.19903230667114258,0.10962347686290741
95,5713,0.2407742738723755,0.13244938850402832,0.21756702661514282,0.10649043321609497
95,5714,0.24629254639148712,0.135084867477417,0.22171390056610107,0.11261056363582611
95,5715,0.1979014277458191,0.11277225613594055,0.1672649383544922,0.09111601859331131
95,5716,0.27457213401794434,0.1585066020488739,0.22645968198776245,0.1274082213640213
95,5717,0.24147242307662964,0.12951910495758057,0.2264079451560974,0.10695069283246994
95,5718,0.2598757743835449,0.152548685669899,0.2048059105873108,0.12702354788780212
95,5719,0.2186303585767746,0.12639480829238892,0.17934650182724,0.10248477756977081
95,5720,0.31374281644821167,0.18675193190574646,0.24240142107009888,0.15015149116516113
95,5721,0.25378262996673584,0.13736513257026672,0.23934298753738403,0.10340149700641632
95,5722,0.2327912598848343,0.1310737133026123,0.20122140645980835,0.10614491999149323
95,5723,0.24796545505523682,0.13615445792675018,0.22762012481689453,0.1038147583603859
95,5724,0.23329541087150574,0.1331436187028885,0.19479912519454956,0.11116072535514832
95,5725,0.22979797422885895,0.13032495975494385,0.19563782215118408,0.10608944296836853
95,5726,0.23234353959560394,0.13389579951763153,0.1911259889602661,0.10998672246932983
95,5727,0.24005402624607086,0.12692910432815552,0.22981661558151245,0.10599134117364883
95,5728,0.2540726661682129,0.14287593960762024,0.22131305932998657,0.11335746943950653
95,5729,0.25772732496261597,0.14361466467380524,0.2254912257194519,0.11958083510398865
95,5730,0.2423277646303177,0.14008648693561554,0.19646072387695312,0.11828489601612091
95,5731,0.22561927139759064,0.13170911371707916,0.18049800395965576,0.10855471342802048
95,5732,0.2194688767194748,0.12474998086690903,0.18703091144561768,0.09953269362449646
95,5733,0.24329189956188202,0.1332315355539322,0.22250324487686157,0.1052953451871872
95,5734,0.24692024290561676,0.14003096520900726,0.2107020616531372,0.11304222047328949
95,5735,0.25003549456596375,0.13883528113365173,0.22036212682724,0.1152767762541771
95,5736,0.2504950165748596,0.13851912319660187,0.22431719303131104,0.11124511808156967
95,5737,0.21681490540504456,0.12292228639125824,0.1843680739402771,0.10072694718837738
95,5738,0.22663503885269165,0.13040661811828613,0.18778961896896362,0.10556277632713318
95,5739,0.22289857268333435,0.12717385590076447,0.1887521743774414,0.10111925005912781
95,5740,0.21251915395259857,0.11964543908834457,0.1814015507698059,0.10156551003456116
95,5741,0.221481591463089,0.12141740322113037,0.20194488763809204,0.09643114358186722
95,5742,0.24113088846206665,0.1322719007730484,0.21851950883865356,0.10725588351488113
95,5743,0.24014100432395935,0.1388937532901764,0.19977855682373047,0.10667914897203445
95,5744,0.24856889247894287,0.1440333127975464,0.2083103060722351,0.10605719685554504
95,5745,0.24022267758846283,0.13509908318519592,0.2080804705619812,0.10945698618888855
95,5746,0.23375673592090607,0.1345517337322235,0.1940094232559204,0.10800614953041077
95,5747,0.22762379050254822,0.13822850584983826,0.16959136724472046,0.10779368132352829
95,5748,0.26634934544563293,0.15567030012607574,0.21093535423278809,0.131524458527565
95,5749,0.27599847316741943,0.16262172162532806,0.21848422288894653,0.1299152970314026
95,5750,0.21928717195987701,0.11826185137033463,0.2058003544807434,0.09352584183216095
95,5751,0.23456959426403046,0.13011880218982697,0.20834892988204956,0.10555607825517654
95,5752,0.24313510954380035,0.1382872760295868,0.20750540494918823,0.10922834277153015
95,5753,0.26344507932662964,0.15443415939807892,0.2119760513305664,0.12110252678394318
95,5754,0.22630445659160614,0.12497590482234955,0.20405733585357666,0.09852807223796844
95,5755,0.268140584230423,0.1580200493335724,0.21214771270751953,0.12630721926689148
95,5756,0.27919745445251465,0.16857808828353882,0.20974993705749512,0.1335970163345337
95,5757,0.1987115889787674,0.11292345821857452,0.17015105485916138,0.08863857388496399
95,5758,0.22284212708473206,0.12707743048667908,0.1897715926170349,0.09928032755851746
95,5759,0.22606049478054047,0.13561619818210602,0.17378264665603638,0.10465612262487411
95,5760,0.245550274848938,0.13799278438091278,0.2149011492729187,0.10798516869544983
96,5761,0.23840799927711487,0.13853144645690918,0.19358408451080322,0.11221452057361603
96,5762,0.2228202521800995,0.11919881403446198,0.21013617515563965,0.09783483296632767
96,5763,0.25828203558921814,0.14822274446487427,0.2128390669822693,0.12461825460195541
96,5764,0.20494119822978973,0.10905708372592926,0.19460463523864746,0.09021124243736267
96,5765,0.28899988532066345,0.17205609381198883,0.2265244722366333,0.13167014718055725
96,5766,0.22879141569137573,0.12443777173757553,0.21126395463943481,0.09924033284187317
96,5767,0.2069595903158188,0.11624141782522202,0.17939114570617676,0.09480854868888855
96,5768,0.2097027450799942,0.11670204252004623,0.1841871738433838,0.09662915766239166
96,5769,0.22931930422782898,0.12994563579559326,0.19820421934127808,0.10045987367630005
96,5770,0.24426037073135376,0.14247186481952667,0.19649261236190796,0.11595723778009415
96,5771,0.2685118317604065,0.14660346508026123,0.244742751121521,0.12005628645420074
96,5772,0.2714747488498688,0.15626364946365356,0.2243659496307373,0.12732355296611786
96,5773,0.21052677929401398,0.11809751391410828,0.18276584148406982,0.09661455452442169
96,5774,0.2567633390426636,0.14260827004909515,0.22650909423828125,0.11775720119476318
96,5775,0.26148051023483276,0.1496422290802002,0.21998131275177002,0.11922873556613922
96,5776,0.25194719433784485,0.14006243646144867,0.22210252285003662,0.11521880328655243
96,5777,0.2148781269788742,0.11750483512878418,0.19463151693344116,0.0976034477353096
96,5778,0.23481111228466034,0.12849867343902588,0.21353626251220703,0.10448967665433884
96,5779,0.22817833721637726,0.12808352708816528,0.197485089302063,0.1055038720369339
96,5780,0.24290193617343903,0.13891765475273132,0.20218294858932495,0.11555546522140503
96,5781,0.2447267472743988,0.13517165184020996,0.22034859657287598,0.10707826912403107
96,5782,0.26033878326416016,0.151004821062088,0.21075928211212158,0.12515133619308472
96,5783,0.19715110957622528,0.11225194483995438,0.16549646854400635,0.09350290894508362
96,5784,0.23779486119747162,0.1271263062953949,0.22350025177001953,0.10634218901395798
96,5785,0.22287967801094055,0.12789978086948395,0.18399721384048462,0.10690508782863617
96,5786,0.2662721872329712,0.15308620035648346,0.22125506401062012,0.12341970205307007
96,5787,0.2429589480161667,0.13249249756336212,0.22109192609786987,0.11014838516712189
96,5788,0.24756205081939697,0.1308189034461975,0.24004244804382324,0.10363085567951202
96,5789,0.23044276237487793,0.13088718056678772,0.19348329305648804,0.11081132292747498
96,5790,0.25070470571517944,0.14032228291034698,0.21855640411376953,0.11479930579662323
96,5791,0.2638683319091797,0.1455385535955429,0.23629218339920044,0.11906455457210541
96,5792,0.23266781866550446,0.13732875883579254,0.1819961667060852,0.11270292103290558
96,5793,0.26293957233428955,0.15406586229801178,0.20781266689300537,0.12874320149421692
96,5794,0.19558949768543243,0.10754486173391342,0.17630141973495483,0.08762034773826599
96,5795,0.24979738891124725,0.14632867276668549,0.19797444343566895,0.12139470875263214
96,5796,0.23911067843437195,0.1326518952846527,0.21257305145263672,0.10714784264564514
96,5797,0.22719134390354156,0.12467752397060394,0.20405268669128418,0.10446374118328094
96,5798,0.2590011954307556,0.14527058601379395,0.2237759828567505,0.1211010217666626
96,5799,0.22637179493904114,0.12595407664775848,0.19830858707427979,0.10547146201133728
96,5800,0.21130257844924927,0.11800102144479752,0.18382465839385986,0.09885849803686142
96,5801,0.2358691543340683,0.13750097155570984,0.1887279748916626,0.11438493430614471
96,5802,0.2514627277851105,0.14661110937595367,0.20109480619430542,0.12206849455833435
96,5803,0.23413708806037903,0.12932506203651428,0.20987868309020996,0.10430276393890381
96,5804,0.2606140673160553,0.15123715996742249,0.21092957258224487,0.12502533197402954
96,5805,0.2426917850971222,0.138111874461174,0.20354890823364258,0.11580166220664978
96,5806,0.27517205476760864,0.1681070327758789,0.2000941038131714,0.13513681292533875
96,5807,0.2301156222820282,0.12459678202867508,0.21266663074493408,0.10226092487573624
96,5808,0.2615029215812683,0.14782023429870605,0.22545158863067627,0.11751027405261993
96,5809,0.21922867000102997,0.12540622055530548,0.1824171543121338,0.10427796095609665
96,5810,0.28749018907546997,0.16492271423339844,0.23850959539413452,0.13581809401512146
96,5811,0.23767802119255066,0.12840896844863892,0.22073078155517578,0.10488370060920715
96,5812,0.21683630347251892,0.12282563745975494,0.18424606323242188,0.10156124085187912
96,5813,0.26499801874160767,0.15174883604049683,0.221410870552063,0.12342408299446106
96,5814,0.22593706846237183,0.12459777295589447,0.20271575450897217,0.10126505047082901
96,5815,0.2222045660018921,0.12514904141426086,0.19071000814437866,0.1038576066493988
96,5816,0.22376424074172974,0.11972005665302277,0.20988404750823975,0.10045284032821655
96,5817,0.22073712944984436,0.12254542857408524,0.19457489252090454,0.10180875658988953
96,5818,0.21584826707839966,0.12648561596870422,0.17129039764404297,0.10423246026039124
96,5819,0.22458884119987488,0.13064540922641754,0.18063783645629883,0.10844148695468903
96,5820,0.25517529249191284,0.14006106555461884,0.23031264543533325,0.11494578421115875
97,5821,0.2584363520145416,0.1345473676919937,0.25343918800354004,0.11256653070449829
97,5822,0.2655280530452728,0.15083156526088715,0.2248011827468872,0.12388002872467041
97,5823,0.2253832370042801,0.12595978379249573,0.1977640986442566,0.10158905386924744
97,5824,0.2332199513912201,0.13325966894626617,0.1964375376701355,0.10692635923624039
97,5825,0.22937633097171783,0.129440039396286,0.19579190015792847,0.1080976277589798
97,5826,0.22466972470283508,0.12585042417049408,0.19521433115005493,0.10366779565811157
97,5827,0.25256165862083435,0.1415158212184906,0.21888381242752075,0.11746156215667725
97,5828,0.2452389895915985,0.1404576301574707,0.20388811826705933,0.11613054573535919
97,5829,0.26987653970718384,0.15909916162490845,0.2117099165916443,0.13046710193157196
97,5830,0.1890885829925537,0.10691682249307632,0.16059672832489014,0.08966536819934845
97,5831,0.22346487641334534,0.1284351646900177,0.18527787923812866,0.10459274798631668
97,5832,0.2570381462574005,0.14775067567825317,0.212499737739563,0.12143784761428833
97,5833,0.2387668788433075,0.1383182257413864,0.198012113571167,0.106219083070755
97,5834,0.24156887829303741,0.13954494893550873,0.19643634557724,0.11724698543548584
97,5835,0.2504594326019287,0.14078712463378906,0.21644824743270874,0.11546504497528076
97,5836,0.2311304360628128,0.1336553692817688,0.1899154782295227,0.10754433274269104
97,5837,0.1967059224843979,0.11325754970312119,0.1632242202758789,0.0907934382557869
97,5838,0.24021415412425995,0.12937845289707184,0.22359544038772583,0.10698757320642471
97,5839,0.20048020780086517,0.11563867330551147,0.16415637731552124,0.09589488804340363
97,5840,0.24816253781318665,0.13862557709217072,0.21858322620391846,0.11051832884550095
97,5841,0.20871680974960327,0.12134724110364914,0.1678858995437622,0.10107607394456863
97,5842,0.236130028963089,0.12779365479946136,0.21813368797302246,0.10541456937789917
97,5843,0.24368412792682648,0.13589917123317719,0.217681884765625,0.10356102883815765
97,5844,0.2298453003168106,0.12442466616630554,0.21171212196350098,0.10367892682552338
97,5845,0.2267291098833084,0.12536096572875977,0.2023908495903015,0.1020590141415596
97,5846,0.21583746373653412,0.1232822984457016,0.1796574592590332,0.10346094518899918
97,5847,0.22612126171588898,0.12702412903308868,0.19532060623168945,0.10484448075294495
97,5848,0.25859665870666504,0.14401307702064514,0.2278243899345398,0.11726914346218109
97,5849,0.23519310355186462,0.134015291929245,0.19964706897735596,0.10659484565258026
97,5850,0.21882954239845276,0.12783390283584595,0.17459285259246826,0.10579246282577515
97,5851,0.22039128839969635,0.1238960325717926,0.19092118740081787,0.1006338894367218
97,5852,0.2552030384540558,0.13711676001548767,0.2389628291130066,0.11250576376914978
97,5853,0.23862874507904053,0.13470862805843353,0.20455491542816162,0.11049074679613113
97,5854,0.2705983817577362,0.1575554609298706,0.21740281581878662,0.13040900230407715
97,5855,0.26929110288619995,0.15371982753276825,0.22643393278121948,0.12498854100704193
97,5856,0.22066892683506012,0.12124470621347427,0.19869190454483032,0.09973728656768799
97,5857,0.2758355140686035,0.1534266620874405,0.243560791015625,0.12492264807224274
97,5858,0.2399233728647232,0.135146826505661,0.20723694562911987,0.1094088926911354
97,5859,0.23745468258857727,0.13200408220291138,0.20990389585494995,0.10744517296552658
97,5860,0.22126659750938416,0.12362048774957657,0.1939096450805664,0.10041122883558273
97,5861,0.2940021753311157,0.1794309914112091,0.2116318941116333,0.14959220588207245
97,5862,0.25373220443725586,0.14476798474788666,0.21291720867156982,0.11898670345544815
97,5863,0.26997652649879456,0.16176441311836243,0.20563971996307373,0.1297810971736908
97,5864,0.23339249193668365,0.13665771484375,0.18553245067596436,0.11260895431041718
97,5865,0.2528063952922821,0.14676783978939056,0.20430392026901245,0.12158496677875519
97,5866,0.23088328540325165,0.12892162799835205,0.2010151743888855,0.10777795314788818
97,5867,0.21952380239963531,0.12613098323345184,0.18235093355178833,0.10226227343082428
97,5868,0.3185626268386841,0.1866469383239746,0.2537739872932434,0.15203051269054413
97,5869,0.27686774730682373,0.16234207153320312,0.218275785446167,0.13607674837112427
97,5870,0.1961638629436493,0.10888370126485825,0.17331653833389282,0.08976774662733078
97,5871,0.24075672030448914,0.13276644051074982,0.21430373191833496,0.11134393513202667
97,5872,0.2673564553260803,0.15052375197410583,0.23180299997329712,0.12055757641792297
97,5873,0.2467324137687683,0.13518716394901276,0.22473514080047607,0.10825599730014801
97,5874,0.24232400953769684,0.13449864089488983,0.2140594720840454,0.1110079288482666
97,5875,0.27622103691101074,0.15565383434295654,0.23911112546920776,0.12461380660533905
97,5876,0.2463548630475998,0.1339809000492096,0.2266198992729187,0.1086299866437912
97,5877,0.2314673811197281,0.13572637736797333,0.1832152009010315,0.11227469146251678
97,5878,0.22682306170463562,0.1207919493317604,0.2148991823196411,0.10035726428031921
97,5879,0.2603815793991089,0.1594507247209549,0.18957233428955078,0.12550963461399078
97,5880,0.2611367404460907,0.14400720596313477,0.23272204399108887,0.12020353972911835
98,5881,0.22331503033638,0.12807178497314453,0.18514329195022583,0.1059296503663063
98,5882,0.24424459040164948,0.1356050968170166,0.21526354551315308,0.11267036944627762
98,5883,0.21858611702919006,0.12597611546516418,0.1782224178314209,0.10660514235496521
98,5884,0.23878732323646545,0.13327832520008087,0.2072930932044983,0.1129588708281517
98,5885,0.2679676413536072,0.15333332121372223,0.22287499904632568,0.12742167711257935
98,5886,0.27491477131843567,0.15775184333324432,0.22711127996444702,0.1315920501947403
98,5887,0.22032439708709717,0.12817907333374023,0.1758824586868286,0.10896168649196625
98,5888,0.2238776534795761,0.1306813359260559,0.17781054973602295,0.11036046594381332
98,5889,0.2568422853946686,0.14261648058891296,0.227319598197937,0.11648982763290405
98,5890,0.2440226674079895,0.1406383514404297,0.20089906454086304,0.11512340605258942
98,5891,0.24151742458343506,0.13419416546821594,0.21307575702667236,0.11046476662158966
98,5892,0.22503823041915894,0.12064787745475769,0.2115178108215332,0.09891617298126221
98,5893,0.23292917013168335,0.134872704744339,0.18870162963867188,0.11287903785705566
98,5894,0.21706022322177887,0.1207413300871849,0.19084995985031128,0.09989452362060547
98,5895,0.2144763171672821,0.1238013431429863,0.17648041248321533,0.1004139706492424
98,5896,0.2145492434501648,0.11883212625980377,0.19104892015457153,0.09648773074150085
98,5897,0.25933322310447693,0.15078572928905487,0.20888686180114746,0.12496373057365417
98,5898,0.2362634539604187,0.13465851545333862,0.1970376968383789,0.11394935101270676
98,5899,0.23767322301864624,0.1353166103363037,0.19966280460357666,0.11245745420455933
98,5900,0.26251891255378723,0.1524450033903122,0.2134791612625122,0.12341126054525375
98,5901,0.2424120455980301,0.1324031949043274,0.22124195098876953,0.10756039619445801
98,5902,0.23800024390220642,0.13200099766254425,0.20967674255371094,0.11064276844263077
98,5903,0.27263960242271423,0.1604291945695877,0.21438068151474,0.132290780544281
98,5904,0.23846136033535004,0.12493846565485,0.23164665699005127,0.10432115942239761
98,5905,0.2795476019382477,0.1595313549041748,0.23359531164169312,0.13289059698581696
98,5906,0.23176343739032745,0.12764647603034973,0.2066541314125061,0.10727649927139282
98,5907,0.23088736832141876,0.13236460089683533,0.19271224737167358,0.1071893572807312
98,5908,0.2648088335990906,0.14672885835170746,0.23415088653564453,0.12209808826446533
98,5909,0.18531769514083862,0.10292616486549377,0.16373473405838013,0.08448818325996399
98,5910,0.26502761244773865,0.1479489803314209,0.23408937454223633,0.11721442639827728
98,5911,0.2434782087802887,0.1365315169095993,0.20948368310928345,0.11576607078313828
98,5912,0.23197968304157257,0.12393435090780258,0.22051632404327393,0.09919396787881851
98,5913,0.25372034311294556,0.13766251504421234,0.23591357469558716,0.10846198350191116
98,5914,0.19941271841526031,0.11366245150566101,0.16728442907333374,0.09418238699436188
98,5915,0.24254518747329712,0.13129302859306335,0.226360023021698,0.10354068130254745
98,5916,0.257269024848938,0.1465631127357483,0.2181711196899414,0.11718733608722687
98,5917,0.20671875774860382,0.11530115455389023,0.18079638481140137,0.09549521654844284
98,5918,0.24590307474136353,0.13597026467323303,0.21994143724441528,0.10978115350008011
98,5919,0.27682533860206604,0.16545100510120392,0.21112316846847534,0.13462527096271515
98,5920,0.2366035133600235,0.12819528579711914,0.21689355373382568,0.10825404524803162
98,5921,0.2323990762233734,0.13060840964317322,0.20082759857177734,0.1072981208562851
98,5922,0.23147304356098175,0.1370880901813507,0.17932021617889404,0.1132843941450119
98,5923,0.2164619266986847,0.11802762001752853,0.19846129417419434,0.09524895995855331
98,5924,0.21225009858608246,0.11776508390903473,0.18639922142028809,0.09962660074234009
98,5925,0.22472108900547028,0.12465427070856094,0.19994372129440308,0.10044662654399872
98,5926,0.21267260611057281,0.11750829219818115,0.18970000743865967,0.09642152488231659
98,5927,0.2623641788959503,0.14306405186653137,0.23882049322128296,0.11885969340801239
98,5928,0.24491985142230988,0.14120204746723175,0.19921916723251343,0.12015065550804138
98,5929,0.27249664068222046,0.1568368524312973,0.22537630796432495,0.12754641473293304
98,5930,0.22493134438991547,0.12876366078853607,0.186038076877594,0.10876230895519257
98,5931,0.3050314784049988,0.18457502126693726,0.22756117582321167,0.14716005325317383
98,5932,0.211968332529068,0.11987809836864471,0.18175262212753296,0.09694594144821167
98,5933,0.19869108498096466,0.10762406885623932,0.18236911296844482,0.09059692174196243
98,5934,0.24580815434455872,0.14635789394378662,0.18947410583496094,0.118303082883358
98,5935,0.22045139968395233,0.12716545164585114,0.18186253309249878,0.10270465910434723
98,5936,0.2736735939979553,0.15504483878612518,0.2323155403137207,0.12851271033287048
98,5937,0.24081388115882874,0.13195425271987915,0.22053712606430054,0.10322394967079163
98,5938,0.25183701515197754,0.14360225200653076,0.2111804485321045,0.11881290376186371
98,5939,0.23513129353523254,0.13145118951797485,0.20559054613113403,0.10721935331821442
98,5940,0.22291423380374908,0.12650954723358154,0.18784838914871216,0.1063266471028328
99,5941,0.2560562491416931,0.1465364396572113,0.2135840654373169,0.12043088674545288
99,5942,0.22847041487693787,0.1294897347688675,0.19623875617980957,0.10242588073015213
99,5943,0.21667101979255676,0.12156157940626144,0.18714618682861328,0.10125482082366943
99,5944,0.23376591503620148,0.13209621608257294,0.19876736402511597,0.11081377416849136
99,5945,0.2735237181186676,0.16096818447113037,0.21350419521331787,0.13576921820640564
99,5946,0.21118603646755219,0.12097913771867752,0.17502641677856445,0.10098165273666382
99,5947,0.23307985067367554,0.12885813415050507,0.20844733715057373,0.10421395301818848
99,5948,0.22846513986587524,0.12411979585886002,0.21088194847106934,0.0999627634882927
99,5949,0.2556217610836029,0.14804494380950928,0.20787233114242554,0.12213948369026184
99,5950,0.2607286274433136,0.15211740136146545,0.20963555574417114,0.12378494441509247
99,5951,0.23970119655132294,0.1375788301229477,0.1981595754623413,0.11429274827241898
99,5952,0.27406248450279236,0.1507364958524704,0.24681639671325684,0.12299710512161255
99,5953,0.2682510316371918,0.15191690623760223,0.2265913486480713,0.1284879893064499
99,5954,0.22549529373645782,0.12381984293460846,0.20548784732818604,0.09740149974822998
99,5955,0.21943126618862152,0.12045396864414215,0.19822800159454346,0.09843046218156815
99,5956,0.20935529470443726,0.11544941365718842,0.1869356632232666,0.095658078789711
99,5957,0.22259676456451416,0.11839593946933746,0.21128630638122559,0.0984315276145935
99,5958,0.22876912355422974,0.12605927884578705,0.20354342460632324,0.10646235942840576
99,5959,0.2066992223262787,0.11228488385677338,0.1900618076324463,0.09194807708263397
99,5960,0.2440444529056549,0.1356787532567978,0.21452397108078003,0.11278055608272552
99,5961,0.23646892607212067,0.13796862959861755,0.1900983452796936,0.11230475455522537
99,5962,0.20920789241790771,0.11990324407815933,0.17337799072265625,0.0997672826051712
99,5963,0.22812066972255707,0.12988843023777008,0.19102507829666138,0.10911102592945099
99,5964,0.19953908026218414,0.1090998500585556,0.18195754289627075,0.08828108012676239
99,5965,0.21256336569786072,0.12157107889652252,0.17795836925506592,0.09904472529888153
99,5966,0.29720646142959595,0.17237405478954315,0.24184024333953857,0.14048153162002563
99,5967,0.2308509349822998,0.12853527069091797,0.20290523767471313,0.10576783865690231
99,5968,0.28793707489967346,0.16608962416648865,0.23661696910858154,0.13600334525108337
99,5969,0.2245461791753769,0.13004019856452942,0.18305307626724243,0.1064237505197525
99,5970,0.27057015895843506,0.1547529250383377,0.225713312625885,0.12765952944755554
99,5971,0.2148851454257965,0.11852104216814041,0.19262969493865967,0.09656115621328354
99,5972,0.24505041539669037,0.14131063222885132,0.2008213996887207,0.11705613136291504
99,5973,0.2546573281288147,0.14532357454299927,0.21273106336593628,0.12120656669139862
99,5974,0.2209915816783905,0.12340358644723892,0.19193804264068604,0.10406389832496643
99,5975,0.27084797620773315,0.14943285286426544,0.2441016435623169,0.11887235939502716
99,5976,0.27242982387542725,0.15300849080085754,0.23480838537216187,0.12748980522155762
99,5977,0.23253072798252106,0.13481831550598145,0.18834304809570312,0.11187590658664703
99,5978,0.24201007187366486,0.13681919872760773,0.20791858434677124,0.11011722683906555
99,5979,0.17908090353012085,0.10007625073194504,0.15652137994766235,0.08198052644729614
99,5980,0.24412763118743896,0.13811583817005157,0.2076006531715393,0.11485767364501953
99,5981,0.2781131863594055,0.15996253490447998,0.22754180431365967,0.1356697529554367
99,5982,0.25168097019195557,0.13808076083660126,0.22801339626312256,0.11197420209646225
99,5983,0.28859344124794006,0.16754096746444702,0.23251575231552124,0.14023075997829437
99,5984,0.25544434785842896,0.1500958800315857,0.2032853364944458,0.12017162144184113
99,5985,0.23567841947078705,0.13368107378482819,0.19887280464172363,0.11224116384983063
99,5986,0.2369864284992218,0.13336025178432465,0.20434319972991943,0.10944445431232452
99,5987,0.24631361663341522,0.13118521869182587,0.23357462882995605,0.10849271714687347
99,5988,0.2743712365627289,0.15144583582878113,0.24635428190231323,0.12191840261220932
99,5989,0.2331375777721405,0.1280185878276825,0.21072661876678467,0.10414166748523712
99,5990,0.2380533367395401,0.13079819083213806,0.21589577198028564,0.1044842004776001
99,5991,0.26006758213043213,0.14532624185085297,0.22823184728622437,0.11724308133125305
99,5992,0.27219444513320923,0.15302184224128723,0.23546385765075684,0.12493523955345154
99,5993,0.19066104292869568,0.10842564702033997,0.16065889596939087,0.08985918015241623
99,5994,0.2519635856151581,0.14317770302295685,0.21333014965057373,0.11726918816566467
99,5995,0.22159337997436523,0.12528373301029205,0.19023269414901733,0.10108287632465363
99,5996,0.2074042409658432,0.11572923511266708,0.18290704488754272,0.09256093204021454
99,5997,0.23971611261367798,0.13945245742797852,0.19300460815429688,0.11530907452106476
99,5998,0.21581876277923584,0.12084928154945374,0.18777889013290405,0.09928959608078003
99,5999,0.2358550727367401,0.13918311893939972,0.18495279550552368,0.113454170525074
99,6000,0.23539100587368011,0.13937288522720337,0.18176591396331787,0.1165587455034256
