epoch,global_step,train_loss,l1,ssim,grad
0,1,1.355027675628662,0.8809876441955566,1.0208512544631958,0.32849788665771484
0,2,1.207270860671997,0.7612570524215698,0.9466769695281982,0.3367147147655487
0,3,1.0973256826400757,0.6804177761077881,0.8756197690963745,0.3333001732826233
0,4,1.0089548826217651,0.6202787160873413,0.822851300239563,0.29767826199531555
0,5,0.9589521288871765,0.5951055288314819,0.7736347317695618,0.2719634771347046
0,6,0.9155920147895813,0.5713096261024475,0.7269934415817261,0.26742497086524963
0,7,0.878511369228363,0.551207423210144,0.6913710236549377,0.25377780199050903
0,8,0.8781737685203552,0.5549960136413574,0.6810373067855835,0.25381404161453247
0,9,0.8497586250305176,0.5439342260360718,0.6428350806236267,0.24345146119594574
0,10,0.8189051151275635,0.5174664855003357,0.6322874426841736,0.24261818826198578
0,11,0.8388841152191162,0.5344455242156982,0.6379480361938477,0.2462967336177826
0,12,0.8018749356269836,0.5070620775222778,0.6161096692085266,0.24184483289718628
0,13,0.7834850549697876,0.5034096837043762,0.5853536128997803,0.22966960072517395
0,14,0.75761479139328,0.48647409677505493,0.5675874352455139,0.22052857279777527
0,15,0.7808445692062378,0.49876439571380615,0.5904092788696289,0.22958219051361084
0,16,0.762798547744751,0.4892873466014862,0.5750623345375061,0.21743133664131165
0,17,0.8208641409873962,0.5395167469978333,0.5891150236129761,0.2285069078207016
0,18,0.7492695450782776,0.48450082540512085,0.5549418926239014,0.21395979821681976
0,19,0.7102979421615601,0.46263864636421204,0.5184623003005981,0.20137187838554382
0,20,0.6801480650901794,0.43710070848464966,0.5071977376937866,0.2008412480354309
0,21,0.6567519903182983,0.4203042984008789,0.4887627363204956,0.2047128975391388
0,22,0.700563371181488,0.4514177441596985,0.517632007598877,0.21046409010887146
0,23,0.6642485857009888,0.42528554797172546,0.4999500513076782,0.19491492211818695
0,24,0.6849292516708374,0.44309505820274353,0.5074726343154907,0.19422569870948792
0,25,0.6408759355545044,0.4079112112522125,0.48349887132644653,0.19782611727714539
0,26,0.6441386938095093,0.4128228425979614,0.4792511463165283,0.19807688891887665
0,27,0.6534605026245117,0.4220612645149231,0.4801865816116333,0.19662293791770935
0,28,0.5668438076972961,0.36589181423187256,0.416231632232666,0.1722966432571411
0,29,0.600158154964447,0.38852429389953613,0.4388617277145386,0.18044602870941162
0,30,0.5825375318527222,0.37522441148757935,0.4284794330596924,0.17960654199123383
1,31,0.6378263235092163,0.4147217273712158,0.4625253677368164,0.19047223031520844
1,32,0.6409866213798523,0.41732048988342285,0.46041762828826904,0.1974954903125763
1,33,0.5814579129219055,0.38367825746536255,0.4106639623641968,0.16757050156593323
1,34,0.5903456807136536,0.3867906928062439,0.4194570779800415,0.17886070907115936
1,35,0.6537837386131287,0.4216479957103729,0.4790589213371277,0.20256075263023376
1,36,0.6085202097892761,0.39483433961868286,0.4429762363433838,0.18247687816619873
1,37,0.6108682751655579,0.3977484107017517,0.43873131275177,0.18813666701316833
1,38,0.5577940940856934,0.3580992817878723,0.4092046022415161,0.18006470799446106
1,39,0.54854416847229,0.35160893201828003,0.40302395820617676,0.17862838506698608
1,40,0.5645488500595093,0.36959922313690186,0.399333119392395,0.17608188092708588
1,41,0.6131787896156311,0.4066699147224426,0.42422938346862793,0.18408560752868652
1,42,0.5246058106422424,0.33844348788261414,0.37904226779937744,0.17272715270519257
1,43,0.48743513226509094,0.3184361159801483,0.34377795457839966,0.15743927657604218
1,44,0.5476959347724915,0.350904643535614,0.40438657999038696,0.1751829832792282
1,45,0.5475150942802429,0.35446271300315857,0.3980342745780945,0.16919349133968353
1,46,0.5051915049552917,0.3288343548774719,0.35993492603302,0.16191577911376953
1,47,0.5705114006996155,0.3717511296272278,0.4090060591697693,0.17578934133052826
1,48,0.5167299509048462,0.3310430347919464,0.3767680525779724,0.17489835619926453
1,49,0.5425541996955872,0.35367467999458313,0.3896749019622803,0.16504782438278198
1,50,0.5528934597969055,0.36661744117736816,0.37737298011779785,0.17663423717021942
1,51,0.5222657918930054,0.3387482762336731,0.3750729560852051,0.1674416959285736
1,52,0.5153017044067383,0.3421955704689026,0.3497830629348755,0.1659645289182663
1,53,0.49392685294151306,0.3205655813217163,0.34986329078674316,0.16707971692085266
1,54,0.5220125913619995,0.3410211503505707,0.367242693901062,0.17047171294689178
1,55,0.5162968635559082,0.33383944630622864,0.3696746230125427,0.17293775081634521
1,56,0.5100559592247009,0.3327174782752991,0.3607001304626465,0.16529199481010437
1,57,0.4418470561504364,0.289531946182251,0.3078348636627197,0.14590570330619812
1,58,0.5312563180923462,0.3433848023414612,0.38460278511047363,0.1701519936323166
1,59,0.49391597509384155,0.3130524158477783,0.36757004261016846,0.1691775918006897
1,60,0.5532772541046143,0.3599548041820526,0.393557071685791,0.1794983148574829
2,61,0.45147520303726196,0.2872626483440399,0.3317371606826782,0.15758836269378662
2,62,0.4753687381744385,0.30902689695358276,0.3373720645904541,0.1569649875164032
2,63,0.4819285571575165,0.3097303509712219,0.3489145040512085,0.16316190361976624
2,64,0.4488236904144287,0.29215937852859497,0.31603825092315674,0.15124505758285522
2,65,0.5245349407196045,0.34198427200317383,0.3745306730270386,0.16369202733039856
2,66,0.4643532335758209,0.2981854975223541,0.33530962467193604,0.1602194905281067
2,67,0.46037185192108154,0.2990167438983917,0.3239387273788452,0.15889810025691986
2,68,0.49196791648864746,0.31513848900794983,0.35617101192474365,0.1718050241470337
2,69,0.42266690731048584,0.27890050411224365,0.2881840467453003,0.14246384799480438
2,70,0.47761648893356323,0.3072893023490906,0.3410511016845703,0.16953375935554504
2,71,0.4541303217411041,0.29116520285606384,0.32700127363204956,0.16082298755645752
2,72,0.5055354237556458,0.3172960877418518,0.3818713426589966,0.17745403945446014
2,73,0.43471333384513855,0.27996647357940674,0.30899858474731445,0.15573711693286896
2,74,0.47888684272766113,0.30492547154426575,0.3504689931869507,0.16886889934539795
2,75,0.4817429184913635,0.31208840012550354,0.3442871570587158,0.1596982479095459
2,76,0.5089878439903259,0.3338513970375061,0.353113055229187,0.1694561094045639
2,77,0.4609373211860657,0.29573896527290344,0.3349933624267578,0.15600499510765076
2,78,0.4087447226047516,0.26565977931022644,0.28479862213134766,0.14582732319831848
2,79,0.4312368631362915,0.27332329750061035,0.3156285285949707,0.15831078588962555
2,80,0.44014325737953186,0.2846889793872833,0.3108619451522827,0.1555473506450653
2,81,0.4171733558177948,0.265891432762146,0.30222445726394653,0.15196071565151215
2,82,0.5155283212661743,0.3353208899497986,0.3647127151489258,0.17161160707473755
2,83,0.46100980043411255,0.29279717803001404,0.3370209336280823,0.16702109575271606
2,84,0.4525623917579651,0.2896977663040161,0.3271751403808594,0.1599728763103485
2,85,0.41959914565086365,0.2696152627468109,0.29993146657943726,0.15005652606487274
2,86,0.4701921343803406,0.3034135103225708,0.3325980305671692,0.16869696974754333
2,87,0.44980719685554504,0.2851504981517792,0.3288048505783081,0.16567376255989075
2,88,0.4466719627380371,0.2883816957473755,0.31741201877593994,0.15662722289562225
2,89,0.4514002799987793,0.29196980595588684,0.3180771470069885,0.16099813580513
2,90,0.4546976685523987,0.29182037711143494,0.32691454887390137,0.16055725514888763
3,91,0.5181018710136414,0.336961030960083,0.36543017625808716,0.1748439520597458
3,92,0.44041168689727783,0.2798072397708893,0.3225783705711365,0.15786555409431458
3,93,0.4230356514453888,0.2747916281223297,0.2952228784561157,0.15077422559261322
3,94,0.4664953649044037,0.3055421710014343,0.32124489545822144,0.16227611899375916
3,95,0.44868138432502747,0.29315271973609924,0.30869221687316895,0.1602589190006256
3,96,0.4638010859489441,0.30095669627189636,0.32574379444122314,0.16273435950279236
3,97,0.483493447303772,0.30986103415489197,0.3499600291252136,0.16824203729629517
3,98,0.39543578028678894,0.2528649866580963,0.2819461226463318,0.1489616483449936
3,99,0.4497397541999817,0.2863640785217285,0.3241114616394043,0.16865551471710205
3,100,0.44585859775543213,0.2862764000892639,0.3174006938934326,0.16310954093933105
3,101,0.47174373269081116,0.3038637638092041,0.3337557315826416,0.17188838124275208
3,102,0.4204162657260895,0.2725684642791748,0.29341524839401245,0.15240848064422607
3,103,0.4209442436695099,0.26726746559143066,0.3053601384162903,0.15766362845897675
3,104,0.41760072112083435,0.26871365308761597,0.2959904670715332,0.15245437622070312
3,105,0.3590068519115448,0.23672589659690857,0.24080407619476318,0.12979650497436523
3,106,0.4241538941860199,0.27311354875564575,0.2991619110107422,0.15687799453735352
3,107,0.4539349675178528,0.29090243577957153,0.32861948013305664,0.15792375802993774
3,108,0.4486081600189209,0.2915400266647339,0.3111121654510498,0.16311632096767426
3,109,0.4705640971660614,0.3080936074256897,0.3234972357749939,0.16535797715187073
3,110,0.43392619490623474,0.2801460027694702,0.3048461079597473,0.15920880436897278
3,111,0.4457942545413971,0.29103535413742065,0.3082284927368164,0.15733753144741058
3,112,0.4585306942462921,0.2960246205329895,0.32444387674331665,0.16364257037639618
3,113,0.3980202078819275,0.2612124979496002,0.2708534002304077,0.14233170449733734
3,114,0.4305705726146698,0.27871841192245483,0.3052237629890442,0.14881324768066406
3,115,0.4512653052806854,0.29380613565444946,0.31367993354797363,0.15993592143058777
3,116,0.443508118391037,0.2864431142807007,0.3131828308105469,0.15895932912826538
3,117,0.37006938457489014,0.2371583729982376,0.2627871632575989,0.13898073136806488
3,118,0.3944395184516907,0.2550414204597473,0.2755202054977417,0.145950049161911
3,119,0.4212999939918518,0.27313148975372314,0.2937750816345215,0.15329238772392273
3,120,0.44740739464759827,0.2879117429256439,0.31466174125671387,0.16815468668937683
4,121,0.3708132803440094,0.2411266714334488,0.2524312734603882,0.14357051253318787
4,122,0.4052516520023346,0.2577470541000366,0.29236698150634766,0.15278904139995575
4,123,0.40671318769454956,0.2624865174293518,0.28725671768188477,0.14661991596221924
4,124,0.4185997247695923,0.26553383469581604,0.3033101558685303,0.15870913863182068
4,125,0.41658085584640503,0.2677741050720215,0.2928493022918701,0.15833519399166107
4,126,0.39614778757095337,0.25912541151046753,0.26671117544174194,0.15168948471546173
4,127,0.4161319434642792,0.2664766311645508,0.29663217067718506,0.15501222014427185
4,128,0.48178866505622864,0.3093752861022949,0.343966543674469,0.17413382232189178
4,129,0.3879469037055969,0.2489445060491562,0.2761833667755127,0.14264528453350067
4,130,0.3749162256717682,0.23924264311790466,0.26557308435440063,0.14722171425819397
4,131,0.47294196486473083,0.30088716745376587,0.3400861620903015,0.18010157346725464
4,132,0.3944318890571594,0.25248461961746216,0.2802432179450989,0.14924989640712738
4,133,0.44605377316474915,0.28721868991851807,0.3132128119468689,0.16774961352348328
4,134,0.42897775769233704,0.277161180973053,0.3015671968460083,0.15594857931137085
4,135,0.40010881423950195,0.2599048614501953,0.2765078544616699,0.148003950715065
4,136,0.3821885883808136,0.24472099542617798,0.270530104637146,0.14627763628959656
4,137,0.4260767996311188,0.27349525690078735,0.30157506465911865,0.1597576141357422
4,138,0.4397529065608978,0.28323304653167725,0.3106169104576111,0.16136543452739716
4,139,0.3850807249546051,0.24519620835781097,0.2760179042816162,0.1473868489265442
4,140,0.36216962337493896,0.23694781959056854,0.2444676160812378,0.1371738165616989
4,141,0.413668155670166,0.26492756605148315,0.2952679991722107,0.15316690504550934
4,142,0.40444833040237427,0.25827911496162415,0.28930389881134033,0.1522383689880371
4,143,0.38644129037857056,0.2539031505584717,0.2586090564727783,0.14547252655029297
4,144,0.40151238441467285,0.25832346081733704,0.28280752897262573,0.15032948553562164
4,145,0.3479434847831726,0.2281496226787567,0.23035025596618652,0.13826873898506165
4,146,0.40541717410087585,0.2610647976398468,0.2836120128631592,0.15453791618347168
4,147,0.39821580052375793,0.25500375032424927,0.2828124761581421,0.15043531358242035
4,148,0.3769441843032837,0.24409297108650208,0.2591569423675537,0.1459420919418335
4,149,0.3611040413379669,0.2325495481491089,0.25033366680145264,0.14210501313209534
4,150,0.42200765013694763,0.26726728677749634,0.30569690465927124,0.16230802237987518
5,151,0.3686206638813019,0.23448367416858673,0.26293402910232544,0.14481697976589203
5,152,0.3757699429988861,0.24802204966545105,0.24814379215240479,0.14245176315307617
5,153,0.3855648934841156,0.24564282596111298,0.2755768895149231,0.14845648407936096
5,154,0.4429759979248047,0.28555890917778015,0.31115102767944336,0.1647832840681076
5,155,0.41624149680137634,0.2658414840698242,0.2978893518447876,0.1562214344739914
5,156,0.3756551742553711,0.23783284425735474,0.27254849672317505,0.14401471614837646
5,157,0.3466761112213135,0.22017720341682434,0.24714875221252441,0.13819687068462372
5,158,0.4496908485889435,0.28742873668670654,0.32181739807128906,0.16767571866512299
5,159,0.41305601596832275,0.26894712448120117,0.28115445375442505,0.1582355499267578
5,160,0.34031015634536743,0.22022739052772522,0.23158615827560425,0.1372414529323578
5,161,0.42095303535461426,0.27087557315826416,0.2951356768608093,0.16011598706245422
5,162,0.4466797709465027,0.2868153750896454,0.31661051511764526,0.1661009043455124
5,163,0.3809073567390442,0.24631431698799133,0.2626720666885376,0.14762097597122192
5,164,0.40563690662384033,0.2576881945133209,0.29427647590637207,0.1511906087398529
5,165,0.3936052620410919,0.2579672634601593,0.2677050828933716,0.14277981221675873
5,166,0.3716566264629364,0.23663902282714844,0.26520371437072754,0.14468060433864594
5,167,0.412641704082489,0.2616899907588959,0.29732340574264526,0.16011175513267517
5,168,0.3833266794681549,0.2426515519618988,0.27701258659362793,0.14935049414634705
5,169,0.4129040241241455,0.26482251286506653,0.2901325821876526,0.16014239192008972
5,170,0.3995111882686615,0.26379191875457764,0.2631414532661438,0.1523134708404541
5,171,0.3971589505672455,0.2564043700695038,0.27817845344543457,0.14741605520248413
5,172,0.3693949580192566,0.24221380054950714,0.2500384449958801,0.13582882285118103
5,173,0.3627700209617615,0.22886574268341064,0.2622982859611511,0.1449248492717743
5,174,0.4195118844509125,0.2659929394721985,0.30608975887298584,0.15541517734527588
5,175,0.40576666593551636,0.26306912302970886,0.2819037437438965,0.14968028664588928
5,176,0.3639901876449585,0.23479458689689636,0.2500547170639038,0.14586855471134186
5,177,0.34247350692749023,0.21861426532268524,0.24147921800613403,0.13633768260478973
5,178,0.43397772312164307,0.2824476361274719,0.29876530170440674,0.160119891166687
5,179,0.35296785831451416,0.22662082314491272,0.24333858489990234,0.1450580209493637
5,180,0.3856043517589569,0.25467079877853394,0.2536630630493164,0.14734157919883728
6,181,0.34815511107444763,0.22639741003513336,0.23686128854751587,0.1350659430027008
6,182,0.3519905209541321,0.23167160153388977,0.23248660564422607,0.13662132620811462
6,183,0.41656580567359924,0.2692621946334839,0.2860181927680969,0.16448168456554413
6,184,0.37143516540527344,0.23622575402259827,0.2643100619316101,0.14742694795131683
6,185,0.3797377645969391,0.2436419278383255,0.2660669684410095,0.14834526181221008
6,186,0.3298816680908203,0.21286259591579437,0.2268162965774536,0.13146279752254486
6,187,0.376212477684021,0.24001464247703552,0.26890814304351807,0.14317283034324646
6,188,0.37140271067619324,0.2372683882713318,0.26213502883911133,0.14640149474143982
6,189,0.3684230148792267,0.23621246218681335,0.2587340474128723,0.14358466863632202
6,190,0.3392341434955597,0.21829327940940857,0.23467034101486206,0.1353636234998703
6,191,0.3888290226459503,0.24963538348674774,0.2728590965270996,0.15025010704994202
6,192,0.36470356583595276,0.2377118319272995,0.246462881565094,0.14203301072120667
6,193,0.3679232597351074,0.23516717553138733,0.25627678632736206,0.15122678875923157
6,194,0.40365132689476013,0.2599325180053711,0.2817673087120056,0.15505938231945038
6,195,0.38372868299484253,0.24593663215637207,0.270067036151886,0.14882616698741913
6,196,0.3571403920650482,0.23098504543304443,0.24529623985290527,0.14018426835536957
6,197,0.36612072587013245,0.23624661564826965,0.2506592273712158,0.14805206656455994
6,198,0.38433489203453064,0.24455969035625458,0.27667808532714844,0.14551979303359985
6,199,0.4069077968597412,0.26187026500701904,0.2846364974975586,0.15591466426849365
6,200,0.35940757393836975,0.2342805564403534,0.23974478244781494,0.14614556729793549
6,201,0.3333798944950104,0.21452972292900085,0.22978806495666504,0.13467471301555634
6,202,0.303718626499176,0.1976628303527832,0.20362353324890137,0.12303194403648376
6,203,0.33767592906951904,0.21818283200263977,0.22918832302093506,0.1390887200832367
6,204,0.39628055691719055,0.254549503326416,0.2742539644241333,0.16014739871025085
6,205,0.30849769711494446,0.2007141411304474,0.20565485954284668,0.1276080459356308
6,206,0.4170180559158325,0.2656809389591217,0.29644060134887695,0.1638043224811554
6,207,0.3839225769042969,0.24562586843967438,0.27012205123901367,0.15123945474624634
6,208,0.3396078646183014,0.2212459146976471,0.2256011962890625,0.14060741662979126
6,209,0.3853594660758972,0.2464190423488617,0.2709812521934509,0.1527395099401474
6,210,0.33446016907691956,0.21287491917610168,0.23462003469467163,0.1386861652135849
7,211,0.3658243715763092,0.234172523021698,0.254050612449646,0.1501578986644745
7,212,0.3509689271450043,0.22671440243721008,0.23998171091079712,0.1413092017173767
7,213,0.34794366359710693,0.2204686999320984,0.24705088138580322,0.14327296614646912
7,214,0.39178717136383057,0.25333186984062195,0.2719498872756958,0.14837659895420074
7,215,0.35367968678474426,0.23039138317108154,0.23848390579223633,0.13947367668151855
7,216,0.38958534598350525,0.25219863653182983,0.26953816413879395,0.14785726368427277
7,217,0.3558271527290344,0.23013103008270264,0.24211299419403076,0.14425455033779144
7,218,0.3490493595600128,0.23026902973651886,0.2284332513809204,0.13703511655330658
7,219,0.3532008230686188,0.22682641446590424,0.24620777368545532,0.13945657014846802
7,220,0.36838972568511963,0.2365398406982422,0.2563396096229553,0.14657026529312134
7,221,0.4040642976760864,0.25957387685775757,0.283754825592041,0.1549423784017563
7,222,0.33634477853775024,0.21479864418506622,0.23428702354431152,0.13915657997131348
7,223,0.3427187204360962,0.21893617510795593,0.23769205808639526,0.14352862536907196
7,224,0.3638223707675934,0.23072877526283264,0.2600482106208801,0.14537161588668823
7,225,0.35745173692703247,0.22758090496063232,0.25183403491973877,0.14568613469600677
7,226,0.33383771777153015,0.2128128558397293,0.23382002115249634,0.13748419284820557
7,227,0.38344621658325195,0.24365222454071045,0.27182334661483765,0.155323326587677
7,228,0.36233747005462646,0.23509907722473145,0.24847161769866943,0.13924865424633026
7,229,0.3866429924964905,0.24359731376171112,0.2787954807281494,0.15763741731643677
7,230,0.3671303689479828,0.23800745606422424,0.24993681907653809,0.14574095606803894
7,231,0.34807631373405457,0.22317785024642944,0.24383211135864258,0.13682816922664642
7,232,0.35907605290412903,0.22936272621154785,0.25237196683883667,0.14382266998291016
7,233,0.3654889166355133,0.23373959958553314,0.2562735080718994,0.146199569106102
7,234,0.33402183651924133,0.2155546098947525,0.22719788551330566,0.13794030249118805
7,235,0.3504936695098877,0.23167099058628082,0.2267988920211792,0.14051559567451477
7,236,0.37977227568626404,0.24088582396507263,0.26962965726852417,0.15517298877239227
7,237,0.38147249817848206,0.24326194822788239,0.26945817470550537,0.15213638544082642
7,238,0.33562952280044556,0.22271214425563812,0.21803796291351318,0.12851083278656006
7,239,0.33496642112731934,0.21721795201301575,0.22640526294708252,0.13593189418315887
7,240,0.39919254183769226,0.2525181174278259,0.28581809997558594,0.16173583269119263
8,241,0.37363579869270325,0.24115774035453796,0.25506484508514404,0.1522604525089264
8,242,0.3480239510536194,0.22740693390369415,0.2319200038909912,0.13924512267112732
8,243,0.3931131064891815,0.25241589546203613,0.27135199308395386,0.16078200936317444
8,244,0.329176664352417,0.20896872878074646,0.23125815391540527,0.13852323591709137
8,245,0.3344505727291107,0.21397274732589722,0.23073965311050415,0.14090991020202637
8,246,0.3432157635688782,0.22182369232177734,0.23157262802124023,0.14381515979766846
8,247,0.33823463320732117,0.21581900119781494,0.23748743534088135,0.1371033489704132
8,248,0.35789960622787476,0.2306058704853058,0.2455747127532959,0.14531919360160828
8,249,0.3598741590976715,0.22902724146842957,0.2529156804084778,0.14840319752693176
8,250,0.3807497024536133,0.2421184629201889,0.26999473571777344,0.153166726231575
8,251,0.36229947209358215,0.22939099371433258,0.2555840015411377,0.15337435901165009
8,252,0.3377264142036438,0.21922992169857025,0.22878825664520264,0.13490593433380127
8,253,0.3611590564250946,0.22855061292648315,0.25864356756210327,0.14575505256652832
8,254,0.327891081571579,0.21167734265327454,0.2228614091873169,0.13534590601921082
8,255,0.32180002331733704,0.20869006216526031,0.21760594844818115,0.13033798336982727
8,256,0.33166074752807617,0.21312355995178223,0.2286313772201538,0.1354231834411621
8,257,0.3165087103843689,0.206138014793396,0.21112120151519775,0.12961098551750183
8,258,0.334920197725296,0.21611842513084412,0.22728508710861206,0.1394386887550354
8,259,0.35079795122146606,0.22487451136112213,0.2439131736755371,0.14179077744483948
8,260,0.40250787138938904,0.25595730543136597,0.2857837677001953,0.16118526458740234
8,261,0.3391418159008026,0.21997395157814026,0.2313978672027588,0.13304351270198822
8,262,0.40685024857521057,0.2580314874649048,0.2911093235015869,0.16187524795532227
8,263,0.36297282576560974,0.23537713289260864,0.2447935938835144,0.14839133620262146
8,264,0.36303582787513733,0.2338394671678543,0.24893134832382202,0.1481192409992218
8,265,0.3556358516216278,0.22573809325695038,0.2504945993423462,0.14849957823753357
8,266,0.3876939117908478,0.2496761530637741,0.26564061641693115,0.1588074415922165
8,267,0.3394593894481659,0.2170775830745697,0.23483651876449585,0.1422359049320221
8,268,0.32478058338165283,0.2075778990983963,0.22373902797698975,0.13853541016578674
8,269,0.3239714205265045,0.21292054653167725,0.21211254596710205,0.13102929294109344
8,270,0.3135344088077545,0.20680882036685944,0.20149147510528564,0.13064509630203247
9,271,0.3379594683647156,0.22027687728405,0.22539716958999634,0.13761857151985168
9,272,0.3749580979347229,0.23766575753688812,0.2666546106338501,0.15315255522727966
9,273,0.4156308174133301,0.2621271014213562,0.30210810899734497,0.16330234706401825
9,274,0.3910706639289856,0.2523072361946106,0.26978927850723267,0.15423858165740967
9,275,0.3580540120601654,0.23090656101703644,0.24347257614135742,0.1487921178340912
9,276,0.3569996654987335,0.22869189083576202,0.24724531173706055,0.14704817533493042
9,277,0.335445374250412,0.21621564030647278,0.22616666555404663,0.14381533861160278
9,278,0.38926106691360474,0.24718518555164337,0.2772057056427002,0.1559680700302124
9,279,0.31593844294548035,0.20336541533470154,0.21394670009613037,0.1349717676639557
9,280,0.34818267822265625,0.22144609689712524,0.24501073360443115,0.14366142451763153
9,281,0.34940800070762634,0.2243654876947403,0.24251574277877808,0.1401810646057129
9,282,0.36156678199768066,0.23181197047233582,0.25215452909469604,0.14446496963500977
9,283,0.36108872294425964,0.23263069987297058,0.24981248378753662,0.14266499876976013
9,284,0.35212546586990356,0.22494585812091827,0.2442299723625183,0.14743797481060028
9,285,0.38204875588417053,0.2421891689300537,0.27200961112976074,0.1552787572145462
9,286,0.3592590093612671,0.22876524925231934,0.2517836093902588,0.1489015817642212
9,287,0.3193323612213135,0.20936983823776245,0.20796358585357666,0.13388541340827942
9,288,0.31716686487197876,0.20550598204135895,0.21489602327346802,0.12851235270500183
9,289,0.3568376898765564,0.2320149838924408,0.23868298530578613,0.14674745500087738
9,290,0.35650819540023804,0.23008370399475098,0.2433847188949585,0.14535312354564667
9,291,0.3380856513977051,0.2183995395898819,0.2308095097541809,0.13681164383888245
9,292,0.38509926199913025,0.24290744960308075,0.27617359161376953,0.15861177444458008
9,293,0.3181108236312866,0.20462818443775177,0.21748894453048706,0.13243529200553894
9,294,0.3343200981616974,0.21493008732795715,0.2285858392715454,0.13977837562561035
9,295,0.37876835465431213,0.2435241937637329,0.2594085931777954,0.1574036180973053
9,296,0.34273722767829895,0.22162960469722748,0.2309861183166504,0.143565833568573
9,297,0.33715227246284485,0.21842476725578308,0.22544634342193604,0.14274471998214722
9,298,0.37597158551216125,0.24887049198150635,0.24168336391448975,0.15213873982429504
9,299,0.3508407175540924,0.2212187647819519,0.2503582239151001,0.1473933905363083
9,300,0.3063865900039673,0.20026138424873352,0.19923776388168335,0.1321505308151245
10,301,0.3580869734287262,0.22682848572731018,0.25256240367889404,0.1511676013469696
10,302,0.37925049662590027,0.24059954285621643,0.26727771759033203,0.15869934856891632
10,303,0.37478598952293396,0.24184438586235046,0.2548333406448364,0.1550414264202118
10,304,0.31219983100891113,0.19961188733577728,0.2136085033416748,0.13572268187999725
10,305,0.3850129544734955,0.24683840572834015,0.2672160863876343,0.15644057095050812
10,306,0.30720993876457214,0.19972683489322662,0.204059898853302,0.1292956918478012
10,307,0.36626294255256653,0.23823529481887817,0.24231374263763428,0.1555107682943344
10,308,0.343909353017807,0.22380898892879486,0.22791790962219238,0.14466598629951477
10,309,0.341113805770874,0.2173379510641098,0.23964262008666992,0.13959410786628723
10,310,0.3424164056777954,0.22170019149780273,0.2291661500930786,0.14524874091148376
10,311,0.33363887667655945,0.21543633937835693,0.22674870491027832,0.13751524686813354
10,312,0.3277958631515503,0.21291296184062958,0.21717453002929688,0.14006546139717102
10,313,0.34734371304512024,0.22591906785964966,0.23468530178070068,0.13775253295898438
10,314,0.33649635314941406,0.21529032289981842,0.23350012302398682,0.13902997970581055
10,315,0.31548231840133667,0.20365716516971588,0.21034717559814453,0.13843151926994324
10,316,0.3563925623893738,0.2287418395280838,0.24442529678344727,0.14940303564071655
10,317,0.34016209840774536,0.21662120521068573,0.2370968461036682,0.143510639667511
10,318,0.36624613404273987,0.23917052149772644,0.24578917026519775,0.1437995880842209
10,319,0.3124922513961792,0.20016872882843018,0.21275049448013306,0.13611656427383423
10,320,0.37394633889198303,0.23765352368354797,0.263302206993103,0.1548595130443573
10,321,0.3572375476360321,0.22983026504516602,0.2457689642906189,0.14549851417541504
10,322,0.3402373492717743,0.21796509623527527,0.23342519998550415,0.1445109248161316
10,323,0.3183440566062927,0.2048967331647873,0.2150917649269104,0.13705311715602875
10,324,0.33552679419517517,0.21481288969516754,0.23069113492965698,0.14218737185001373
10,325,0.4035318195819855,0.25808247923851013,0.284565269947052,0.15811604261398315
10,326,0.3259625732898712,0.20932836830615997,0.22066283226013184,0.14184539020061493
10,327,0.34459495544433594,0.22479745745658875,0.22474610805511475,0.14949527382850647
10,328,0.33002984523773193,0.20966823399066925,0.23129618167877197,0.13921578228473663
10,329,0.40939760208129883,0.2601372003555298,0.29078370332717896,0.1647346019744873
10,330,0.3115401864051819,0.19989639520645142,0.21088463068008423,0.13644957542419434
11,331,0.3177335560321808,0.20536920428276062,0.21269798278808594,0.13642573356628418
11,332,0.3573707938194275,0.23052366077899933,0.243169367313385,0.14789699018001556
11,333,0.3535841107368469,0.22751741111278534,0.24193042516708374,0.14647254347801208
11,334,0.34006667137145996,0.21836324036121368,0.2335292100906372,0.14145874977111816
11,335,0.34960415959358215,0.22444505989551544,0.24094748497009277,0.14390045404434204
11,336,0.3423578441143036,0.22107473015785217,0.23289155960083008,0.14063242077827454
11,337,0.3708096146583557,0.23279589414596558,0.2663242220878601,0.15742021799087524
11,338,0.35340073704719543,0.2252250462770462,0.2469562292098999,0.14696604013442993
11,339,0.3724774122238159,0.24362298846244812,0.24783867597579956,0.14859461784362793
11,340,0.3309040665626526,0.2141503095626831,0.2212979793548584,0.14117279648780823
11,341,0.3010062277317047,0.19341444969177246,0.20187413692474365,0.13421061635017395
11,342,0.3436828553676605,0.22046427428722382,0.23683881759643555,0.1424153447151184
11,343,0.3476174771785736,0.22611258924007416,0.23236215114593506,0.14280012249946594
11,344,0.3425835371017456,0.21763141453266144,0.23976373672485352,0.14523307979106903
11,345,0.3404778242111206,0.21876788139343262,0.23266911506652832,0.1432114690542221
11,346,0.2991323173046112,0.19479180872440338,0.19868826866149902,0.12432599067687988
11,347,0.3230534791946411,0.2082718312740326,0.21926701068878174,0.1353742480278015
11,348,0.3303285837173462,0.2145848572254181,0.2189684510231018,0.14078164100646973
11,349,0.3307839632034302,0.21118217706680298,0.2292858362197876,0.13943737745285034
11,350,0.3496084213256836,0.22636348009109497,0.23541808128356934,0.14538851380348206
11,351,0.3670289218425751,0.23318105936050415,0.25964808464050293,0.1499430537223816
11,352,0.3070666193962097,0.1982259750366211,0.2054532766342163,0.13329671323299408
11,353,0.33263787627220154,0.21085676550865173,0.23306512832641602,0.14277534186840057
11,354,0.3210304379463196,0.20529143512248993,0.22155392169952393,0.13558709621429443
11,355,0.34084847569465637,0.220083549618721,0.2313341498374939,0.14115625619888306
11,356,0.33649733662605286,0.21589240431785583,0.23341155052185059,0.13620147109031677
11,357,0.3404490053653717,0.21771132946014404,0.23481929302215576,0.14404980838298798
11,358,0.3584419786930084,0.22823002934455872,0.25035029649734497,0.150359109044075
11,359,0.367441326379776,0.2362624704837799,0.25153279304504395,0.15282867848873138
11,360,0.3466651737689972,0.22376683354377747,0.23197507858276367,0.15054146945476532
12,361,0.3477858304977417,0.22429722547531128,0.23605656623840332,0.1453298032283783
12,362,0.3124200403690338,0.2011069655418396,0.20984399318695068,0.13687750697135925
12,363,0.37274599075317383,0.23725992441177368,0.26017069816589355,0.15708892047405243
12,364,0.2991757392883301,0.19328756630420685,0.19991302490234375,0.12961480021476746
12,365,0.3167625665664673,0.20284399390220642,0.2197105884552002,0.13017158210277557
12,366,0.3547224998474121,0.22477850317955017,0.24940776824951172,0.15090429782867432
12,367,0.3618965148925781,0.23554424941539764,0.23929882049560547,0.15316373109817505
12,368,0.35076168179512024,0.22509458661079407,0.23971235752105713,0.1489107310771942
12,369,0.3823738098144531,0.24257895350456238,0.270687460899353,0.15759924054145813
12,370,0.3348854184150696,0.21725353598594666,0.22257274389266968,0.14301389455795288
12,371,0.2956644892692566,0.1936907023191452,0.1900233030319214,0.1298222690820694
12,372,0.2993108034133911,0.19303706288337708,0.1986551284790039,0.13405846059322357
12,373,0.2994975745677948,0.1929217427968979,0.20128387212753296,0.13031138479709625
12,374,0.3358032703399658,0.21677781641483307,0.22628259658813477,0.14256206154823303
12,375,0.3632894456386566,0.2362246811389923,0.24378204345703125,0.14775978028774261
12,376,0.3225057125091553,0.20977097749710083,0.21431517601013184,0.13504329323768616
12,377,0.36257222294807434,0.22921466827392578,0.2584349513053894,0.1499178409576416
12,378,0.3102714717388153,0.2029261589050293,0.20459836721420288,0.12752977013587952
12,379,0.3093578815460205,0.20115870237350464,0.2045741081237793,0.13184770941734314
12,380,0.3248506486415863,0.20764006674289703,0.22285938262939453,0.14033417403697968
12,381,0.32130348682403564,0.2071639597415924,0.2165888547897339,0.13751989603042603
12,382,0.3135908842086792,0.19932027161121368,0.21845275163650513,0.13444757461547852
12,383,0.3134801983833313,0.19807930290699005,0.22184932231903076,0.13330572843551636
12,384,0.34089866280555725,0.21917657554149628,0.23095154762268066,0.14670734107494354
12,385,0.34764617681503296,0.22657954692840576,0.23006391525268555,0.1452053040266037
12,386,0.3819604218006134,0.24039137363433838,0.2774200439453125,0.1530051827430725
12,387,0.3299419581890106,0.214147686958313,0.21983301639556885,0.13930530846118927
12,388,0.29150158166885376,0.19135867059230804,0.18790292739868164,0.12490873038768768
12,389,0.36250385642051697,0.23030540347099304,0.2531006932258606,0.15479092299938202
12,390,0.3406640291213989,0.21968424320220947,0.23112499713897705,0.14264893531799316
13,391,0.3282403349876404,0.21306633949279785,0.21770983934402466,0.14045025408267975
13,392,0.30020925402641296,0.19547519087791443,0.1960504651069641,0.13156937062740326
13,393,0.3201977610588074,0.20569759607315063,0.21758580207824707,0.13732928037643433
13,394,0.346024751663208,0.21996457874774933,0.24062931537628174,0.14904223382472992
13,395,0.31633007526397705,0.2072800099849701,0.20392948389053345,0.13739138841629028
13,396,0.3493557274341583,0.2251565158367157,0.2359258532524109,0.14914444088935852
13,397,0.3062606453895569,0.19826921820640564,0.20251667499542236,0.13492369651794434
13,398,0.3482513427734375,0.22666457295417786,0.2324303388595581,0.1430731862783432
13,399,0.3458840548992157,0.22768118977546692,0.2238391637802124,0.1433359682559967
13,400,0.34304746985435486,0.22012272477149963,0.23341715335845947,0.14778940379619598
13,401,0.30735263228416443,0.19665923714637756,0.20826637744903564,0.13693420588970184
13,402,0.28866180777549744,0.1914135217666626,0.17981749773025513,0.12660634517669678
13,403,0.3833937644958496,0.24392768740653992,0.269423246383667,0.1584838330745697
13,404,0.37073415517807007,0.23703420162200928,0.2565617561340332,0.15537619590759277
13,405,0.3258730471134186,0.2104874849319458,0.21816718578338623,0.14059346914291382
13,406,0.32303351163864136,0.2055436074733734,0.22540700435638428,0.136635422706604
13,407,0.33161312341690063,0.2107325941324234,0.23136764764785767,0.1416674554347992
13,408,0.31104689836502075,0.19787609577178955,0.21717935800552368,0.13149528205394745
13,409,0.3001656234264374,0.19262218475341797,0.20393240451812744,0.12985248863697052
13,410,0.33290961384773254,0.2130773812532425,0.22752177715301514,0.14411765336990356
13,411,0.3104768693447113,0.20039796829223633,0.20844948291778564,0.13349549472332
13,412,0.331218421459198,0.21297839283943176,0.22382783889770508,0.14354443550109863
13,413,0.35549116134643555,0.2252318263053894,0.2498341202735901,0.15162840485572815
13,414,0.31709024310112,0.20722690224647522,0.20536750555038452,0.13858173787593842
13,415,0.38061484694480896,0.24072310328483582,0.2719388008117676,0.15558110177516937
13,416,0.34040015935897827,0.21755105257034302,0.23427414894104004,0.14569726586341858
13,417,0.36004406213760376,0.23244434595108032,0.24381804466247559,0.1503625065088272
13,418,0.3597659468650818,0.23164993524551392,0.24379944801330566,0.15298116207122803
13,419,0.3454785943031311,0.2181299775838852,0.24460458755493164,0.1475338637828827
13,420,0.32713499665260315,0.20880578458309174,0.22414755821228027,0.1433510035276413
14,421,0.33056366443634033,0.2123260349035263,0.22655940055847168,0.13806939125061035
14,422,0.35846763849258423,0.22797760367393494,0.25323760509490967,0.14597497880458832
14,423,0.34662356972694397,0.22277182340621948,0.23809409141540527,0.1430705487728119
14,424,0.3478775918483734,0.225609689950943,0.2316197156906128,0.14810004830360413
14,425,0.3197229206562042,0.20530690252780914,0.21629905700683594,0.13948200643062592
14,426,0.3417366147041321,0.2235414832830429,0.2250361442565918,0.1409032642841339
14,427,0.32787466049194336,0.2068987488746643,0.23089754581451416,0.1430845707654953
14,428,0.36356014013290405,0.2311127632856369,0.2566744089126587,0.14888814091682434
14,429,0.38633307814598083,0.2431451976299286,0.2774268388748169,0.16108566522598267
14,430,0.35255613923072815,0.22602012753486633,0.24194180965423584,0.14879637956619263
14,431,0.35612621903419495,0.22394225001335144,0.25437331199645996,0.15217317640781403
14,432,0.3330126106739044,0.2150772213935852,0.22347337007522583,0.14273014664649963
14,433,0.32607123255729675,0.2156100571155548,0.2111905813217163,0.1299247443675995
14,434,0.3298361599445343,0.20869646966457367,0.231095552444458,0.1435072124004364
14,435,0.32039326429367065,0.2089875340461731,0.2099602222442627,0.13710832595825195
14,436,0.35911720991134644,0.23154789209365845,0.23961108922958374,0.15862439572811127
14,437,0.292490154504776,0.19002485275268555,0.19270610809326172,0.12691424787044525
14,438,0.2725987732410431,0.1784764528274536,0.17551273107528687,0.11958618462085724
14,439,0.35048604011535645,0.22379569709300995,0.24064505100250244,0.15216152369976044
14,440,0.2974931299686432,0.19370970129966736,0.1943354606628418,0.13024616241455078
14,441,0.3406751751899719,0.2198466956615448,0.22944390773773193,0.14525459706783295
14,442,0.3616079092025757,0.2334170937538147,0.24453186988830566,0.15189044177532196
14,443,0.3566901683807373,0.22346307337284088,0.25762128829956055,0.15089291334152222
14,444,0.31503111124038696,0.2032557725906372,0.2114015817642212,0.13607355952262878
14,445,0.3265458941459656,0.20798635482788086,0.22823071479797363,0.1363362818956375
14,446,0.3246125876903534,0.2096792757511139,0.21582633256912231,0.1430138498544693
14,447,0.3243675231933594,0.209183931350708,0.21697986125946045,0.1419583559036255
14,448,0.3137020468711853,0.20015516877174377,0.21683800220489502,0.13405828177928925
14,449,0.33993637561798096,0.21514751017093658,0.24026727676391602,0.143409863114357
14,450,0.3460492491722107,0.21967315673828125,0.24050289392471313,0.15087471902370453
15,451,0.34981071949005127,0.22417287528514862,0.23904049396514893,0.1501082479953766
15,452,0.30678391456604004,0.1947329044342041,0.21084940433502197,0.13855622708797455
15,453,0.3423588275909424,0.22808866202831268,0.21547091007232666,0.14040902256965637
15,454,0.31215929985046387,0.20268268883228302,0.20773720741271973,0.13190872967243195
15,455,0.3171245753765106,0.20282165706157684,0.21609258651733398,0.13932949304580688
15,456,0.3415600061416626,0.22057704627513885,0.22996079921722412,0.14499318599700928
15,457,0.31585997343063354,0.20596711337566376,0.20791471004486084,0.13363485038280487
15,458,0.3173976540565491,0.20898759365081787,0.20461249351501465,0.1328253597021103
15,459,0.3143337368965149,0.19930057227611542,0.21876609325408936,0.13763368129730225
15,460,0.3334287703037262,0.21476328372955322,0.22731506824493408,0.13869735598564148
15,461,0.3654986619949341,0.23354078829288483,0.25478923320770264,0.15021084249019623
15,462,0.292623907327652,0.19210368394851685,0.18690866231918335,0.1287836879491806
15,463,0.34707751870155334,0.2261105477809906,0.22830504179000854,0.1482246369123459
15,464,0.3044045865535736,0.1952451914548874,0.2073867917060852,0.1310233473777771
15,465,0.2929449677467346,0.19001717865467072,0.19304132461547852,0.12855631113052368
15,466,0.2888525724411011,0.18794295191764832,0.18632763624191284,0.13189288973808289
15,467,0.29715022444725037,0.19169709086418152,0.19653022289276123,0.1342051923274994
15,468,0.3042566180229187,0.19695445895195007,0.20242244005203247,0.13166587054729462
15,469,0.3394351899623871,0.2150787115097046,0.23823463916778564,0.1453130841255188
15,470,0.3374786674976349,0.2162514626979828,0.23372948169708252,0.13867703080177307
15,471,0.2678483724594116,0.17590147256851196,0.1721898913383484,0.11535461246967316
15,472,0.29519736766815186,0.19298861920833588,0.1897965669631958,0.1314505785703659
15,473,0.3298474848270416,0.20893241465091705,0.23089569807052612,0.1427839696407318
15,474,0.3437183201313019,0.2219063639640808,0.23131418228149414,0.14643143117427826
15,475,0.30906862020492554,0.19735471904277802,0.21105360984802246,0.13646237552165985
15,476,0.3372305631637573,0.21727386116981506,0.22704648971557617,0.14569048583507538
15,477,0.31143879890441895,0.19980844855308533,0.20953160524368286,0.1390884518623352
15,478,0.30688828229904175,0.20377330482006073,0.1910356879234314,0.13350346684455872
15,479,0.33371034264564514,0.21306005120277405,0.22983282804489136,0.14358575642108917
15,480,0.3156915605068207,0.20237702131271362,0.21690571308135986,0.13276129961013794
16,481,0.2963736951351166,0.18972685933113098,0.20118027925491333,0.13087356090545654
16,482,0.32630375027656555,0.209689199924469,0.22106212377548218,0.14094838500022888
16,483,0.38795629143714905,0.24613721668720245,0.27355700731277466,0.1619814932346344
16,484,0.33777719736099243,0.21760091185569763,0.22902172803878784,0.14283791184425354
16,485,0.3140351474285126,0.20497570931911469,0.20418071746826172,0.13693571090698242
16,486,0.31287112832069397,0.20058196783065796,0.2135980725288391,0.13424968719482422
16,487,0.33563634753227234,0.21431130170822144,0.22952568531036377,0.1475738286972046
16,488,0.2860953211784363,0.18627658486366272,0.18660199642181396,0.1258896440267563
16,489,0.3187950849533081,0.2043110877275467,0.21714383363723755,0.1381322145462036
16,490,0.3517298996448517,0.22375136613845825,0.24508047103881836,0.14973178505897522
16,491,0.3246753513813019,0.2089400440454483,0.218250572681427,0.1421753466129303
16,492,0.33568114042282104,0.21290622651576996,0.2330685257911682,0.1477375030517578
16,493,0.3301123082637787,0.21219182014465332,0.225713849067688,0.13817468285560608
16,494,0.34833166003227234,0.22485563158988953,0.23436319828033447,0.14865374565124512
16,495,0.3165835738182068,0.2053082287311554,0.20798516273498535,0.1404063105583191
16,496,0.31856977939605713,0.20372562110424042,0.2157062292098999,0.14280825853347778
16,497,0.2898900508880615,0.1892445683479309,0.186384916305542,0.1304575800895691
16,498,0.3310432434082031,0.21410402655601501,0.2205299735069275,0.14363613724708557
16,499,0.2948773205280304,0.19045063853263855,0.19513213634490967,0.13186919689178467
16,500,0.34889665246009827,0.2219638079404831,0.24374401569366455,0.14717625081539154
16,501,0.3225661516189575,0.2070467472076416,0.22019022703170776,0.13721667230129242
16,502,0.3241797983646393,0.21020041406154633,0.2153525948524475,0.13919179141521454
16,503,0.3197835385799408,0.2052047699689865,0.21809887886047363,0.13669613003730774
16,504,0.2899242639541626,0.1858178973197937,0.19558382034301758,0.12936411798000336
16,505,0.3276810944080353,0.21243160963058472,0.2172929048538208,0.1416616588830948
16,506,0.298587441444397,0.19471842050552368,0.19328761100769043,0.13276991248130798
16,507,0.28805795311927795,0.18401294946670532,0.19663822650909424,0.1269485354423523
16,508,0.334980309009552,0.21555480360984802,0.22513234615325928,0.1468629240989685
16,509,0.3125982880592346,0.20175790786743164,0.20651274919509888,0.1411764919757843
16,510,0.31148308515548706,0.19937297701835632,0.2126314640045166,0.13528764247894287
17,511,0.27190926671028137,0.17930682003498077,0.17022556066513062,0.12256118655204773
17,512,0.28460267186164856,0.18276762962341309,0.19198811054229736,0.12519900500774384
17,513,0.3255176544189453,0.21037337183952332,0.21666502952575684,0.14239127933979034
17,514,0.36195385456085205,0.2318383753299713,0.24922806024551392,0.15212111175060272
17,515,0.30792108178138733,0.20384877920150757,0.19213449954986572,0.1360923945903778
17,516,0.34621939063072205,0.2168509066104889,0.24827373027801514,0.1502949446439743
17,517,0.2862585783004761,0.18382702767848969,0.19373786449432373,0.12468206137418747
17,518,0.298789381980896,0.1901865005493164,0.20415228605270386,0.13470982015132904
17,519,0.27244865894317627,0.1758452206850052,0.1805201768875122,0.12197693437337875
17,520,0.34832483530044556,0.2232728898525238,0.2373937964439392,0.15047204494476318
17,521,0.3218289911746979,0.20755651593208313,0.21578502655029297,0.1397923231124878
17,522,0.3279360234737396,0.21151140332221985,0.22066068649291992,0.14080165326595306
17,523,0.30866700410842896,0.197994202375412,0.20894598960876465,0.13547202944755554
17,524,0.2522439956665039,0.166190505027771,0.15958809852600098,0.11109127104282379
17,525,0.31028100848197937,0.19903641939163208,0.2087801694869995,0.13866263628005981
17,526,0.33742067217826843,0.2146206498146057,0.2340075969696045,0.14598488807678223
17,527,0.29648640751838684,0.19221732020378113,0.1951754093170166,0.13099457323551178
17,528,0.29273751378059387,0.18930977582931519,0.1939743161201477,0.12919002771377563
17,529,0.32889994978904724,0.20919722318649292,0.22803795337677002,0.14243769645690918
17,530,0.342119961977005,0.2177247703075409,0.23515546321868896,0.1516650766134262
17,531,0.3185741603374481,0.20211870968341827,0.22278344631195068,0.13671039044857025
17,532,0.3374035358428955,0.21817901730537415,0.2227574586868286,0.15060769021511078
17,533,0.29623156785964966,0.19567883014678955,0.18550574779510498,0.13175223767757416
17,534,0.3524969518184662,0.2255353331565857,0.24234330654144287,0.15012143552303314
17,535,0.3320704996585846,0.20936575531959534,0.2338426113128662,0.1458384394645691
17,536,0.3344983756542206,0.21378780901432037,0.22817903757095337,0.14719471335411072
17,537,0.3210408389568329,0.2064102590084076,0.21504592895507812,0.14306104183197021
17,538,0.31185099482536316,0.19845440983772278,0.21515870094299316,0.13666561245918274
17,539,0.3189874291419983,0.20625218749046326,0.21343815326690674,0.1367998868227005
17,540,0.29641813039779663,0.19138172268867493,0.19839704036712646,0.1283879280090332
18,541,0.2905586361885071,0.18994703888893127,0.18545562028884888,0.13214677572250366
18,542,0.28622567653656006,0.18700024485588074,0.18582868576049805,0.12446963787078857
18,543,0.3327827453613281,0.20985226333141327,0.2345929741859436,0.1454664170742035
18,544,0.30298253893852234,0.19243693351745605,0.2110474705696106,0.13063305616378784
18,545,0.30927303433418274,0.202670156955719,0.19560515880584717,0.14180412888526917
18,546,0.3293227553367615,0.2123260647058487,0.22234845161437988,0.14028647541999817
18,547,0.3134343922138214,0.2000114619731903,0.21281659603118896,0.1414814442396164
18,548,0.3132687211036682,0.2029266506433487,0.20599591732025146,0.13971857726573944
18,549,0.29379597306251526,0.188847154378891,0.19608628749847412,0.13257139921188354
18,550,0.2928523123264313,0.19268962740898132,0.1860904097557068,0.128632590174675
18,551,0.30980977416038513,0.19716410338878632,0.21332985162734985,0.13656863570213318
18,552,0.2904292941093445,0.18695664405822754,0.19377660751342773,0.12980994582176208
18,553,0.3224424421787262,0.20575357973575592,0.22126293182373047,0.14091843366622925
18,554,0.30879005789756775,0.1982276290655136,0.20769762992858887,0.13741689920425415
18,555,0.28883782029151917,0.1871805638074875,0.18868499994277954,0.13091620802879333
18,556,0.26243433356285095,0.1677500307559967,0.17798995971679688,0.11744160950183868
18,557,0.32914999127388,0.2077271044254303,0.23203492164611816,0.143044576048851
18,558,0.32135093212127686,0.20745159685611725,0.21227937936782837,0.14493799209594727
18,559,0.32036536931991577,0.20493260025978088,0.21997779607772827,0.13720829784870148
18,560,0.33946576714515686,0.21836070716381073,0.2280900478363037,0.1493452787399292
18,561,0.3247500956058502,0.20885610580444336,0.21908926963806152,0.14129143953323364
18,562,0.35300809144973755,0.22356441617012024,0.24593710899353027,0.15534423291683197
18,563,0.31714510917663574,0.20252656936645508,0.21495676040649414,0.14317920804023743
18,564,0.3114412724971771,0.1986517608165741,0.21118557453155518,0.14157631993293762
18,565,0.2940889298915863,0.1871156543493271,0.2014073133468628,0.1320517510175705
18,566,0.3224576413631439,0.20415453612804413,0.22568905353546143,0.14013731479644775
18,567,0.30539166927337646,0.19775840640068054,0.2014637589454651,0.13523875176906586
18,568,0.3245514929294586,0.20942530035972595,0.21703743934631348,0.14155612885951996
18,569,0.29866793751716614,0.19400766491889954,0.19489002227783203,0.13352131843566895
18,570,0.33996737003326416,0.2173326015472412,0.23160135746002197,0.1499711573123932
19,571,0.2905718684196472,0.18654191493988037,0.19799011945724487,0.12416963279247284
19,572,0.27184951305389404,0.17561963200569153,0.17883026599884033,0.1234888955950737
19,573,0.33957767486572266,0.22230425477027893,0.22222602367401123,0.14191509783267975
19,574,0.3345641493797302,0.21320292353630066,0.23026400804519653,0.14627811312675476
19,575,0.30675700306892395,0.19318483769893646,0.21604371070861816,0.13577336072921753
19,576,0.32575729489326477,0.20748800039291382,0.2241981029510498,0.14295020699501038
19,577,0.3351590037345886,0.21535919606685638,0.2257763147354126,0.1474463939666748
19,578,0.30577579140663147,0.20042374730110168,0.19936120510101318,0.12803781032562256
19,579,0.3315613567829132,0.21568675339221954,0.2167820930480957,0.14580893516540527
19,580,0.2811645269393921,0.1815381497144699,0.1843191385269165,0.1294936239719391
19,581,0.3369196355342865,0.2142867147922516,0.2321758270263672,0.14881299436092377
19,582,0.3184671401977539,0.20700134336948395,0.20704400539398193,0.1432410329580307
19,583,0.2816236913204193,0.18114754557609558,0.18728101253509521,0.12781867384910583
19,584,0.31243807077407837,0.19931581616401672,0.21343398094177246,0.13874326646327972
19,585,0.30974066257476807,0.19769656658172607,0.20920878648757935,0.1418028324842453
19,586,0.31227216124534607,0.19953861832618713,0.21163666248321533,0.140394389629364
19,587,0.3340888023376465,0.21174249053001404,0.2310025691986084,0.14972642064094543
19,588,0.29787546396255493,0.1888599991798401,0.20604932308197021,0.13297876715660095
19,589,0.29714274406433105,0.19035916030406952,0.20037859678268433,0.13316069543361664
19,590,0.32511088252067566,0.20916898548603058,0.22101259231567383,0.1376843899488449
19,591,0.28866714239120483,0.18713361024856567,0.19014018774032593,0.12738728523254395
19,592,0.2654286026954651,0.17385545372962952,0.16817307472229004,0.12151961028575897
19,593,0.28779464960098267,0.18439334630966187,0.192466139793396,0.132074236869812
19,594,0.3127855062484741,0.19844725728034973,0.21686184406280518,0.13796749711036682
19,595,0.3046911060810089,0.19426625967025757,0.2077122926712036,0.13669967651367188
19,596,0.31814318895339966,0.20470178127288818,0.21406662464141846,0.13907374441623688
19,597,0.3156411349773407,0.20412302017211914,0.2077757716178894,0.14203906059265137
19,598,0.32525959610939026,0.20994235575199127,0.21676146984100342,0.1430632472038269
19,599,0.25727248191833496,0.16828683018684387,0.16368961334228516,0.11754893511533737
19,600,0.288038969039917,0.1835993528366089,0.1947224736213684,0.1327531784772873
20,601,0.2645271122455597,0.16935062408447266,0.17766624689102173,0.12054993212223053
20,602,0.332144170999527,0.2135714590549469,0.22456592321395874,0.14373168349266052
20,603,0.3269505202770233,0.2123565673828125,0.21513581275939941,0.14269807934761047
20,604,0.31246060132980347,0.19862958788871765,0.21380096673965454,0.14155316352844238
20,605,0.2936343252658844,0.18942101299762726,0.19259041547775269,0.1358858048915863
20,606,0.34941402077674866,0.22486066818237305,0.23396509885787964,0.15483656525611877
20,607,0.3069230914115906,0.1958187222480774,0.2097015380859375,0.13611885905265808
20,608,0.28324460983276367,0.17991560697555542,0.19281864166259766,0.13100773096084595
20,609,0.33447057008743286,0.2150295078754425,0.2272757887840271,0.1426536738872528
20,610,0.30518674850463867,0.1982334703207016,0.2018648386001587,0.1310366690158844
20,611,0.32364439964294434,0.2069004625082016,0.22123712301254272,0.14124536514282227
20,612,0.27455267310142517,0.17704680562019348,0.17990320920944214,0.12772291898727417
20,613,0.2900735139846802,0.18618114292621613,0.19452595710754395,0.13040994107723236
20,614,0.2996179759502411,0.19022268056869507,0.206589937210083,0.1337966024875641
20,615,0.30377858877182007,0.19541563093662262,0.20072615146636963,0.14036256074905396
20,616,0.29111120104789734,0.18938007950782776,0.1892980933189392,0.13005943596363068
20,617,0.32110127806663513,0.20984400808811188,0.2056293487548828,0.14502768218517303
20,618,0.2892949879169464,0.1866002082824707,0.191567063331604,0.13033974170684814
20,619,0.31910499930381775,0.20280390977859497,0.21995896100997925,0.1415875107049942
20,620,0.2911173105239868,0.18653476238250732,0.19560015201568604,0.13171237707138062
20,621,0.2845473289489746,0.18524476885795593,0.18157273530960083,0.13336728513240814
20,622,0.3011101186275482,0.1953572928905487,0.19565224647521973,0.13745957612991333
20,623,0.31457382440567017,0.20531463623046875,0.20325374603271484,0.1397884339094162
20,624,0.31578558683395386,0.19926005601882935,0.22187674045562744,0.13887415826320648
20,625,0.28069809079170227,0.180088073015213,0.18763744831085205,0.12777525186538696
20,626,0.2927623689174652,0.18912622332572937,0.19161641597747803,0.13494786620140076
20,627,0.34874141216278076,0.22139108180999756,0.24025225639343262,0.1562471240758896
20,628,0.2886180877685547,0.18446746468544006,0.19565224647521973,0.12944866716861725
20,629,0.30104440450668335,0.1940179169178009,0.19848155975341797,0.13816916942596436
20,630,0.28940457105636597,0.183535635471344,0.2001035213470459,0.12913760542869568
21,631,0.2975156307220459,0.19037188589572906,0.2041991949081421,0.12732034921646118
21,632,0.29692327976226807,0.1933967024087906,0.19311892986297607,0.13139495253562927
21,633,0.28153184056282043,0.18162214756011963,0.18537640571594238,0.12879568338394165
21,634,0.30106478929519653,0.19333016872406006,0.20063304901123047,0.1374071091413498
21,635,0.2587321698665619,0.16748929023742676,0.16927242279052734,0.11766954511404037
21,636,0.32457414269447327,0.20905274152755737,0.2171362042427063,0.14333461225032806
21,637,0.29572176933288574,0.19008547067642212,0.1989830732345581,0.13021525740623474
21,638,0.2638417184352875,0.17663252353668213,0.16071975231170654,0.11460652202367783
21,639,0.3277193605899811,0.21159347891807556,0.22128081321716309,0.13806776702404022
21,640,0.2806323766708374,0.17935512959957123,0.18874388933181763,0.1288985013961792
21,641,0.29043591022491455,0.18517932295799255,0.1974097490310669,0.13146337866783142
21,642,0.3164939880371094,0.20328910648822784,0.21622180938720703,0.13358083367347717
21,643,0.28921768069267273,0.1873597502708435,0.18945467472076416,0.1303803026676178
21,644,0.348259836435318,0.22436818480491638,0.23710983991622925,0.14523854851722717
21,645,0.301067590713501,0.1921757161617279,0.20439159870147705,0.13567611575126648
21,646,0.29858094453811646,0.19153457880020142,0.1997775435447693,0.13567672669887543
21,647,0.2950233519077301,0.19210770726203918,0.19304335117340088,0.1284915804862976
21,648,0.3085136413574219,0.19655512273311615,0.213131844997406,0.13352885842323303
21,649,0.3114907443523407,0.20381957292556763,0.19887006282806396,0.14061564207077026
21,650,0.2838493585586548,0.18135739862918854,0.19256579875946045,0.12732826173305511
21,651,0.3141978085041046,0.20029154419898987,0.21624451875686646,0.13704223930835724
21,652,0.2853673994541168,0.18584173917770386,0.1828964352607727,0.13183549046516418
21,653,0.3005117177963257,0.19146984815597534,0.20389437675476074,0.13742056488990784
21,654,0.28827306628227234,0.18371564149856567,0.1958913803100586,0.13100431859493256
21,655,0.3277795910835266,0.2137082815170288,0.21440553665161133,0.14154548943042755
21,656,0.2606838345527649,0.17150510847568512,0.16250503063201904,0.12088362872600555
21,657,0.29371798038482666,0.18833576142787933,0.19584649801254272,0.13521808385849
21,658,0.33445051312446594,0.21459609270095825,0.22710633277893066,0.14505931735038757
21,659,0.27572256326675415,0.1766107976436615,0.1852205991744995,0.12511757016181946
21,660,0.28938695788383484,0.18744714558124542,0.19033515453338623,0.12902867794036865
22,661,0.2805100381374359,0.1786898523569107,0.19072496891021729,0.1276509314775467
22,662,0.267607718706131,0.17317773401737213,0.1753760576248169,0.12139780819416046
22,663,0.3221528232097626,0.20596900582313538,0.2187267541885376,0.14346548914909363
22,664,0.2798725664615631,0.1811193823814392,0.18440485000610352,0.12495627254247665
22,665,0.2896605134010315,0.18618275225162506,0.19407320022583008,0.12924233078956604
22,666,0.2995876669883728,0.1944713294506073,0.19653093814849854,0.13251975178718567
22,667,0.36027368903160095,0.23076897859573364,0.2468479871749878,0.1538274735212326
22,668,0.2891409397125244,0.18557894229888916,0.19203275442123413,0.13374440371990204
22,669,0.27000293135643005,0.17459580302238464,0.1763719916343689,0.12429164350032806
22,670,0.33612361550331116,0.215317964553833,0.22914397716522217,0.1457403004169464
22,671,0.3263520896434784,0.20792806148529053,0.22136706113815308,0.14938607811927795
22,672,0.29235923290252686,0.18673352897167206,0.19827789068222046,0.13157284259796143
22,673,0.32308247685432434,0.20692817866802216,0.21638286113739014,0.14800573885440826
22,674,0.30445292592048645,0.1952967643737793,0.20313632488250732,0.13950803875923157
22,675,0.2837948799133301,0.18109405040740967,0.1903752088546753,0.13275371491909027
22,676,0.3373505473136902,0.21598756313323975,0.23087668418884277,0.1450616419315338
22,677,0.26613888144493103,0.17131565511226654,0.17788571119308472,0.11834468692541122
22,678,0.3059077262878418,0.1986866295337677,0.19927442073822021,0.13755667209625244
22,679,0.2491265833377838,0.1631115972995758,0.1583791971206665,0.11331649869680405
22,680,0.30438369512557983,0.19737309217453003,0.19881486892700195,0.13742320239543915
22,681,0.29235225915908813,0.1848558783531189,0.20243972539901733,0.1326025128364563
22,682,0.28422337770462036,0.18521764874458313,0.18561780452728271,0.12379302084445953
22,683,0.2827654182910919,0.18063966929912567,0.18990278244018555,0.13082316517829895
22,684,0.315792441368103,0.20367088913917542,0.2089545726776123,0.14269855618476868
22,685,0.28695961833000183,0.18547382950782776,0.18774515390396118,0.131938636302948
22,686,0.27258095145225525,0.1790561079978943,0.16945910453796387,0.1287059783935547
22,687,0.2929233908653259,0.1893337517976761,0.19411492347717285,0.12971839308738708
22,688,0.2931597828865051,0.1885312795639038,0.19564926624298096,0.13184401392936707
22,689,0.3256241977214813,0.2039686143398285,0.2327895164489746,0.14269891381263733
22,690,0.30631381273269653,0.19887064397335052,0.1993141770362854,0.13858744502067566
23,691,0.29472026228904724,0.19205963611602783,0.18971800804138184,0.133867084980011
23,692,0.30417609214782715,0.19507166743278503,0.20387285947799683,0.13777635991573334
23,693,0.2949123978614807,0.18829843401908875,0.19869935512542725,0.13567106425762177
23,694,0.3381770849227905,0.22072865068912506,0.22169125080108643,0.1438596248626709
23,695,0.3219156861305237,0.20583510398864746,0.21889770030975342,0.14260756969451904
23,696,0.34760594367980957,0.21978139877319336,0.24077367782592773,0.1575753539800644
23,697,0.30222588777542114,0.19393432140350342,0.20265507698059082,0.13614779710769653
23,698,0.3623425364494324,0.2340819239616394,0.23934626579284668,0.16261057555675507
23,699,0.33829158544540405,0.21353356540203094,0.23604798316955566,0.15169405937194824
23,700,0.27622276544570923,0.18163242936134338,0.17429375648498535,0.12436416745185852
23,701,0.2872711420059204,0.18542400002479553,0.19008868932724,0.1290583312511444
23,702,0.3050416111946106,0.19390776753425598,0.20953887701034546,0.13659149408340454
23,703,0.3229001462459564,0.20632538199424744,0.2191200852394104,0.14463360607624054
23,704,0.2841741144657135,0.18348923325538635,0.18757951259613037,0.12826532125473022
23,705,0.3016895651817322,0.19041776657104492,0.20984101295471191,0.13667701184749603
23,706,0.27605167031288147,0.17755666375160217,0.18328630924224854,0.1259024292230606
23,707,0.27939340472221375,0.18269266188144684,0.17897605895996094,0.12555161118507385
23,708,0.32380667328834534,0.20727884769439697,0.21793133020401,0.14677640795707703
23,709,0.30050480365753174,0.19382643699645996,0.19864940643310547,0.13609308004379272
23,710,0.2704519033432007,0.17349004745483398,0.181507408618927,0.12179441750049591
23,711,0.29259008169174194,0.1872430145740509,0.19725263118743896,0.13223007321357727
23,712,0.29498153924942017,0.18955093622207642,0.19673919677734375,0.13367462158203125
23,713,0.2933908700942993,0.19121725857257843,0.18731069564819336,0.1362467110157013
23,714,0.3268132209777832,0.21165239810943604,0.21350789070129395,0.14878837764263153
23,715,0.2893725335597992,0.1846134215593338,0.19574189186096191,0.13231167197227478
23,716,0.23960912227630615,0.15685908496379852,0.1489565372467041,0.11583705246448517
23,717,0.2877829372882843,0.18480446934700012,0.19226521253585815,0.13036194443702698
23,718,0.3106735646724701,0.1991555392742157,0.20868778228759766,0.14021451771259308
23,719,0.2962602376937866,0.18881097435951233,0.2009507417678833,0.13534486293792725
23,720,0.3032515048980713,0.19551944732666016,0.20047175884246826,0.13771675527095795
24,721,0.3373211920261383,0.21642017364501953,0.22682034969329834,0.1508644074201584
24,722,0.2769416570663452,0.17930877208709717,0.18076562881469727,0.1266331672668457
24,723,0.26754269003868103,0.17262987792491913,0.17717492580413818,0.12021424621343613
24,724,0.26982298493385315,0.175816610455513,0.17099833488464355,0.128035306930542
24,725,0.3034491539001465,0.19267170131206512,0.21053791046142578,0.13281136751174927
24,726,0.30819690227508545,0.20251941680908203,0.19636714458465576,0.13565322756767273
24,727,0.27462953329086304,0.17670860886573792,0.18221712112426758,0.12517037987709045
24,728,0.29314374923706055,0.19245819747447968,0.18535155057907104,0.13272467255592346
24,729,0.30137115716934204,0.194921612739563,0.20027035474777222,0.131707102060318
24,730,0.34553974866867065,0.21958383917808533,0.23711037635803223,0.15555869042873383
24,731,0.2799857258796692,0.17757374048233032,0.1917935609817505,0.1284726858139038
24,732,0.3395821750164032,0.21532824635505676,0.23365813493728638,0.15395334362983704
24,733,0.31238794326782227,0.2017347514629364,0.20707988739013672,0.13910621404647827
24,734,0.2752370238304138,0.1791062355041504,0.1771489977836609,0.12635594606399536
24,735,0.3086845278739929,0.19558939337730408,0.2138373851776123,0.13780081272125244
24,736,0.2698923647403717,0.1719723492860794,0.18373119831085205,0.1221376284956932
24,737,0.3044270873069763,0.19368712604045868,0.20913779735565186,0.13542413711547852
24,738,0.2847274839878082,0.18307679891586304,0.18967169523239136,0.1289101243019104
24,739,0.3053014576435089,0.20105651021003723,0.19293677806854248,0.1353510618209839
24,740,0.25323939323425293,0.16505573689937592,0.16268622875213623,0.11554580926895142
24,741,0.26561492681503296,0.16912341117858887,0.1808021068572998,0.12085335701704025
24,742,0.2740989029407501,0.1752111315727234,0.1837710738182068,0.1268967092037201
24,743,0.2650076746940613,0.16979824006557465,0.17683547735214233,0.12237624824047089
24,744,0.3131794333457947,0.19979596138000488,0.21228337287902832,0.14235061407089233
24,745,0.2855234742164612,0.18713007867336273,0.1803746223449707,0.13121771812438965
24,746,0.24874962866306305,0.16291159391403198,0.15609663724899292,0.11699692904949188
24,747,0.29627808928489685,0.189939484000206,0.1987471580505371,0.13419866561889648
24,748,0.29192620515823364,0.18650704622268677,0.19763076305389404,0.13183431327342987
24,749,0.3115178644657135,0.19882872700691223,0.21165823936462402,0.1401292383670807
24,750,0.302328497171402,0.19848673045635223,0.19401657581329346,0.13117572665214539
25,751,0.31142520904541016,0.20279762148857117,0.19863617420196533,0.14586558938026428
25,752,0.33486834168434143,0.2103680670261383,0.23462212085723877,0.15325713157653809
25,753,0.31384655833244324,0.20374993979930878,0.20544272661209106,0.13959762454032898
25,754,0.30496737360954285,0.19444316625595093,0.20840239524841309,0.13581615686416626
25,755,0.3080276846885681,0.19848260283470154,0.20621365308761597,0.13529804348945618
25,756,0.28717726469039917,0.18574854731559753,0.18906080722808838,0.1290220469236374
25,757,0.3068118989467621,0.195382758975029,0.21193218231201172,0.13328132033348083
25,758,0.28612297773361206,0.18178118765354156,0.193773090839386,0.1341628134250641
25,759,0.3251689672470093,0.2063675820827484,0.22427523136138916,0.14545652270317078
25,760,0.2630838453769684,0.17023992538452148,0.1711742877960205,0.12187104672193527
25,761,0.30940359830856323,0.1978006213903427,0.2092885971069336,0.13943760097026825
25,762,0.28114157915115356,0.183502197265625,0.17941045761108398,0.12937599420547485
25,763,0.31529995799064636,0.20389920473098755,0.20905911922454834,0.1388854682445526
25,764,0.36566242575645447,0.23019090294837952,0.2590378522872925,0.15928193926811218
25,765,0.2686854600906372,0.17518416047096252,0.1721610426902771,0.12318432331085205
25,766,0.2943720817565918,0.18888992071151733,0.19485443830490112,0.13770198822021484
25,767,0.32892829179763794,0.21030697226524353,0.2230226993560791,0.14706115424633026
25,768,0.2993139326572418,0.19454897940158844,0.19520878791809082,0.133407324552536
25,769,0.2811194956302643,0.18092812597751617,0.1842789649963379,0.13239894807338715
25,770,0.28643614053726196,0.1860153079032898,0.18409717082977295,0.13390980660915375
25,771,0.2569257616996765,0.16954302787780762,0.15864145755767822,0.11963066458702087
25,772,0.2797878682613373,0.17918235063552856,0.186576247215271,0.12987512350082397
25,773,0.30175837874412537,0.19324100017547607,0.2042994499206543,0.13398796319961548
25,774,0.3280641436576843,0.21055859327316284,0.2209470272064209,0.1456337422132492
25,775,0.27602994441986084,0.17627210915088654,0.1840827465057373,0.1306236833333969
25,776,0.29222285747528076,0.18793687224388123,0.19333505630493164,0.13475976884365082
25,777,0.2918989658355713,0.18914324045181274,0.189042866230011,0.1356930285692215
25,778,0.2621053159236908,0.1707543134689331,0.16974341869354248,0.11726817488670349
25,779,0.28445011377334595,0.1828945130109787,0.18780839443206787,0.13216128945350647
25,780,0.2671545147895813,0.17251820862293243,0.1729223132133484,0.12733688950538635
26,781,0.26081809401512146,0.16923396289348602,0.16792523860931396,0.12207020819187164
26,782,0.30268099904060364,0.1925208866596222,0.20558655261993408,0.1396273970603943
26,783,0.30747196078300476,0.1941584199666977,0.21462571620941162,0.1373162865638733
26,784,0.28158196806907654,0.1806287169456482,0.18738621473312378,0.12999385595321655
26,785,0.30715513229370117,0.19774354994297028,0.20285046100616455,0.14135703444480896
26,786,0.2627197802066803,0.17258739471435547,0.1640028953552246,0.12265604734420776
26,787,0.2917843461036682,0.1860332489013672,0.1965118646621704,0.1357317417860031
26,788,0.23782449960708618,0.15334680676460266,0.15460771322250366,0.11317306756973267
26,789,0.3054845929145813,0.19667837023735046,0.20323967933654785,0.13755173981189728
26,790,0.2824688255786896,0.18047302961349487,0.1894059181213379,0.1311672329902649
26,791,0.29098963737487793,0.18809793889522552,0.1884731650352478,0.13751201331615448
26,792,0.2992803156375885,0.18904392421245575,0.2077975869178772,0.1355867087841034
26,793,0.2998409867286682,0.19354432821273804,0.1964048147201538,0.13867364823818207
26,794,0.2922555208206177,0.186327263712883,0.19831931591033936,0.13300275802612305
26,795,0.29871228337287903,0.1897580921649933,0.20409637689590454,0.13657823204994202
26,796,0.29572439193725586,0.1879725456237793,0.20281487703323364,0.1331295669078827
26,797,0.28138965368270874,0.18398912250995636,0.18091118335723877,0.12518027424812317
26,798,0.27490442991256714,0.17668449878692627,0.17993897199630737,0.13122165203094482
26,799,0.2956301271915436,0.19215211272239685,0.19277524948120117,0.13183948397636414
26,800,0.28933802247047424,0.18515972793102264,0.19364005327224731,0.13361147046089172
26,801,0.32094526290893555,0.20672723650932312,0.2126786708831787,0.14573274552822113
26,802,0.31811416149139404,0.2040179818868637,0.21356725692749023,0.1433463990688324
26,803,0.30321961641311646,0.19439300894737244,0.2026352882385254,0.1388624608516693
26,804,0.2868727743625641,0.183770090341568,0.19226837158203125,0.1309765875339508
26,805,0.2797868847846985,0.17975342273712158,0.18499255180358887,0.1301822066307068
26,806,0.2818949222564697,0.18279525637626648,0.18267327547073364,0.13015174865722656
26,807,0.2812062203884125,0.18307848274707794,0.18047088384628296,0.12969693541526794
26,808,0.30221837759017944,0.19811660051345825,0.19288206100463867,0.13474471867084503
26,809,0.3191526532173157,0.20227593183517456,0.2203216552734375,0.14374038577079773
26,810,0.23083491623401642,0.15010011196136475,0.14617276191711426,0.11132854223251343
27,811,0.3328518569469452,0.21485838294029236,0.21885138750076294,0.1522645652294159
27,812,0.26381435990333557,0.16974768042564392,0.17354929447174072,0.1232348382472992
27,813,0.28264111280441284,0.18076762557029724,0.1893489956855774,0.13066953420639038
27,814,0.30139654874801636,0.19271770119667053,0.20256704092025757,0.13826018571853638
27,815,0.28090354800224304,0.17971792817115784,0.1881932020187378,0.12954162061214447
27,816,0.27618446946144104,0.1751023381948471,0.18961411714553833,0.12618249654769897
27,817,0.31767383217811584,0.2022668868303299,0.2183045744895935,0.14042556285858154
27,818,0.30890092253685,0.19387492537498474,0.2161496877670288,0.14283064007759094
27,819,0.31100788712501526,0.19966834783554077,0.20684325695037842,0.1430111974477768
27,820,0.28611382842063904,0.18176205456256866,0.1952430009841919,0.13127288222312927
27,821,0.3088006377220154,0.19608604907989502,0.21256470680236816,0.13844357430934906
27,822,0.2950590252876282,0.18859577178955078,0.1980583667755127,0.13619951903820038
27,823,0.3407268822193146,0.2162720263004303,0.23702895641326904,0.1482163965702057
27,824,0.32020556926727295,0.20526883006095886,0.21489107608795166,0.14490149915218353
27,825,0.2873685359954834,0.18557186424732208,0.18865591287612915,0.13167154788970947
27,826,0.3087826371192932,0.19825485348701477,0.20422625541687012,0.14418628811836243
27,827,0.2609873116016388,0.16733141243457794,0.17380493879318237,0.12066960334777832
27,828,0.3081780970096588,0.1990140676498413,0.20504480600357056,0.1357305496931076
27,829,0.31644609570503235,0.20287328958511353,0.21098387241363525,0.1458962857723236
27,830,0.31031396985054016,0.19745442271232605,0.21047163009643555,0.1433543860912323
27,831,0.28787559270858765,0.18563997745513916,0.18888819217681885,0.1334017664194107
27,832,0.2519144117832184,0.16439180076122284,0.15875035524368286,0.12011232227087021
27,833,0.3060426712036133,0.1929609626531601,0.213631272315979,0.13814592361450195
27,834,0.2822609841823578,0.18275675177574158,0.1821451187133789,0.13323086500167847
27,835,0.25374361872673035,0.1624475121498108,0.16846191883087158,0.11955666542053223
27,836,0.24950996041297913,0.16127614676952362,0.16107237339019775,0.1190243810415268
27,837,0.3088376820087433,0.1969897747039795,0.2081286907196045,0.1429821103811264
27,838,0.27950936555862427,0.17839042842388153,0.19060558080673218,0.12438350915908813
27,839,0.27903953194618225,0.18011397123336792,0.18350541591644287,0.1276170313358307
27,840,0.2932907044887543,0.18881858885288239,0.195215106010437,0.1319303810596466
28,841,0.2798825800418854,0.18107545375823975,0.17982864379882812,0.13437841832637787
28,842,0.28840410709381104,0.1836031824350357,0.1955971121788025,0.13281048834323883
28,843,0.2742309272289276,0.18000616133213043,0.17196691036224365,0.1271900236606598
28,844,0.32996994256973267,0.21106135845184326,0.2227492332458496,0.14904436469078064
28,845,0.2631344497203827,0.16883423924446106,0.17326891422271729,0.12496326863765717
28,846,0.2978303134441376,0.1937769651412964,0.19288909435272217,0.13448846340179443
28,847,0.25261446833610535,0.1651238203048706,0.15979695320129395,0.11785933375358582
28,848,0.2637815475463867,0.1717521846294403,0.16758960485458374,0.124967560172081
28,849,0.2584267556667328,0.17105291783809662,0.15826761722564697,0.12033390998840332
28,850,0.292365700006485,0.19102352857589722,0.18573617935180664,0.13523846864700317
28,851,0.3114309310913086,0.2025434821844101,0.2002582550048828,0.14392071962356567
28,852,0.34519845247268677,0.22252747416496277,0.22946804761886597,0.15441875159740448
28,853,0.30962270498275757,0.19820813834667206,0.20655089616775513,0.14397099614143372
28,854,0.3086305856704712,0.19708898663520813,0.20847976207733154,0.14074844121932983
28,855,0.3114044666290283,0.19660894572734833,0.2168835997581482,0.1402103155851364
28,856,0.297242134809494,0.19114038348197937,0.19720876216888428,0.13609132170677185
28,857,0.29820340871810913,0.19008280336856842,0.20188045501708984,0.13684211671352386
28,858,0.30601266026496887,0.1962619423866272,0.2032204270362854,0.14231273531913757
28,859,0.26117944717407227,0.16737937927246094,0.1747574806213379,0.11948540806770325
28,860,0.2707626521587372,0.1735106110572815,0.17891806364059448,0.12842395901679993
28,861,0.285692423582077,0.1849370002746582,0.18361026048660278,0.13655656576156616
28,862,0.29891830682754517,0.1913057416677475,0.19939732551574707,0.13926821947097778
28,863,0.3038540780544281,0.19258281588554382,0.2093343734741211,0.13768744468688965
28,864,0.3646230697631836,0.2333928346633911,0.24741876125335693,0.1613137573003769
28,865,0.2860375642776489,0.18388481438159943,0.18783795833587646,0.1350877434015274
28,866,0.28800278902053833,0.18375617265701294,0.19330662488937378,0.13461969792842865
28,867,0.29759231209754944,0.1882672905921936,0.20492827892303467,0.13676857948303223
28,868,0.29523128271102905,0.18666958808898926,0.20289450883865356,0.13701945543289185
28,869,0.26402780413627625,0.1712275892496109,0.17107242345809937,0.1218561977148056
28,870,0.2737622559070587,0.17490901052951813,0.1825246810913086,0.12921684980392456
29,871,0.28342410922050476,0.1802089363336563,0.1930025815963745,0.130070760846138
29,872,0.2843054533004761,0.18288928270339966,0.18642592430114746,0.13422906398773193
29,873,0.2362358719110489,0.15177345275878906,0.15439170598983765,0.11352865397930145
29,874,0.28319743275642395,0.18096111714839935,0.18971848487854004,0.13174454867839813
29,875,0.2930910885334015,0.18612031638622284,0.20053815841674805,0.13377751410007477
29,876,0.3026413023471832,0.19419357180595398,0.20147138833999634,0.13929590582847595
29,877,0.29265642166137695,0.1915448158979416,0.18584424257278442,0.13386955857276917
29,878,0.2629878520965576,0.16988639533519745,0.17326509952545166,0.11897717416286469
29,879,0.2987968623638153,0.1930079460144043,0.1956232786178589,0.13769808411598206
29,880,0.2979499399662018,0.1907881200313568,0.20035278797149658,0.1351035088300705
29,881,0.30584508180618286,0.1953619122505188,0.20651733875274658,0.13938111066818237
29,882,0.24637943506240845,0.1626216471195221,0.14944493770599365,0.11989905685186386
29,883,0.2759571373462677,0.17649757862091064,0.18277668952941895,0.13174447417259216
29,884,0.3183649182319641,0.20421361923217773,0.21370381116867065,0.14334890246391296
29,885,0.28932812809944153,0.18531978130340576,0.1922447681427002,0.1355520784854889
29,886,0.26741763949394226,0.17124205827713013,0.17841476202011108,0.1240483745932579
29,887,0.26819393038749695,0.17178872227668762,0.17813634872436523,0.12575334310531616
29,888,0.3026409447193146,0.19165758788585663,0.20951169729232788,0.135893315076828
29,889,0.29293501377105713,0.18427827954292297,0.2057836651802063,0.1317163109779358
29,890,0.2788977026939392,0.17784558236598969,0.18734121322631836,0.13057805597782135
29,891,0.30510956048965454,0.19671538472175598,0.20204615592956543,0.13787852227687836
29,892,0.2654714286327362,0.17188942432403564,0.17106473445892334,0.12578056752681732
29,893,0.3031063675880432,0.19605767726898193,0.19897663593292236,0.13729028403759003
29,894,0.286347895860672,0.18166358768939972,0.19592195749282837,0.13157764077186584
29,895,0.2706379294395447,0.17384974658489227,0.1790047287940979,0.1259314864873886
29,896,0.2685978412628174,0.17239347100257874,0.1778496503829956,0.12532255053520203
29,897,0.29407286643981934,0.1860707402229309,0.20085477828979492,0.13830117881298065
29,898,0.3077923357486725,0.19722403585910797,0.20653444528579712,0.13977262377738953
29,899,0.26064854860305786,0.16909542679786682,0.1676121950149536,0.12254117429256439
29,900,0.3004986643791199,0.19534754753112793,0.19480955600738525,0.13613641262054443
30,901,0.2858494520187378,0.18055182695388794,0.1969163417816162,0.132655531167984
30,902,0.27899593114852905,0.17663513123989105,0.19182878732681274,0.12814633548259735
30,903,0.2678041458129883,0.17125177383422852,0.17997431755065918,0.12281321734189987
30,904,0.23471736907958984,0.1531347632408142,0.14754056930541992,0.11283187568187714
30,905,0.30860209465026855,0.19900476932525635,0.20484155416488647,0.13830342888832092
30,906,0.27471089363098145,0.17635464668273926,0.18129396438598633,0.12919330596923828
30,907,0.26872682571411133,0.17224368453025818,0.17909103631973267,0.1242336630821228
30,908,0.2986558675765991,0.19069316983222961,0.20019245147705078,0.13942851126194
30,909,0.3023843765258789,0.19661343097686768,0.1947994828224182,0.13925577700138092
30,910,0.26060283184051514,0.16854572296142578,0.16896921396255493,0.12234710156917572
30,911,0.27694717049598694,0.17955106496810913,0.18054747581481934,0.12588554620742798
30,912,0.2606852054595947,0.1652044653892517,0.1782017946243286,0.12100005149841309
30,913,0.3049752414226532,0.19185367226600647,0.21215468645095825,0.14129853248596191
30,914,0.285454660654068,0.18447262048721313,0.18609774112701416,0.1327146291732788
30,915,0.29871174693107605,0.19280147552490234,0.1949668526649475,0.13961760699748993
30,916,0.2791076600551605,0.1772221028804779,0.19000589847564697,0.12941601872444153
30,917,0.2861902415752411,0.18702061474323273,0.1812148094177246,0.13341853022575378
30,918,0.2536107301712036,0.1642143726348877,0.16253399848937988,0.12191370129585266
30,919,0.27191728353500366,0.1760651171207428,0.17510557174682617,0.12904974818229675
30,920,0.26578181982040405,0.17003223299980164,0.17746543884277344,0.12381704896688461
30,921,0.2720456123352051,0.1742406040430069,0.1798626184463501,0.12929970026016235
30,922,0.29372572898864746,0.18823152780532837,0.19460922479629517,0.13825252652168274
30,923,0.2830773890018463,0.1825765073299408,0.1847214698791504,0.13306134939193726
30,924,0.2965838611125946,0.19358083605766296,0.19098615646362305,0.13304279744625092
30,925,0.24869899451732635,0.1617695391178131,0.15732717514038086,0.11999289691448212
30,926,0.2836668789386749,0.18140572309494019,0.1899855136871338,0.13133487105369568
30,927,0.2872910797595978,0.1848037987947464,0.19039487838745117,0.13164664804935455
30,928,0.26997101306915283,0.17222711443901062,0.18223309516906738,0.12425325810909271
30,929,0.2755996584892273,0.17662706971168518,0.18399667739868164,0.1268695592880249
30,930,0.31828615069389343,0.2040109932422638,0.21490979194641113,0.14155606925487518
31,931,0.2653675675392151,0.17262685298919678,0.17034542560577393,0.12301270663738251
31,932,0.27358976006507874,0.17594018578529358,0.17989015579223633,0.12846755981445312
31,933,0.26024746894836426,0.1666770577430725,0.1736169457435608,0.12061816453933716
31,934,0.2952074706554413,0.18734338879585266,0.20285499095916748,0.13361041247844696
31,935,0.3250347077846527,0.21144677698612213,0.20998811721801758,0.1479634940624237
31,936,0.2816607356071472,0.18277941644191742,0.18016314506530762,0.13408038020133972
31,937,0.2910696268081665,0.18606719374656677,0.19481897354125977,0.13537423312664032
31,938,0.27567729353904724,0.1783391237258911,0.17839527130126953,0.12990030646324158
31,939,0.2631074786186218,0.17006801068782806,0.17147010564804077,0.12225719541311264
31,940,0.29098519682884216,0.18517935276031494,0.19617706537246704,0.13667505979537964
31,941,0.27610164880752563,0.17768588662147522,0.18234562873840332,0.12738750874996185
31,942,0.2808833122253418,0.18009629845619202,0.1873021125793457,0.1293307989835739
31,943,0.3112057149410248,0.2014707326889038,0.20246732234954834,0.14374026656150818
31,944,0.2919960618019104,0.18796923756599426,0.19247967004776,0.1351747214794159
31,945,0.29465487599372864,0.18872055411338806,0.19587409496307373,0.13792330026626587
31,946,0.30572256445884705,0.19854044914245605,0.19635558128356934,0.14319944381713867
31,947,0.25495514273643494,0.16310733556747437,0.1695798635482788,0.12007930129766464
31,948,0.2893674969673157,0.18284305930137634,0.19995009899139404,0.13272200524806976
31,949,0.24108293652534485,0.1566929668188095,0.15270739793777466,0.11653502285480499
31,950,0.2768184542655945,0.17811347544193268,0.1835383176803589,0.12644825875759125
31,951,0.2906995117664337,0.18818768858909607,0.18848717212677002,0.1355847269296646
31,952,0.27123644948005676,0.17263758182525635,0.18300527334213257,0.1269838511943817
31,953,0.27047550678253174,0.17337992787361145,0.1790682077407837,0.12734141945838928
31,954,0.27923333644866943,0.17774657905101776,0.18892735242843628,0.12957900762557983
31,955,0.25578489899635315,0.16654010117053986,0.16127419471740723,0.12367561459541321
31,956,0.31659868359565735,0.20218253135681152,0.21288537979125977,0.14631006121635437
31,957,0.28966641426086426,0.18721309304237366,0.1877448558807373,0.136776864528656
31,958,0.2514494061470032,0.16205273568630219,0.16291773319244385,0.12114795297384262
31,959,0.2733556628227234,0.17605766654014587,0.17897212505340576,0.12854576110839844
31,960,0.2612164616584778,0.16786184906959534,0.17095571756362915,0.12486158311367035
32,961,0.2795070707798004,0.17767570912837982,0.18823814392089844,0.13268056511878967
32,962,0.301266074180603,0.19411906599998474,0.1976965069770813,0.14034190773963928
32,963,0.27700483798980713,0.1770707070827484,0.18563425540924072,0.12840215861797333
32,964,0.26588910818099976,0.16950713098049164,0.17855602502822876,0.12479784339666367
32,965,0.31267476081848145,0.19755098223686218,0.21624910831451416,0.1431206464767456
32,966,0.26213324069976807,0.1677137315273285,0.17545175552368164,0.121194027364254
32,967,0.32252237200737,0.20751585066318512,0.2158527374267578,0.14332716166973114
32,968,0.2708163559436798,0.17308813333511353,0.18056106567382812,0.127518892288208
32,969,0.26084381341934204,0.1674698293209076,0.1708822250366211,0.12510550022125244
32,970,0.3120422959327698,0.19957669079303741,0.2092391848564148,0.14384976029396057
32,971,0.2812527120113373,0.18275825679302216,0.17880666255950928,0.1348588764667511
32,972,0.2770030200481415,0.17676672339439392,0.1851515769958496,0.1308782398700714
32,973,0.24512308835983276,0.1579395830631256,0.15852105617523193,0.11887535452842712
32,974,0.27639734745025635,0.17828696966171265,0.1792846918106079,0.13198256492614746
32,975,0.2431083470582962,0.15791401267051697,0.15371227264404297,0.11854714155197144
32,976,0.2445615977048874,0.15874336659908295,0.15512335300445557,0.1188444048166275
32,977,0.321783185005188,0.20656047761440277,0.21407169103622437,0.14797024428844452
32,978,0.2953713536262512,0.1863391399383545,0.20413851737976074,0.13688406348228455
32,979,0.26292815804481506,0.1680196225643158,0.1759008765220642,0.12274080514907837
32,980,0.31413039565086365,0.20074763894081116,0.21118980646133423,0.14453408122062683
32,981,0.3250294029712677,0.20756839215755463,0.21754193305969238,0.15222111344337463
32,982,0.2954014837741852,0.1848299503326416,0.2091381549835205,0.13458137214183807
32,983,0.2996899485588074,0.193210631608963,0.1977473497390747,0.13690181076526642
32,984,0.24759210646152496,0.16045957803726196,0.1598832607269287,0.115896075963974
32,985,0.28286322951316833,0.18020951747894287,0.19109588861465454,0.13107669353485107
32,986,0.2652004659175873,0.17100146412849426,0.174157977104187,0.12267907708883286
32,987,0.2899479866027832,0.18583592772483826,0.19162535667419434,0.13730964064598083
32,988,0.2632221281528473,0.17169824242591858,0.16435623168945312,0.12890693545341492
32,989,0.2939622700214386,0.19030703604221344,0.1900598406791687,0.13815650343894958
32,990,0.3074260950088501,0.2003503441810608,0.1959831714630127,0.14341233670711517
33,991,0.3039148449897766,0.19711419939994812,0.198022723197937,0.13795772194862366
33,992,0.27786707878112793,0.18145544826984406,0.17464154958724976,0.1327749788761139
33,993,0.2647773027420044,0.1703462302684784,0.1726473569869995,0.1268606185913086
33,994,0.291264146566391,0.18583624064922333,0.1970280408859253,0.1330834925174713
33,995,0.2682838439941406,0.1746942102909088,0.16961956024169922,0.12870900332927704
33,996,0.26291170716285706,0.17015701532363892,0.1698848009109497,0.12400390952825546
33,997,0.3226982355117798,0.2064499408006668,0.2171269655227661,0.14698757231235504
33,998,0.2888416051864624,0.18249070644378662,0.19983255863189697,0.13208946585655212
33,999,0.3063419759273529,0.1963728666305542,0.20292121171951294,0.14400316774845123
33,1000,0.273106187582016,0.1748935580253601,0.1813860535621643,0.12829099595546722
33,1001,0.2471042275428772,0.15718033909797668,0.1657111644744873,0.1181970164179802
33,1002,0.2814512252807617,0.18016447126865387,0.18596923351287842,0.13449528813362122
33,1003,0.27818888425827026,0.18128451704978943,0.17532038688659668,0.13388100266456604
33,1004,0.291446328163147,0.18678390979766846,0.19355106353759766,0.13621006906032562
33,1005,0.29292428493499756,0.18676653504371643,0.19713085889816284,0.13652704656124115
33,1006,0.2803652882575989,0.17825207114219666,0.18938231468200684,0.1318013072013855
33,1007,0.3018757700920105,0.19090628623962402,0.20639395713806152,0.14205944538116455
33,1008,0.3312967121601105,0.21105803549289703,0.22346079349517822,0.15427188575267792
33,1009,0.2676478326320648,0.17081281542778015,0.17792773246765137,0.12831957638263702
33,1010,0.2664020359516144,0.1717027723789215,0.17336958646774292,0.1267572045326233
33,1011,0.264193058013916,0.1681268960237503,0.17739319801330566,0.12554430961608887
33,1012,0.26271048188209534,0.17168503999710083,0.16249895095825195,0.13012927770614624
33,1013,0.29809850454330444,0.18967515230178833,0.20026803016662598,0.1415807604789734
33,1014,0.2889203429222107,0.18429547548294067,0.1924450397491455,0.13823416829109192
33,1015,0.24095745384693146,0.15785829722881317,0.1482611894607544,0.11897337436676025
33,1016,0.2480676770210266,0.16196012496948242,0.15555298328399658,0.11943177878856659
33,1017,0.2960797846317291,0.18813948333263397,0.2017444372177124,0.13621260225772858
33,1018,0.2839072644710541,0.17955181002616882,0.1933349370956421,0.13510729372501373
33,1019,0.299642950296402,0.19052425026893616,0.20259606838226318,0.140401229262352
33,1020,0.2345123589038849,0.15133383870124817,0.151985764503479,0.11192109435796738
34,1021,0.2809600532054901,0.17959529161453247,0.18795233964920044,0.13091900944709778
34,1022,0.2918468713760376,0.18738847970962524,0.19352656602859497,0.13523876667022705
34,1023,0.2972233295440674,0.18849323689937592,0.2027459740638733,0.13815848529338837
34,1024,0.28672337532043457,0.18301567435264587,0.19182437658309937,0.13488973677158356
34,1025,0.29016977548599243,0.18700645864009857,0.18921953439712524,0.1373775750398636
34,1026,0.2854950726032257,0.1826154887676239,0.19238996505737305,0.12961795926094055
34,1027,0.28380346298217773,0.18207086622714996,0.18785011768341064,0.13296280801296234
34,1028,0.3148769736289978,0.20232689380645752,0.20891940593719482,0.14491163194179535
34,1029,0.2990037500858307,0.1947811245918274,0.19159841537475586,0.13791635632514954
34,1030,0.2610439956188202,0.1690370738506317,0.16755402088165283,0.1249266266822815
34,1031,0.29622676968574524,0.18908625841140747,0.19935309886932373,0.1369962990283966
34,1032,0.26272881031036377,0.16817042231559753,0.17459404468536377,0.12360381335020065
34,1033,0.31343773007392883,0.20028609037399292,0.21045684814453125,0.14484448730945587
34,1034,0.2626265287399292,0.17326346039772034,0.16273844242095947,0.12133847177028656
34,1035,0.2931821346282959,0.18839068710803986,0.19674742221832275,0.13046228885650635
34,1036,0.2840989828109741,0.18362081050872803,0.18343693017959595,0.13551703095436096
34,1037,0.29049256443977356,0.1891857385635376,0.185766339302063,0.13500133156776428
34,1038,0.31223931908607483,0.19949045777320862,0.21054089069366455,0.14266246557235718
34,1039,0.2479853630065918,0.1626041829586029,0.15357911586761475,0.11974763870239258
34,1040,0.2836515009403229,0.18111658096313477,0.19031333923339844,0.13204795122146606
34,1041,0.3155495822429657,0.19972223043441772,0.21929174661636353,0.14055323600769043
34,1042,0.2682836353778839,0.1711607128381729,0.18029320240020752,0.12502816319465637
34,1043,0.291373074054718,0.18624275922775269,0.19572865962982178,0.13419413566589355
34,1044,0.2908061444759369,0.18327860534191132,0.20043492317199707,0.13676780462265015
34,1045,0.2828105390071869,0.18429988622665405,0.17931371927261353,0.13392585515975952
34,1046,0.3058442771434784,0.19558921456336975,0.20583069324493408,0.13961392641067505
34,1047,0.3021968603134155,0.19308330118656158,0.20254135131835938,0.14048513770103455
34,1048,0.2477622777223587,0.15854915976524353,0.16377627849578857,0.1185130625963211
34,1049,0.24590927362442017,0.15919235348701477,0.15741199254989624,0.11876063048839569
34,1050,0.2687976658344269,0.17179757356643677,0.17956560850143433,0.1258692741394043
35,1051,0.2705737054347992,0.17580872774124146,0.17271852493286133,0.12838779389858246
35,1052,0.2933330833911896,0.18616031110286713,0.20029032230377197,0.1352832168340683
35,1053,0.269656240940094,0.17330685257911682,0.1771104335784912,0.12752610445022583
35,1054,0.26714062690734863,0.17084117233753204,0.1776721477508545,0.12615296244621277
35,1055,0.2561168968677521,0.16749641299247742,0.15958285331726074,0.123936727643013
35,1056,0.27492111921310425,0.17645478248596191,0.182023286819458,0.12828510999679565
35,1057,0.3002411127090454,0.19026100635528564,0.20522087812423706,0.13945871591567993
35,1058,0.25118380784988403,0.16187678277492523,0.16267770528793335,0.1211797222495079
35,1059,0.26418033242225647,0.1710856556892395,0.16884958744049072,0.12777411937713623
35,1060,0.29503247141838074,0.18766164779663086,0.20056283473968506,0.13572846353054047
35,1061,0.27539756894111633,0.17438820004463196,0.18677449226379395,0.13149788975715637
35,1062,0.2523424029350281,0.16260090470314026,0.16419780254364014,0.12031181901693344
35,1063,0.27337944507598877,0.1735931932926178,0.18405312299728394,0.130825012922287
35,1064,0.3159487247467041,0.20230744779109955,0.21028739213943481,0.14763157069683075
35,1065,0.2972787916660309,0.19106417894363403,0.19604277610778809,0.13898740708827972
35,1066,0.31457483768463135,0.2003299444913864,0.21155351400375366,0.14811742305755615
35,1067,0.29685845971107483,0.19358545541763306,0.1860264539718628,0.1443120241165161
35,1068,0.27955737709999084,0.1774352490901947,0.18920624256134033,0.13219816982746124
35,1069,0.27424687147140503,0.17371203005313873,0.18619900941848755,0.1302761733531952
35,1070,0.29689446091651917,0.18904034793376923,0.19977378845214844,0.1397230327129364
35,1071,0.2745257019996643,0.17770567536354065,0.17777055501937866,0.12855897843837738
35,1072,0.29938805103302,0.19211429357528687,0.19844305515289307,0.13948267698287964
35,1073,0.2754353880882263,0.17783746123313904,0.17791742086410522,0.13215483725070953
35,1074,0.2878666818141937,0.18147879838943481,0.19850081205368042,0.13493770360946655
35,1075,0.3300079107284546,0.2101776897907257,0.22318035364151,0.15279041230678558
35,1076,0.29298698902130127,0.18906578421592712,0.19117307662963867,0.1372598111629486
35,1077,0.29496467113494873,0.18853572010993958,0.19729644060134888,0.1375519335269928
35,1078,0.2799004018306732,0.1779865324497223,0.1886821985244751,0.13220486044883728
35,1079,0.27661240100860596,0.18127204477787018,0.17465662956237793,0.1273885816335678
35,1080,0.3354598581790924,0.21520093083381653,0.22526270151138306,0.15076914429664612
36,1081,0.2783398926258087,0.18070675432682037,0.17816495895385742,0.13183584809303284
36,1082,0.2662180960178375,0.17402896285057068,0.16865283250808716,0.12363994121551514
36,1083,0.2978859841823578,0.19228610396385193,0.19573581218719482,0.1365276724100113
36,1084,0.25655603408813477,0.16462484002113342,0.16785740852355957,0.12394114583730698
36,1085,0.2821735143661499,0.18034137785434723,0.18938738107681274,0.1303858757019043
36,1086,0.30257177352905273,0.19446411728858948,0.20086705684661865,0.13880424201488495
36,1087,0.28239575028419495,0.18105515837669373,0.1886211633682251,0.12946051359176636
36,1088,0.2773764729499817,0.17875659465789795,0.17910385131835938,0.13489168882369995
36,1089,0.303764283657074,0.19697904586791992,0.19669747352600098,0.1405312716960907
36,1090,0.23864035308361053,0.15572884678840637,0.14950525760650635,0.1155470460653305
36,1091,0.2504841089248657,0.16299869120121002,0.15796369314193726,0.12149976193904877
36,1092,0.29831910133361816,0.1901445984840393,0.1991872787475586,0.1424979567527771
36,1093,0.2668178081512451,0.17320749163627625,0.17114895582199097,0.12575359642505646
36,1094,0.2672934830188751,0.16820144653320312,0.1865220069885254,0.12241622060537338
36,1095,0.28009000420570374,0.17804865539073944,0.1893664002418518,0.13147398829460144
36,1096,0.25905099511146545,0.16859406232833862,0.16271018981933594,0.12686434388160706
36,1097,0.27473020553588867,0.1778067797422409,0.17921078205108643,0.12619559466838837
36,1098,0.26233455538749695,0.16852883994579315,0.17152881622314453,0.12597103416919708
36,1099,0.259312242269516,0.16669362783432007,0.17022842168807983,0.12263622134923935
36,1100,0.31010982394218445,0.1974366009235382,0.20978915691375732,0.14378775656223297
36,1101,0.24388711154460907,0.1591707020998001,0.15190637111663818,0.11976926028728485
36,1102,0.3174130916595459,0.20391368865966797,0.211128830909729,0.14523939788341522
36,1103,0.2588171660900116,0.1691233515739441,0.16181647777557373,0.12483610212802887
36,1104,0.24821887910366058,0.16070204973220825,0.15908384323120117,0.1194164901971817
36,1105,0.3360479176044464,0.20922401547431946,0.24182987213134766,0.1504596471786499
36,1106,0.27085739374160767,0.17575469613075256,0.17179757356643677,0.13191835582256317
36,1107,0.28099361062049866,0.17952589690685272,0.1887865662574768,0.12976545095443726
36,1108,0.26996132731437683,0.17540514469146729,0.17047369480133057,0.1318335235118866
36,1109,0.30704227089881897,0.1934172511100769,0.21405506134033203,0.14001509547233582
36,1110,0.36273834109306335,0.229216530919075,0.2513692378997803,0.16487064957618713
37,1111,0.29506155848503113,0.18650534749031067,0.20270633697509766,0.1373683214187622
37,1112,0.27624860405921936,0.18253549933433533,0.16886115074157715,0.13084325194358826
37,1113,0.31070181727409363,0.19792461395263672,0.20864343643188477,0.14659905433654785
37,1114,0.25594601035118103,0.1638057827949524,0.16877031326293945,0.12316042184829712
37,1115,0.2631699740886688,0.16736412048339844,0.1763383150100708,0.12635265290737152
37,1116,0.2837699353694916,0.18096685409545898,0.19132769107818604,0.1313600391149521
37,1117,0.3157670795917511,0.20117557048797607,0.21622413396835327,0.14050930738449097
37,1118,0.2934994101524353,0.19054816663265228,0.18736809492111206,0.14002001285552979
37,1119,0.2882678508758545,0.18473699688911438,0.19176924228668213,0.13411575555801392
37,1120,0.33282700181007385,0.2113485336303711,0.22743088006973267,0.15253058075904846
37,1121,0.2680477797985077,0.17312636971473694,0.17333292961120605,0.12794123589992523
37,1122,0.2522324323654175,0.16184107959270477,0.16507339477539062,0.12180998176336288
37,1123,0.29046231508255005,0.18371057510375977,0.19904643297195435,0.13566577434539795
37,1124,0.2542286813259125,0.1626906394958496,0.16810989379882812,0.12147040665149689
37,1125,0.3204815685749054,0.20490077137947083,0.2145249843597412,0.14885392785072327
37,1126,0.3242819011211395,0.2058439552783966,0.22298604249954224,0.14621765911579132
37,1127,0.26521244645118713,0.16978169977664948,0.1764357089996338,0.12428226321935654
37,1128,0.26080164313316345,0.1675194948911667,0.17002463340759277,0.12636148929595947
37,1129,0.28993672132492065,0.1858971267938614,0.1916496753692627,0.13689863681793213
37,1130,0.26700687408447266,0.174143448472023,0.16876304149627686,0.1267910748720169
37,1131,0.26198405027389526,0.16538089513778687,0.1793663501739502,0.12428301572799683
37,1132,0.2467316836118698,0.1600545346736908,0.15728050470352173,0.11882476508617401
37,1133,0.2689371407032013,0.17362236976623535,0.17300200462341309,0.13056978583335876
37,1134,0.3267285227775574,0.2041073441505432,0.23139691352844238,0.15031197667121887
37,1135,0.23273222148418427,0.1523182988166809,0.14312809705734253,0.11581339687108994
37,1136,0.25905081629753113,0.16755889356136322,0.16648447513580322,0.12449073046445847
37,1137,0.33772626519203186,0.21041381359100342,0.24293148517608643,0.15069933235645294
37,1138,0.26616472005844116,0.16950801014900208,0.17799460887908936,0.1272944062948227
37,1139,0.2647373676300049,0.17106685042381287,0.17121654748916626,0.1259193867444992
37,1140,0.2637902498245239,0.170498326420784,0.16810190677642822,0.13025584816932678
38,1141,0.26241418719291687,0.16972596943378448,0.16905808448791504,0.12532490491867065
38,1142,0.3003716468811035,0.19058719277381897,0.20498013496398926,0.13896195590496063
38,1143,0.28075462579727173,0.17995375394821167,0.1857389211654663,0.1325264424085617
38,1144,0.31953075528144836,0.20693953335285187,0.20658659934997559,0.14978286623954773
38,1145,0.2329694628715515,0.1527707576751709,0.14148235321044922,0.11802881211042404
38,1146,0.24557307362556458,0.16243517398834229,0.14728516340255737,0.12111914157867432
38,1147,0.2754145562648773,0.1766694188117981,0.18258130550384521,0.1285630464553833
38,1148,0.23881635069847107,0.15243737399578094,0.15748465061187744,0.11692555993795395
38,1149,0.26643434166908264,0.1714053899049759,0.17569154500961304,0.12376173585653305
38,1150,0.30141595005989075,0.19254270195960999,0.2029590606689453,0.1384480893611908
38,1151,0.2468753606081009,0.16040533781051636,0.15511393547058105,0.12212222814559937
38,1152,0.28807565569877625,0.18292784690856934,0.19450682401657104,0.13672541081905365
38,1153,0.2826433479785919,0.17735153436660767,0.19622492790222168,0.13400930166244507
38,1154,0.2716003358364105,0.17256169021129608,0.1836707592010498,0.1278517246246338
38,1155,0.25264328718185425,0.16462714970111847,0.15847718715667725,0.12312629073858261
38,1156,0.25983357429504395,0.16690665483474731,0.16996896266937256,0.12469671666622162
38,1157,0.24936790764331818,0.16280095279216766,0.15576303005218506,0.12130868434906006
38,1158,0.280693382024765,0.1813783347606659,0.18002241849899292,0.13653045892715454
38,1159,0.29550135135650635,0.18937242031097412,0.19636917114257812,0.13790632784366608
38,1160,0.28260546922683716,0.1785506308078766,0.19204461574554443,0.13618502020835876
38,1161,0.29254910349845886,0.18490087985992432,0.20124197006225586,0.1357572376728058
38,1162,0.2494129091501236,0.161067396402359,0.1601688265800476,0.12138986587524414
38,1163,0.30928441882133484,0.19739770889282227,0.20579683780670166,0.14783987402915955
38,1164,0.2886350750923157,0.18384434282779694,0.19426512718200684,0.13542336225509644
38,1165,0.31038910150527954,0.19946911931037903,0.20380234718322754,0.14699523150920868
38,1166,0.24250100553035736,0.15549953281879425,0.15928488969802856,0.11643759906291962
38,1167,0.24019010365009308,0.1538812220096588,0.15696585178375244,0.11761270463466644
38,1168,0.27313995361328125,0.1799294650554657,0.16649818420410156,0.13305602967739105
38,1169,0.3001519739627838,0.18949691951274872,0.2067420482635498,0.13979117572307587
38,1170,0.27944415807724,0.1755114495754242,0.19364088773727417,0.13238181173801422
39,1171,0.28083282709121704,0.1786205768585205,0.18925702571868896,0.13254712522029877
39,1172,0.300788551568985,0.19238831102848053,0.2020789384841919,0.1378432810306549
39,1173,0.2724287509918213,0.1746702790260315,0.18068182468414307,0.12742874026298523
39,1174,0.2689891457557678,0.17144235968589783,0.18008923530578613,0.1275554746389389
39,1175,0.28456243872642517,0.18256138265132904,0.18806040287017822,0.13388434052467346
39,1176,0.2607682943344116,0.16817234456539154,0.16834688186645508,0.12628595530986786
39,1177,0.2704785168170929,0.1723690629005432,0.18176817893981934,0.12701089680194855
39,1178,0.26426443457603455,0.1690627485513687,0.17389839887619019,0.1282116174697876
39,1179,0.26596152782440186,0.16995356976985931,0.17828679084777832,0.12346618622541428
39,1180,0.31180331110954285,0.19503091275691986,0.2192748785018921,0.14531219005584717
39,1181,0.2827424108982086,0.179049551486969,0.1924806833267212,0.13350287079811096
39,1182,0.3091752529144287,0.19819718599319458,0.2060057520866394,0.14287889003753662
39,1183,0.2704423666000366,0.17517656087875366,0.1728966236114502,0.1305357962846756
39,1184,0.24848347902297974,0.15996825695037842,0.1596992015838623,0.12317772954702377
39,1185,0.25441768765449524,0.16427820920944214,0.16406476497650146,0.12256792187690735
39,1186,0.27833685278892517,0.18335282802581787,0.17074894905090332,0.13342221081256866
39,1187,0.3126850128173828,0.19863376021385193,0.2138383984565735,0.14257937669754028
39,1188,0.24501393735408783,0.15964964032173157,0.15363740921020508,0.11954667419195175
39,1189,0.3008316159248352,0.19323182106018066,0.19763672351837158,0.14272558689117432
39,1190,0.3129732608795166,0.19967029988765717,0.2112267017364502,0.14406150579452515
39,1191,0.23588010668754578,0.15398404002189636,0.14714455604553223,0.11519116163253784
39,1192,0.3049738109111786,0.19504675269126892,0.202384352684021,0.14486655592918396
39,1193,0.3230934143066406,0.20391817390918732,0.22383731603622437,0.14820151031017303
39,1194,0.2652595043182373,0.17181871831417084,0.1695224642753601,0.12815897166728973
39,1195,0.24940688908100128,0.16234470903873444,0.1563882827758789,0.12253432720899582
39,1196,0.2704274356365204,0.1755790412425995,0.17165005207061768,0.13094191253185272
39,1197,0.2601815164089203,0.16748538613319397,0.17047709226608276,0.1225263699889183
39,1198,0.28182610869407654,0.18160021305084229,0.1864275336265564,0.12827444076538086
39,1199,0.29701220989227295,0.18767812848091125,0.20320463180541992,0.14026108384132385
39,1200,0.2830324172973633,0.18101459741592407,0.1877121925354004,0.13466480374336243
40,1201,0.29817959666252136,0.19017404317855835,0.1995018720626831,0.14102403819561005
40,1202,0.2853778302669525,0.1825457215309143,0.18881511688232422,0.13653028011322021
40,1203,0.2595478594303131,0.16853201389312744,0.16539978981018066,0.12427961826324463
40,1204,0.2457863837480545,0.15782645344734192,0.15995723009109497,0.11988513171672821
40,1205,0.318717360496521,0.20077794790267944,0.2204234004020691,0.1488501876592636
40,1206,0.2808220684528351,0.18200814723968506,0.17989897727966309,0.13427172601222992
40,1207,0.2700449824333191,0.174432635307312,0.17458254098892212,0.12889675796031952
40,1208,0.27941250801086426,0.18024393916130066,0.1807454228401184,0.1343519687652588
40,1209,0.25225067138671875,0.16382530331611633,0.15933096408843994,0.12346493452787399
40,1210,0.29050156474113464,0.1862815022468567,0.19246947765350342,0.13616135716438293
40,1211,0.28962719440460205,0.18508091568946838,0.19274640083312988,0.1372385025024414
40,1212,0.2303258776664734,0.15103517472743988,0.1419450044631958,0.11256351321935654
40,1213,0.24254454672336578,0.15930530428886414,0.14732396602630615,0.12154828011989594
40,1214,0.24234677851200104,0.15621566772460938,0.1564692258834839,0.11771710962057114
40,1215,0.306693434715271,0.1945568174123764,0.20854419469833374,0.14359478652477264
40,1216,0.30041322112083435,0.19324901700019836,0.19638872146606445,0.14304357767105103
40,1217,0.2624167799949646,0.1679440140724182,0.172204852104187,0.12795403599739075
40,1218,0.24345840513706207,0.1581922173500061,0.15545618534088135,0.11541857570409775
40,1219,0.2630484700202942,0.16835948824882507,0.17372989654541016,0.12598508596420288
40,1220,0.2489396333694458,0.15909020602703094,0.1633840799331665,0.12247898429632187
40,1221,0.2975919544696808,0.1888752430677414,0.20209527015686035,0.13939301669597626
40,1222,0.27587422728538513,0.17981770634651184,0.1753861904144287,0.12951013445854187
40,1223,0.289161741733551,0.18512022495269775,0.19082319736480713,0.1385612040758133
40,1224,0.276534765958786,0.17826297879219055,0.1773698329925537,0.1366191804409027
40,1225,0.28065845370292664,0.17881157994270325,0.18860095739364624,0.13203254342079163
40,1226,0.26977962255477905,0.17330047488212585,0.17770737409591675,0.1269809454679489
40,1227,0.29619741439819336,0.18806564807891846,0.20174247026443481,0.1371738165616989
40,1228,0.2683960199356079,0.17093685269355774,0.1789032220840454,0.12948939204216003
40,1229,0.2752479016780853,0.17739734053611755,0.17884421348571777,0.13156437873840332
40,1230,0.2840614914894104,0.17965784668922424,0.19457006454467773,0.1328781545162201
41,1231,0.24153810739517212,0.1550203263759613,0.15901470184326172,0.11455953121185303
41,1232,0.2782687842845917,0.18144279718399048,0.17544668912887573,0.13323646783828735
41,1233,0.3182804584503174,0.20044174790382385,0.2207125425338745,0.14776843786239624
41,1234,0.2808206081390381,0.17752043902873993,0.19185924530029297,0.13278236985206604
41,1235,0.21611693501472473,0.1433214545249939,0.12769991159439087,0.10857759416103363
41,1236,0.22444406151771545,0.14695174992084503,0.1380603313446045,0.11134084314107895
41,1237,0.23643185198307037,0.1550469696521759,0.14449501037597656,0.11793439090251923
41,1238,0.2889450192451477,0.18517109751701355,0.19131147861480713,0.13624665141105652
41,1239,0.3280262351036072,0.20571398735046387,0.22936159372329712,0.15283803641796112
41,1240,0.2480185627937317,0.15819698572158813,0.16395282745361328,0.12120213359594345
41,1241,0.2701808214187622,0.1751788854598999,0.1715620756149292,0.13188551366329193
41,1242,0.25267505645751953,0.1633499562740326,0.16150754690170288,0.12361030280590057
41,1243,0.2761702239513397,0.17672686278820038,0.18234968185424805,0.13251744210720062
41,1244,0.26424098014831543,0.17037340998649597,0.17075306177139282,0.12783169746398926
41,1245,0.29375970363616943,0.18785026669502258,0.19530892372131348,0.1389293372631073
41,1246,0.2903035283088684,0.18575643002986908,0.19347107410430908,0.13579344749450684
41,1247,0.23302197456359863,0.15445949137210846,0.13777804374694824,0.11725630611181259
41,1248,0.2842029333114624,0.18050360679626465,0.1923743486404419,0.13374793529510498
41,1249,0.33799153566360474,0.21012189984321594,0.24367499351501465,0.15199816226959229
41,1250,0.2778560519218445,0.1792842596769333,0.17932939529418945,0.13420012593269348
41,1251,0.2704828083515167,0.17558994889259338,0.17293506860733032,0.12859420478343964
41,1252,0.26592060923576355,0.1720200479030609,0.17052018642425537,0.1284625232219696
41,1253,0.25523340702056885,0.16531258821487427,0.16181963682174683,0.12596479058265686
41,1254,0.3116944432258606,0.20051217079162598,0.20438015460968018,0.14715103805065155
41,1255,0.25237858295440674,0.158678337931633,0.17417001724243164,0.12016116082668304
41,1256,0.2554599940776825,0.1669270396232605,0.15936124324798584,0.12394227832555771
41,1257,0.2782295346260071,0.18035916984081268,0.18036478757858276,0.1286221742630005
41,1258,0.2849271595478058,0.18297003209590912,0.1884569525718689,0.13287165760993958
41,1259,0.2360362708568573,0.15227118134498596,0.1517430543899536,0.11533930897712708
41,1260,0.24779373407363892,0.16237382590770721,0.15398764610290527,0.11912417411804199
42,1261,0.24327309429645538,0.1563473641872406,0.15785181522369385,0.11892503499984741
42,1262,0.2993312180042267,0.18990743160247803,0.2036045789718628,0.13990981876850128
42,1263,0.266203373670578,0.17032593488693237,0.1750328540802002,0.12932154536247253
42,1264,0.30116453766822815,0.19351667165756226,0.19681262969970703,0.1446140706539154
42,1265,0.2868134677410126,0.18149127066135406,0.19469910860061646,0.13721269369125366
42,1266,0.28841808438301086,0.18216916918754578,0.19795382022857666,0.13533690571784973
42,1267,0.2596709430217743,0.16596069931983948,0.1701282262802124,0.1282947063446045
42,1268,0.2187386453151703,0.1458055078983307,0.13010919094085693,0.10444732755422592
42,1269,0.2790696620941162,0.18033623695373535,0.18158161640167236,0.13050386309623718
42,1270,0.28127455711364746,0.17957711219787598,0.18633198738098145,0.13582323491573334
42,1271,0.2463408261537552,0.1577351987361908,0.16172266006469727,0.11958281695842743
42,1272,0.26736053824424744,0.17049762606620789,0.1773659586906433,0.12958261370658875
42,1273,0.2675941586494446,0.17359131574630737,0.16995596885681152,0.13010230660438538
42,1274,0.2581232190132141,0.1683967411518097,0.16247010231018066,0.1236920952796936
42,1275,0.26871559023857117,0.17096178233623505,0.18072742223739624,0.12731415033340454
42,1276,0.2632348835468292,0.16926924884319305,0.1715908646583557,0.1266465187072754
42,1277,0.25334998965263367,0.1633872240781784,0.16370737552642822,0.12239907681941986
42,1278,0.288094699382782,0.18375727534294128,0.1906493902206421,0.14038828015327454
42,1279,0.27900803089141846,0.1774761974811554,0.18765002489089966,0.13235913217067719
42,1280,0.23672029376029968,0.15369385480880737,0.14889544248580933,0.11734124273061752
42,1281,0.2607508599758148,0.1676912009716034,0.16918563842773438,0.12692710757255554
42,1282,0.25579336285591125,0.16712462902069092,0.1591506004333496,0.12504248321056366
42,1283,0.3392862379550934,0.21720822155475616,0.2277923822402954,0.15480539202690125
42,1284,0.23510247468948364,0.15317504107952118,0.1457366943359375,0.11816372722387314
42,1285,0.2759152948856354,0.1765090376138687,0.183502197265625,0.1300269067287445
42,1286,0.2623853087425232,0.16664573550224304,0.1761317253112793,0.12643437087535858
42,1287,0.2760313153266907,0.17722263932228088,0.1809622049331665,0.1321188509464264
42,1288,0.2589879035949707,0.1666187047958374,0.16829878091812134,0.12524846196174622
42,1289,0.27625587582588196,0.17579598724842072,0.18434685468673706,0.13360580801963806
42,1290,0.29411354660987854,0.19299134612083435,0.184093177318573,0.1374245584011078
43,1291,0.23641644418239594,0.15203018486499786,0.1531270146369934,0.11567723751068115
43,1292,0.2643892765045166,0.16961395740509033,0.1729561686515808,0.12796422839164734
43,1293,0.28499966859817505,0.17987856268882751,0.19630181789398193,0.13300186395645142
43,1294,0.24084646999835968,0.15639007091522217,0.151261568069458,0.11975887417793274
43,1295,0.25780174136161804,0.1679207980632782,0.16157037019729614,0.12626390159130096
43,1296,0.2685927748680115,0.17073360085487366,0.18009960651397705,0.12909671664237976
43,1297,0.2639777660369873,0.169296532869339,0.17241495847702026,0.12857618927955627
43,1298,0.23366950452327728,0.15103957056999207,0.1482868194580078,0.11657603085041046
43,1299,0.2555975317955017,0.159458726644516,0.17942476272583008,0.12184455990791321
43,1300,0.26974040269851685,0.17439374327659607,0.17221421003341675,0.1323048621416092
43,1301,0.25413838028907776,0.16449305415153503,0.16317999362945557,0.12186654657125473
43,1302,0.2524246573448181,0.1608242690563202,0.16668641567230225,0.12462906539440155
43,1303,0.2510896623134613,0.16163893043994904,0.1632164716720581,0.12082068622112274
43,1304,0.2766501009464264,0.175115704536438,0.1888211965560913,0.1300296187400818
43,1305,0.27758511900901794,0.1807069033384323,0.173956036567688,0.1364789605140686
43,1306,0.2748764455318451,0.17564016580581665,0.1813657283782959,0.13344982266426086
43,1307,0.2624240815639496,0.16654600203037262,0.1774316430091858,0.12452709674835205
43,1308,0.25699687004089355,0.1651679277420044,0.16807347536087036,0.12299773097038269
43,1309,0.2745841145515442,0.17490175366401672,0.18434548377990723,0.12972083687782288
43,1310,0.2531508803367615,0.16080206632614136,0.17116594314575195,0.11941216886043549
43,1311,0.23628556728363037,0.15483063459396362,0.14483165740966797,0.11761139333248138
43,1312,0.27346938848495483,0.17575080692768097,0.17802858352661133,0.13253569602966309
43,1313,0.2888760268688202,0.18579921126365662,0.1891973614692688,0.13698938488960266
43,1314,0.24830295145511627,0.16112110018730164,0.158450186252594,0.11900883913040161
43,1315,0.24149994552135468,0.1566769778728485,0.15250062942504883,0.11911351978778839
43,1316,0.3161996304988861,0.20148222148418427,0.21140527725219727,0.15077655017375946
43,1317,0.2694355845451355,0.17304109036922455,0.1771458387374878,0.12768082320690155
43,1318,0.26105982065200806,0.1661578118801117,0.17550063133239746,0.12350872159004211
43,1319,0.24060717225074768,0.15616309642791748,0.1522517204284668,0.1177169531583786
43,1320,0.27879899740219116,0.17739029228687286,0.18647527694702148,0.13409297168254852
44,1321,0.26619935035705566,0.16947951912879944,0.17854690551757812,0.12650537490844727
44,1322,0.2677763104438782,0.1707446128129959,0.17806237936019897,0.12903383374214172
44,1323,0.2926027774810791,0.18481889367103577,0.19970476627349854,0.13950996100902557
44,1324,0.298408567905426,0.19073879718780518,0.19970721006393433,0.13893437385559082
44,1325,0.2693856358528137,0.17360560595989227,0.17633146047592163,0.12623727321624756
44,1326,0.2657070755958557,0.1701870560646057,0.17441511154174805,0.12876980006694794
44,1327,0.2446346879005432,0.15766963362693787,0.158147931098938,0.11852937936782837
44,1328,0.297100305557251,0.18930284678936005,0.19787514209747314,0.14323699474334717
44,1329,0.22223147749900818,0.14406216144561768,0.14041799306869507,0.1100105494260788
44,1330,0.27432066202163696,0.1770997941493988,0.1770952343940735,0.13191385567188263
44,1331,0.2738513946533203,0.17551299929618835,0.1802835464477539,0.1311248391866684
44,1332,0.26337647438049316,0.1725146472454071,0.16187059879302979,0.13056795299053192
44,1333,0.26155683398246765,0.16748589277267456,0.17471349239349365,0.12092763185501099
44,1334,0.26749005913734436,0.17165939509868622,0.17431092262268066,0.13053148984909058
44,1335,0.307296484708786,0.19694271683692932,0.2040928602218628,0.14358308911323547
44,1336,0.2470989227294922,0.15981094539165497,0.15753448009490967,0.12137093394994736
44,1337,0.2336297333240509,0.15268778800964355,0.14444899559020996,0.11581172794103622
44,1338,0.27564799785614014,0.1754060685634613,0.18604499101638794,0.1291196048259735
44,1339,0.290255606174469,0.18496333062648773,0.19318699836730957,0.1400872766971588
44,1340,0.30399271845817566,0.19459573924541473,0.20105284452438354,0.14487922191619873
44,1341,0.22014188766479492,0.14368471503257751,0.13591182231903076,0.11046227067708969
44,1342,0.2521800994873047,0.16354545950889587,0.160286545753479,0.12260006368160248
44,1343,0.29404354095458984,0.1845766305923462,0.20514309406280518,0.13704842329025269
44,1344,0.26124635338783264,0.16664224863052368,0.1748216152191162,0.12337730824947357
44,1345,0.24562208354473114,0.15964436531066895,0.15362221002578735,0.12264414876699448
44,1346,0.2613736391067505,0.16895592212677002,0.16893434524536133,0.12421983480453491
44,1347,0.2597299814224243,0.16560843586921692,0.17175281047821045,0.12710218131542206
44,1348,0.2823455333709717,0.18023672699928284,0.1876092553138733,0.13532552123069763
44,1349,0.2892870604991913,0.183859720826149,0.1937258243560791,0.13968506455421448
44,1350,0.28403323888778687,0.17990200221538544,0.1926167607307434,0.13542264699935913
45,1351,0.27493828535079956,0.17490774393081665,0.18381965160369873,0.1325133889913559
45,1352,0.2995028793811798,0.18992212414741516,0.20235633850097656,0.14319102466106415
45,1353,0.22774557769298553,0.1497538685798645,0.13901162147521973,0.11193525791168213
45,1354,0.2600873112678528,0.16932493448257446,0.1641864776611328,0.12543892860412598
45,1355,0.3217083215713501,0.2035275250673294,0.21803677082061768,0.1548304706811905
45,1356,0.31904786825180054,0.2009831666946411,0.21940433979034424,0.15151487290859222
45,1357,0.2715471386909485,0.17670807242393494,0.17004454135894775,0.13410630822181702
45,1358,0.25788700580596924,0.1675044298171997,0.1638466715812683,0.12421955913305283
45,1359,0.27682679891586304,0.18042989075183868,0.1722009778022766,0.13758249580860138
45,1360,0.26119425892829895,0.16688279807567596,0.17177408933639526,0.1280091106891632
45,1361,0.2493608146905899,0.1622328907251358,0.15590006113052368,0.12383942306041718
45,1362,0.25912269949913025,0.16850802302360535,0.16358423233032227,0.12590491771697998
45,1363,0.23721818625926971,0.1523679941892624,0.1535857915878296,0.11707936972379684
45,1364,0.2510198652744293,0.15906673669815063,0.1701878309249878,0.11938996613025665
45,1365,0.2450045347213745,0.1597362756729126,0.15206146240234375,0.12221838533878326
45,1366,0.254535436630249,0.1613646149635315,0.1701371669769287,0.12557968497276306
45,1367,0.2860153317451477,0.180160790681839,0.19631409645080566,0.13664452731609344
45,1368,0.3070756793022156,0.19533002376556396,0.2081815004348755,0.1423652172088623
45,1369,0.2369140237569809,0.1548176258802414,0.14593994617462158,0.11860208958387375
45,1370,0.2695252299308777,0.17333893477916718,0.17414337396621704,0.13264469802379608
45,1371,0.2716147303581238,0.17564520239830017,0.1742696762084961,0.13130825757980347
45,1372,0.29120662808418274,0.18621879816055298,0.19212019443511963,0.14069864153862
45,1373,0.25100186467170715,0.1625729650259018,0.15914344787597656,0.12385749816894531
45,1374,0.28866952657699585,0.1825198531150818,0.19626271724700928,0.13822291791439056
45,1375,0.278114914894104,0.1780272126197815,0.18296873569488525,0.13450093567371368
45,1376,0.26905786991119385,0.17293596267700195,0.17402887344360352,0.13255181908607483
45,1377,0.29858696460723877,0.18945670127868652,0.2018059492111206,0.1420394331216812
45,1378,0.2569156885147095,0.16471236944198608,0.1691686511039734,0.12267937511205673
45,1379,0.2674465775489807,0.17101524770259857,0.17579829692840576,0.13056008517742157
45,1380,0.28555506467819214,0.18199311196804047,0.1912142038345337,0.13538135588169098
46,1381,0.25480857491493225,0.1628035008907318,0.16924446821212769,0.12153645604848862
46,1382,0.25878188014030457,0.16802196204662323,0.16481852531433105,0.12416261434555054
46,1383,0.2975609004497528,0.19102144241333008,0.19795477390289307,0.1367877572774887
46,1384,0.24699366092681885,0.15938226878643036,0.1586330533027649,0.12079088389873505
46,1385,0.25827905535697937,0.1683976948261261,0.1609722375869751,0.1274622678756714
46,1386,0.31048429012298584,0.19440704584121704,0.21777182817459106,0.14484256505966187
46,1387,0.23372887074947357,0.15207785367965698,0.14641910791397095,0.11541684716939926
46,1388,0.2752065062522888,0.17328353226184845,0.19011056423187256,0.1293937861919403
46,1389,0.258912593126297,0.1652165651321411,0.1720966100692749,0.12428689002990723
46,1390,0.2521173357963562,0.16098931431770325,0.16684144735336304,0.1219572052359581
46,1391,0.23905307054519653,0.15686361491680145,0.14484483003616333,0.12125759571790695
46,1392,0.30272623896598816,0.19107556343078613,0.207219660282135,0.1438140571117401
46,1393,0.2586422562599182,0.16518329083919525,0.17049604654312134,0.12630261480808258
46,1394,0.25817757844924927,0.1663576364517212,0.16708612442016602,0.12492747604846954
46,1395,0.2817281186580658,0.18093696236610413,0.1833621859550476,0.13723129034042358
46,1396,0.27007633447647095,0.17206868529319763,0.18093526363372803,0.1281677484512329
46,1397,0.26983702182769775,0.17157027125358582,0.18138515949249268,0.12856346368789673
46,1398,0.23992566764354706,0.15475928783416748,0.15400809049606323,0.11781571805477142
46,1399,0.2808881998062134,0.18058425188064575,0.18320035934448242,0.13511894643306732
46,1400,0.24551889300346375,0.1572086662054062,0.16184473037719727,0.11786159127950668
46,1401,0.2810828685760498,0.18201808631420135,0.1813647747039795,0.13259433209896088
46,1402,0.2655748128890991,0.1716006100177765,0.1715989112854004,0.12667319178581238
46,1403,0.3365946114063263,0.21122929453849792,0.23560607433319092,0.15561442077159882
46,1404,0.27092134952545166,0.17119254171848297,0.1850724220275879,0.12849919497966766
46,1405,0.289478600025177,0.185170978307724,0.19181203842163086,0.13791398704051971
46,1406,0.29285115003585815,0.18651053309440613,0.19802820682525635,0.13564655184745789
46,1407,0.2619095742702484,0.16758249700069427,0.17190879583358765,0.1278177797794342
46,1408,0.29745882749557495,0.1913207620382309,0.1941254734992981,0.14243929088115692
46,1409,0.2950170040130615,0.18742841482162476,0.19911015033721924,0.13972268998622894
46,1410,0.27117565274238586,0.17220546305179596,0.18208599090576172,0.13067901134490967
47,1411,0.25597766041755676,0.16429340839385986,0.1669783592224121,0.1244644969701767
47,1412,0.28263598680496216,0.18239068984985352,0.1817225217819214,0.1377815157175064
47,1413,0.2806794047355652,0.18044839799404144,0.18274885416030884,0.1356573849916458
47,1414,0.29581043124198914,0.18630528450012207,0.2035619020462036,0.14040181040763855
47,1415,0.3083645701408386,0.19598841667175293,0.20868271589279175,0.1445152908563614
47,1416,0.2940579056739807,0.18688684701919556,0.19844484329223633,0.13896554708480835
47,1417,0.2550252377986908,0.16761671006679535,0.15677309036254883,0.12349643558263779
47,1418,0.2799980044364929,0.17839616537094116,0.18727964162826538,0.13344994187355042
47,1419,0.25914478302001953,0.16457858681678772,0.17584246397018433,0.12114592641592026
47,1420,0.260028213262558,0.16815294325351715,0.16615170240402222,0.12707291543483734
47,1421,0.24290215969085693,0.15705788135528564,0.15349191427230835,0.12223760783672333
47,1422,0.2822999954223633,0.17944452166557312,0.18831151723861694,0.13765422999858856
47,1423,0.26776444911956787,0.17607790231704712,0.16308987140655518,0.1322530210018158
47,1424,0.2797844111919403,0.17677266895771027,0.19104063510894775,0.13297751545906067
47,1425,0.2621651291847229,0.16806447505950928,0.17165684700012207,0.1271895468235016
47,1426,0.3246093988418579,0.2062486857175827,0.21776056289672852,0.1562824547290802
47,1427,0.2688133418560028,0.17513689398765564,0.16939938068389893,0.1295834481716156
47,1428,0.273452490568161,0.17584742605686188,0.17878621816635132,0.13045287132263184
47,1429,0.2578100264072418,0.16746079921722412,0.16500639915466309,0.12173332273960114
47,1430,0.2904394567012787,0.18403464555740356,0.1976308822631836,0.1367623209953308
47,1431,0.297938734292984,0.1915227770805359,0.19607210159301758,0.13993561267852783
47,1432,0.2534908950328827,0.16524936258792877,0.15754073858261108,0.12612617015838623
47,1433,0.27546757459640503,0.17574062943458557,0.18385517597198486,0.1309242844581604
47,1434,0.31399354338645935,0.20120666921138763,0.20684528350830078,0.15024372935295105
47,1435,0.24861453473567963,0.15938054025173187,0.16241097450256348,0.12134798616170883
47,1436,0.2626272439956665,0.1710091233253479,0.1658935546875,0.12630347907543182
47,1437,0.2801498472690582,0.17870773375034332,0.1879402995109558,0.13133001327514648
47,1438,0.28841474652290344,0.18551819026470184,0.18904030323028564,0.13640207052230835
47,1439,0.254290908575058,0.16288286447525024,0.16568076610565186,0.1256786435842514
47,1440,0.27393320202827454,0.17445029318332672,0.1826656460762024,0.1320832371711731
48,1441,0.2961522042751312,0.18669410049915314,0.20231682062149048,0.14265687763690948
48,1442,0.30431267619132996,0.1922355443239212,0.20761358737945557,0.14515846967697144
48,1443,0.2595096230506897,0.1671563982963562,0.16786324977874756,0.12603962421417236
48,1444,0.2544955909252167,0.16337132453918457,0.16590166091918945,0.12381794303655624
48,1445,0.2501773238182068,0.16097494959831238,0.16292458772659302,0.12016263604164124
48,1446,0.2418280392885208,0.15520739555358887,0.15716290473937988,0.11877735704183578
48,1447,0.2683156728744507,0.1713285744190216,0.17809230089187622,0.12875089049339294
48,1448,0.28761324286460876,0.18395830690860748,0.19080901145935059,0.13665664196014404
48,1449,0.25783848762512207,0.1646791398525238,0.16916793584823608,0.12746074795722961
48,1450,0.2539201080799103,0.165519118309021,0.1587311029434204,0.124542735517025
48,1451,0.270481675863266,0.17314696311950684,0.17732417583465576,0.13202522695064545
48,1452,0.27506256103515625,0.17533814907073975,0.18247026205062866,0.133681520819664
48,1453,0.2579726278781891,0.16722266376018524,0.16363877058029175,0.12647227942943573
48,1454,0.2828589975833893,0.1809043288230896,0.18854749202728271,0.1326783299446106
48,1455,0.26737600564956665,0.16897505521774292,0.18088185787200928,0.13024114072322845
48,1456,0.2834569215774536,0.18104511499404907,0.18752968311309814,0.13699966669082642
48,1457,0.2605644762516022,0.16725096106529236,0.16784465312957764,0.1308782994747162
48,1458,0.24491935968399048,0.15942634642124176,0.15291553735733032,0.12163397669792175
48,1459,0.26741304993629456,0.17320376634597778,0.1701575517654419,0.13073128461837769
48,1460,0.2766351103782654,0.17490163445472717,0.18606746196746826,0.13653244078159332
48,1461,0.2827948033809662,0.17799031734466553,0.19475030899047852,0.13452187180519104
48,1462,0.295811265707016,0.18847425282001495,0.19867920875549316,0.1393265724182129
48,1463,0.2913156747817993,0.1845390498638153,0.19555985927581787,0.1427634358406067
48,1464,0.23097214102745056,0.1483980417251587,0.14941632747650146,0.11403787136077881
48,1465,0.22293542325496674,0.14233744144439697,0.1468813419342041,0.10922720283269882
48,1466,0.27792564034461975,0.1787811666727066,0.18001055717468262,0.1357012391090393
48,1467,0.2385818362236023,0.15392594039440155,0.1521214246749878,0.11903657764196396
48,1468,0.2750004231929779,0.17635342478752136,0.1789487600326538,0.1353374421596527
48,1469,0.2381923496723175,0.15299680829048157,0.1547790765762329,0.11641954630613327
48,1470,0.2430240660905838,0.15738961100578308,0.15293854475021362,0.12229518592357635
49,1471,0.27843981981277466,0.1789661943912506,0.17995214462280273,0.13746377825737
49,1472,0.24893979728221893,0.16028070449829102,0.1593475341796875,0.1246003732085228
49,1473,0.2821587026119232,0.17685118317604065,0.19498252868652344,0.13657251000404358
49,1474,0.2781493067741394,0.17715543508529663,0.18588262796401978,0.13320419192314148
49,1475,0.258400022983551,0.1647963672876358,0.1716768741607666,0.12466450780630112
49,1476,0.2234775424003601,0.14640000462532043,0.13586938381195068,0.11364893615245819
49,1477,0.30945098400115967,0.19513893127441406,0.21247965097427368,0.14660096168518066
49,1478,0.23460543155670166,0.15291345119476318,0.14704525470733643,0.11436941474676132
49,1479,0.24402111768722534,0.15642966330051422,0.16161954402923584,0.11471822112798691
49,1480,0.2761337459087372,0.17527420818805695,0.18466401100158691,0.13496966660022736
49,1481,0.31133025884628296,0.19913586974143982,0.20553672313690186,0.14989855885505676
49,1482,0.24730472266674042,0.16075363755226135,0.1538153886795044,0.12512467801570892
49,1483,0.321294903755188,0.20251339673995972,0.22263103723526,0.14864543080329895
49,1484,0.2324075996875763,0.1490093618631363,0.15141451358795166,0.11416210979223251
49,1485,0.2744337320327759,0.17584404349327087,0.1796330213546753,0.13368237018585205
49,1486,0.2540275752544403,0.16233888268470764,0.16661518812179565,0.1252131462097168
49,1487,0.29762744903564453,0.18677930533885956,0.20651757717132568,0.14120548963546753
49,1488,0.270035982131958,0.17245922982692719,0.17895883321762085,0.12996616959571838
49,1489,0.28578001260757446,0.1832071989774704,0.18804562091827393,0.13677291572093964
49,1490,0.2447582632303238,0.1589125692844391,0.15431863069534302,0.12059124559164047
49,1491,0.2702367901802063,0.1727994680404663,0.17708641290664673,0.1330137550830841
49,1492,0.2921743094921112,0.1868894100189209,0.19480085372924805,0.13682276010513306
49,1493,0.26727500557899475,0.17194221913814545,0.17251217365264893,0.13163958489894867
49,1494,0.2583082318305969,0.1669635772705078,0.1642727255821228,0.12817788124084473
49,1495,0.2670044004917145,0.1743566393852234,0.16804343461990356,0.1271519660949707
49,1496,0.25479942560195923,0.16570180654525757,0.1603795289993286,0.12472900003194809
49,1497,0.26503732800483704,0.1719665825366974,0.16796767711639404,0.12941840291023254
49,1498,0.2960525453090668,0.18827855587005615,0.19832688570022583,0.14221620559692383
49,1499,0.2442646026611328,0.1586531400680542,0.15403103828430176,0.11999528855085373
49,1500,0.2353590726852417,0.14794018864631653,0.16103637218475342,0.11502163112163544
50,1501,0.22639749944210052,0.15005098283290863,0.13397812843322754,0.1137763261795044
50,1502,0.24809221923351288,0.1603417694568634,0.1585763692855835,0.12159949541091919
50,1503,0.28789037466049194,0.18137121200561523,0.19818270206451416,0.1362304389476776
50,1504,0.30850401520729065,0.1967489868402481,0.20702707767486572,0.14472103118896484
50,1505,0.26021531224250793,0.1663188636302948,0.1709299087524414,0.12762245535850525
50,1506,0.2543143033981323,0.16279688477516174,0.1663752794265747,0.1248365044593811
50,1507,0.2521115839481354,0.16104045510292053,0.16591209173202515,0.12353146076202393
50,1508,0.2463494837284088,0.15886326134204865,0.15818935632705688,0.12105238437652588
50,1509,0.2491944432258606,0.15840023756027222,0.16535168886184692,0.12326765060424805
50,1510,0.2668032646179199,0.17075511813163757,0.1744910478591919,0.13125860691070557
50,1511,0.2953970432281494,0.19093120098114014,0.18965482711791992,0.14301948249340057
50,1512,0.27118220925331116,0.17422175407409668,0.17575067281723022,0.13330091536045074
50,1513,0.25656676292419434,0.1638217270374298,0.17006915807724,0.12358684837818146
50,1514,0.26220497488975525,0.16625794768333435,0.1765958070755005,0.12654346227645874
50,1515,0.29635223746299744,0.1887863278388977,0.19626933336257935,0.14529097080230713
50,1516,0.19911383092403412,0.12958435714244843,0.1221889853477478,0.10326938331127167
50,1517,0.2901051342487335,0.18305927515029907,0.1970301866531372,0.14116902649402618
50,1518,0.27249762415885925,0.173195481300354,0.18231838941574097,0.1318739354610443
50,1519,0.29206231236457825,0.18496158719062805,0.19872665405273438,0.138050377368927
50,1520,0.224271759390831,0.14615389704704285,0.13823723793029785,0.11411478370428085
50,1521,0.23833712935447693,0.15321388840675354,0.15286487340927124,0.11988651007413864
50,1522,0.2973501980304718,0.18928202986717224,0.19848358631134033,0.14337360858917236
50,1523,0.267002135515213,0.1737755984067917,0.1672419309616089,0.13164883852005005
50,1524,0.2951046824455261,0.18770593404769897,0.19712913036346436,0.1427355259656906
50,1525,0.25442466139793396,0.16461724042892456,0.161501944065094,0.12603315711021423
50,1526,0.226371631026268,0.14792808890342712,0.13895976543426514,0.11429813504219055
50,1527,0.24306148290634155,0.15498828887939453,0.16021454334259033,0.11993694305419922
50,1528,0.2776051461696625,0.1797342300415039,0.17671900987625122,0.13591662049293518
50,1529,0.2612062096595764,0.16554391384124756,0.17658257484436035,0.12514643371105194
50,1530,0.2915647029876709,0.18417245149612427,0.19914889335632324,0.13866347074508667
51,1531,0.32239723205566406,0.20592553913593292,0.2141789197921753,0.1540006399154663
51,1532,0.2591206133365631,0.16266867518424988,0.17959558963775635,0.12306860089302063
51,1533,0.22346021234989166,0.1449594497680664,0.1392662525177002,0.11397130787372589
51,1534,0.23380379378795624,0.1521182358264923,0.14578360319137573,0.11686055362224579
51,1535,0.24835188686847687,0.15783733129501343,0.16536402702331543,0.12184473127126694
51,1536,0.2780870497226715,0.1786007434129715,0.18071258068084717,0.13600634038448334
51,1537,0.24298492074012756,0.1565418690443039,0.15594923496246338,0.1203167587518692
51,1538,0.26679807901382446,0.17178423702716827,0.17148244380950928,0.1321043223142624
51,1539,0.24099674820899963,0.15594688057899475,0.15159744024276733,0.12205447256565094
51,1540,0.282233327627182,0.18175742030143738,0.18162387609481812,0.13913170993328094
51,1541,0.27089723944664,0.17272332310676575,0.17919790744781494,0.13247375190258026
51,1542,0.2548864185810089,0.16093671321868896,0.17225444316864014,0.12523961067199707
51,1543,0.26609811186790466,0.168931782245636,0.17887163162231445,0.12808839976787567
51,1544,0.25799041986465454,0.16752728819847107,0.16282325983047485,0.12666907906532288
51,1545,0.27493906021118164,0.17212700843811035,0.1910029649734497,0.13205432891845703
51,1546,0.23469743132591248,0.15138331055641174,0.1498798131942749,0.11681094020605087
51,1547,0.24376778304576874,0.15499623119831085,0.16162753105163574,0.12060268968343735
51,1548,0.23737865686416626,0.1551179438829422,0.14779752492904663,0.11570849269628525
51,1549,0.2731378972530365,0.17653466761112213,0.17431128025054932,0.13439355790615082
51,1550,0.2789985239505768,0.17830051481723785,0.1838473081588745,0.13579541444778442
51,1551,0.2766039967536926,0.17838746309280396,0.17919719219207764,0.13268834352493286
51,1552,0.27126529812812805,0.1740710437297821,0.17776578664779663,0.13043972849845886
51,1553,0.2890200614929199,0.1839989870786667,0.19397872686386108,0.1371479481458664
51,1554,0.2574750483036041,0.16678133606910706,0.16495656967163086,0.12355532497167587
51,1555,0.272356241941452,0.17617981135845184,0.17521488666534424,0.13045237958431244
51,1556,0.26587653160095215,0.1697995960712433,0.17490017414093018,0.13058434426784515
51,1557,0.22060510516166687,0.14552751183509827,0.13061577081680298,0.11415645480155945
51,1558,0.2265949547290802,0.14931151270866394,0.13468724489212036,0.11704276502132416
51,1559,0.22945727407932281,0.14687642455101013,0.1498807668685913,0.11314274370670319
51,1560,0.23527319729328156,0.15260522067546844,0.14897751808166504,0.11538483202457428
52,1561,0.24168449640274048,0.15882331132888794,0.1483675241470337,0.11757092922925949
52,1562,0.2742486596107483,0.1747559756040573,0.18152272701263428,0.1344180554151535
52,1563,0.2411564290523529,0.1544911116361618,0.15532159805297852,0.12268336862325668
52,1564,0.27751657366752625,0.17591556906700134,0.1871354579925537,0.1337341070175171
52,1565,0.25870490074157715,0.16464221477508545,0.1717534065246582,0.1268066167831421
52,1566,0.2567160725593567,0.16333335638046265,0.17118406295776367,0.12454533576965332
52,1567,0.23747900128364563,0.15088282525539398,0.15784472227096558,0.11729147285223007
52,1568,0.2714335322380066,0.17592065036296844,0.17285984754562378,0.1318446695804596
52,1569,0.2971991300582886,0.18770140409469604,0.20250481367111206,0.14247888326644897
52,1570,0.2657616138458252,0.1704324185848236,0.1738278865814209,0.12899020314216614
52,1571,0.22366738319396973,0.1451871544122696,0.13927912712097168,0.11384283006191254
52,1572,0.2552432715892792,0.16264504194259644,0.16961634159088135,0.12375849485397339
52,1573,0.27455446124076843,0.1757754385471344,0.1780318021774292,0.13783153891563416
52,1574,0.3003027141094208,0.191893070936203,0.20026123523712158,0.1415257751941681
52,1575,0.2731555104255676,0.17427825927734375,0.1806761622428894,0.13303394615650177
52,1576,0.266461580991745,0.17187988758087158,0.1732417345046997,0.12642496824264526
52,1577,0.2857382893562317,0.18185359239578247,0.19024598598480225,0.1389315128326416
52,1578,0.23779962956905365,0.1542232483625412,0.14782869815826416,0.12222443521022797
52,1579,0.26997873187065125,0.17387573421001434,0.1751617193222046,0.13019154965877533
52,1580,0.22202490270137787,0.14406123757362366,0.13864266872406006,0.11253295838832855
52,1581,0.26150956749916077,0.1662140041589737,0.17625439167022705,0.12396907806396484
52,1582,0.28651848435401917,0.18181592226028442,0.19348841905593872,0.13653594255447388
52,1583,0.25624439120292664,0.164104163646698,0.1667191982269287,0.12726271152496338
52,1584,0.28960496187210083,0.18713223934173584,0.1891687512397766,0.13402611017227173
52,1585,0.21499183773994446,0.14041921496391296,0.13510483503341675,0.10265343636274338
52,1586,0.28282129764556885,0.18119177222251892,0.1870875358581543,0.1339724361896515
52,1587,0.2672177255153656,0.17019939422607422,0.1783924102783203,0.12830683588981628
52,1588,0.2590304911136627,0.16855789721012115,0.16413837671279907,0.1240861639380455
52,1589,0.27933770418167114,0.1781051754951477,0.18511879444122314,0.1359250843524933
52,1590,0.26618820428848267,0.17315509915351868,0.1689710021018982,0.12722353637218475
53,1591,0.24758735299110413,0.15827502310276031,0.16388297080993652,0.11879567801952362
53,1592,0.2622702121734619,0.16617757081985474,0.1782030463218689,0.12405707687139511
53,1593,0.2625368535518646,0.1688917875289917,0.17071199417114258,0.1268012970685959
53,1594,0.30023330450057983,0.1907675862312317,0.2013634443283081,0.14460168778896332
53,1595,0.2789206802845001,0.17847475409507751,0.18314802646636963,0.13593357801437378
53,1596,0.26463279128074646,0.16945523023605347,0.1733551025390625,0.12917757034301758
53,1597,0.24710123240947723,0.16154387593269348,0.15206408500671387,0.12365864217281342
53,1598,0.23772954940795898,0.15177114307880402,0.15735363960266113,0.11508476734161377
53,1599,0.3066721558570862,0.19482630491256714,0.20714640617370605,0.1449364721775055
53,1600,0.2405342310667038,0.15451115369796753,0.15522849559783936,0.1196584403514862
53,1601,0.24610187113285065,0.15799535810947418,0.1599624752998352,0.12060759961605072
53,1602,0.27975690364837646,0.18057586252689362,0.1807847023010254,0.1343357414007187
53,1603,0.268937349319458,0.16998252272605896,0.1824326515197754,0.1299087107181549
53,1604,0.22925862669944763,0.14750903844833374,0.14835429191589355,0.11203940212726593
53,1605,0.23722657561302185,0.1536807417869568,0.14901447296142578,0.11970017850399017
53,1606,0.2358102798461914,0.15335014462471008,0.1465240716934204,0.1192525252699852
53,1607,0.27584975957870483,0.17517030239105225,0.18653732538223267,0.13032251596450806
53,1608,0.2294023633003235,0.14849524199962616,0.14506179094314575,0.11441197246313095
53,1609,0.31357961893081665,0.20285683870315552,0.20133686065673828,0.15094007551670074
53,1610,0.23814699053764343,0.15555980801582336,0.14633160829544067,0.12027274072170258
53,1611,0.26300305128097534,0.16513510048389435,0.18127691745758057,0.12678593397140503
53,1612,0.31440863013267517,0.19919303059577942,0.21416133642196655,0.14775532484054565
53,1613,0.25242987275123596,0.16425666213035583,0.15695887804031372,0.12694822251796722
53,1614,0.27472320199012756,0.1741008460521698,0.18441063165664673,0.13429045677185059
53,1615,0.2949938476085663,0.18572667241096497,0.20296615362167358,0.14040353894233704
53,1616,0.2452695220708847,0.15849429368972778,0.15529823303222656,0.12327971309423447
53,1617,0.2877061367034912,0.1828950047492981,0.19405245780944824,0.13595068454742432
53,1618,0.25450289249420166,0.16379082202911377,0.1653892993927002,0.12278174608945847
53,1619,0.2381967455148697,0.1544455587863922,0.149009108543396,0.1207377165555954
53,1620,0.24817891418933868,0.15983763337135315,0.1581559181213379,0.1253945529460907
54,1621,0.23696579039096832,0.15305885672569275,0.15057921409606934,0.1183762177824974
54,1622,0.27898797392845154,0.18012043833732605,0.1797565221786499,0.1348247230052948
54,1623,0.24217037856578827,0.1562928557395935,0.1535016894340515,0.12238419055938721
54,1624,0.27523213624954224,0.1767648458480835,0.17905789613723755,0.13422057032585144
54,1625,0.3236478865146637,0.20082174241542816,0.23215758800506592,0.14981546998023987
54,1626,0.29012545943260193,0.18290698528289795,0.19943368434906006,0.137224942445755
54,1627,0.25418564677238464,0.1618400663137436,0.17081332206726074,0.12010124325752258
54,1628,0.2678394615650177,0.1709291636943817,0.1763995885848999,0.13175231218338013
54,1629,0.24757227301597595,0.15767501294612885,0.16275376081466675,0.12397881597280502
54,1630,0.2648516595363617,0.16898199915885925,0.17498260736465454,0.12938307225704193
54,1631,0.24325105547904968,0.15624023973941803,0.15752869844436646,0.11999665200710297
54,1632,0.2661750614643097,0.1662692278623581,0.18457192182540894,0.13038527965545654
54,1633,0.281940221786499,0.17859983444213867,0.1893671751022339,0.13796761631965637
54,1634,0.23277884721755981,0.15217620134353638,0.14262396097183228,0.11776527017354965
54,1635,0.2699461579322815,0.17294925451278687,0.17638766765594482,0.13220927119255066
54,1636,0.3042766749858856,0.1937345415353775,0.2061852216720581,0.14034023880958557
54,1637,0.22186928987503052,0.14285974204540253,0.1427701711654663,0.10950735211372375
54,1638,0.2804393768310547,0.17789380252361298,0.18802165985107422,0.13668446242809296
54,1639,0.24682588875293732,0.1568756103515625,0.16522490978240967,0.11930160224437714
54,1640,0.28535473346710205,0.18411962687969208,0.18415939807891846,0.13785682618618011
54,1641,0.2972091734409332,0.1890341341495514,0.19869446754455566,0.14348629117012024
54,1642,0.25032925605773926,0.16088902950286865,0.1624230146408081,0.12235504388809204
54,1643,0.22961726784706116,0.1520092785358429,0.13594716787338257,0.11614561080932617
54,1644,0.26542750000953674,0.17120273411273956,0.16913139820098877,0.1328609585762024
54,1645,0.26426079869270325,0.17029966413974762,0.16993176937103271,0.12994208931922913
54,1646,0.292728990316391,0.18471914529800415,0.20072579383850098,0.13859769701957703
54,1647,0.28983834385871887,0.1891634613275528,0.1806166172027588,0.1421411782503128
54,1648,0.2646098732948303,0.1699753701686859,0.1729750633239746,0.12722241878509521
54,1649,0.24365460872650146,0.15823575854301453,0.15386497974395752,0.11936427652835846
54,1650,0.2605200409889221,0.16754093766212463,0.1684434413909912,0.1280086189508438
55,1651,0.2736395299434662,0.17421545088291168,0.1825695037841797,0.13198140263557434
55,1652,0.2591792941093445,0.1659812480211258,0.1696091890335083,0.12677180767059326
55,1653,0.258430153131485,0.1656825840473175,0.16668856143951416,0.13036073744297028
55,1654,0.29752519726753235,0.18842260539531708,0.20128154754638672,0.14294980466365814
55,1655,0.2573085129261017,0.16397958993911743,0.17022943496704102,0.12618568539619446
55,1656,0.24901573359966278,0.1570335328578949,0.16863465309143066,0.12264170497655869
55,1657,0.20945923030376434,0.1369275450706482,0.1272692084312439,0.10812002420425415
55,1658,0.27425938844680786,0.17714567482471466,0.17463397979736328,0.13630059361457825
55,1659,0.21676434576511383,0.1424490213394165,0.1300150752067566,0.11154644191265106
55,1660,0.24336285889148712,0.15265682339668274,0.16758787631988525,0.1183544397354126
55,1661,0.30641627311706543,0.1946079432964325,0.2058597207069397,0.14732205867767334
55,1662,0.2705225348472595,0.17633908987045288,0.16901880502700806,0.1328795850276947
55,1663,0.2441902756690979,0.15941841900348663,0.15182077884674072,0.12021774053573608
55,1664,0.28509730100631714,0.18136882781982422,0.1893749237060547,0.13989248871803284
55,1665,0.23183102905750275,0.14871227741241455,0.1490047574043274,0.11758427321910858
55,1666,0.24585404992103577,0.1578931212425232,0.15961098670959473,0.1205826848745346
55,1667,0.2609562873840332,0.16869208216667175,0.16583466529846191,0.12965166568756104
55,1668,0.2566293478012085,0.16798530519008636,0.15753531455993652,0.1281495988368988
55,1669,0.24575266242027283,0.15784510970115662,0.15923500061035156,0.12106772512197495
55,1670,0.2995264530181885,0.18973566591739655,0.201427161693573,0.14609959721565247
55,1671,0.2523582875728607,0.16088806092739105,0.16671538352966309,0.12392032146453857
55,1672,0.24356253445148468,0.15542198717594147,0.15964066982269287,0.1214214563369751
55,1673,0.21886587142944336,0.1417618691921234,0.13779371976852417,0.10993260145187378
55,1674,0.21025066077709198,0.13867808878421783,0.12468361854553223,0.1084955632686615
55,1675,0.2772958278656006,0.17649878561496735,0.18461644649505615,0.1347523182630539
55,1676,0.23595364391803741,0.15104657411575317,0.15266180038452148,0.11921177804470062
55,1677,0.25130486488342285,0.16163139045238495,0.1619846224784851,0.1243981122970581
55,1678,0.26319169998168945,0.16798251867294312,0.1740478277206421,0.1279502511024475
55,1679,0.27440229058265686,0.17333099246025085,0.18606674671173096,0.13322290778160095
55,1680,0.2875705063343048,0.18127235770225525,0.1973106861114502,0.1368693709373474
56,1681,0.25177592039108276,0.16248972713947296,0.16036099195480347,0.12570905685424805
56,1682,0.2446373999118805,0.15686137974262238,0.15811020135879517,0.12265961617231369
56,1683,0.2906936705112457,0.18970589339733124,0.18000972270965576,0.1449195146560669
56,1684,0.24210403859615326,0.15598942339420319,0.15317749977111816,0.12421806901693344
56,1685,0.2392449975013733,0.15243253111839294,0.15810537338256836,0.11785160005092621
56,1686,0.26356226205825806,0.16873326897621155,0.17226719856262207,0.12961053848266602
56,1687,0.2176450937986374,0.1428329050540924,0.13071346282958984,0.11263397336006165
56,1688,0.27407097816467285,0.17473876476287842,0.18098008632659912,0.13470083475112915
56,1689,0.2408948540687561,0.1564512848854065,0.1503981351852417,0.12142162024974823
56,1690,0.21337732672691345,0.13985422253608704,0.1290346384048462,0.1095462366938591
56,1691,0.27913448214530945,0.17670118808746338,0.18952524662017822,0.1331159472465515
56,1692,0.27638179063796997,0.17681261897087097,0.18195325136184692,0.13393941521644592
56,1693,0.24947205185890198,0.160106360912323,0.16095292568206787,0.12492256611585617
56,1694,0.21950304508209229,0.14157016575336456,0.1404813528060913,0.1087016686797142
56,1695,0.291953444480896,0.1855502426624298,0.19503706693649292,0.14194194972515106
56,1696,0.2540102005004883,0.1651526540517807,0.15899068117141724,0.1263064593076706
56,1697,0.27439960837364197,0.1765073537826538,0.17734456062316895,0.13477209210395813
56,1698,0.2643490135669708,0.16779173910617828,0.17760705947875977,0.12757228314876556
56,1699,0.24531850218772888,0.15895992517471313,0.15472519397735596,0.12234248965978622
56,1700,0.276553213596344,0.17679251730442047,0.1823807954788208,0.13404184579849243
56,1701,0.23968197405338287,0.15411201119422913,0.15576356649398804,0.11632274091243744
56,1702,0.2670116424560547,0.16852430999279022,0.1816772222518921,0.12908212840557098
56,1703,0.2541625499725342,0.1627654731273651,0.16580992937088013,0.12536554038524628
56,1704,0.3047516644001007,0.1920323371887207,0.208257794380188,0.14708101749420166
56,1705,0.2706144154071808,0.17317931354045868,0.17684173583984375,0.133492112159729
56,1706,0.28035256266593933,0.18060404062271118,0.18088293075561523,0.13697674870491028
56,1707,0.27279385924339294,0.1766749918460846,0.17280179262161255,0.13499067723751068
56,1708,0.2534763216972351,0.1628732979297638,0.16404998302459717,0.12491515278816223
56,1709,0.26012903451919556,0.16646814346313477,0.16903150081634521,0.13024145364761353
56,1710,0.26373106241226196,0.16661570966243744,0.1787853240966797,0.12800607085227966
57,1711,0.2558079957962036,0.1656304895877838,0.16258001327514648,0.125727578997612
57,1712,0.26196783781051636,0.16817131638526917,0.16956818103790283,0.12984615564346313
57,1713,0.23463568091392517,0.151021808385849,0.1488327980041504,0.12040375173091888
57,1714,0.24858835339546204,0.16019955277442932,0.15929841995239258,0.1233472228050232
57,1715,0.2611404061317444,0.16936799883842468,0.16437697410583496,0.13010814785957336
57,1716,0.25253933668136597,0.16449205577373505,0.15805363655090332,0.12412919849157333
57,1717,0.28864574432373047,0.18459993600845337,0.18959778547286987,0.14103351533412933
57,1718,0.22997668385505676,0.1473454236984253,0.14905619621276855,0.11504392325878143
57,1719,0.2493785172700882,0.16029198467731476,0.1610601544380188,0.12331242859363556
57,1720,0.3036699891090393,0.1919562667608261,0.20589816570281982,0.14677229523658752
57,1721,0.3015866279602051,0.1894727349281311,0.20817160606384277,0.14422617852687836
57,1722,0.21766336262226105,0.13845771551132202,0.142400860786438,0.11122652888298035
57,1723,0.27084362506866455,0.17231355607509613,0.17969751358032227,0.13325534760951996
57,1724,0.2359381914138794,0.1540738344192505,0.1446266770362854,0.12006844580173492
57,1725,0.2712647318840027,0.17089825868606567,0.1857590675354004,0.13031426072120667
57,1726,0.2308596670627594,0.15044933557510376,0.1438807249069214,0.11429020017385483
57,1727,0.30489352345466614,0.195785790681839,0.20053446292877197,0.1444697231054306
57,1728,0.2637529969215393,0.1683894693851471,0.17366284132003784,0.12949196994304657
57,1729,0.23272304236888885,0.15041853487491608,0.14695459604263306,0.11761333048343658
57,1730,0.2588345408439636,0.16773755848407745,0.1620044708251953,0.13147589564323425
57,1731,0.2899285554885864,0.18677084147930145,0.18666255474090576,0.14246347546577454
57,1732,0.23612186312675476,0.15175160765647888,0.1519155502319336,0.118020199239254
57,1733,0.23955807089805603,0.1541246771812439,0.15268343687057495,0.12180010974407196
57,1734,0.2431500256061554,0.15651819109916687,0.15542620420455933,0.12230675667524338
57,1735,0.2581797242164612,0.1636422723531723,0.171500563621521,0.1296861469745636
57,1736,0.2510134279727936,0.16101501882076263,0.16225671768188477,0.12547868490219116
57,1737,0.2816689908504486,0.17876650393009186,0.1887725591659546,0.136967271566391
57,1738,0.24930620193481445,0.161762997508049,0.15531814098358154,0.12707974016666412
57,1739,0.280659556388855,0.1776365041732788,0.18772047758102417,0.13967430591583252
57,1740,0.26263490319252014,0.166914701461792,0.1743396520614624,0.12992167472839355
58,1741,0.2366618663072586,0.15331396460533142,0.14776843786239624,0.12120263278484344
58,1742,0.23193025588989258,0.14909091591835022,0.14898252487182617,0.11623166501522064
58,1743,0.24831537902355194,0.15783710777759552,0.16460907459259033,0.12317320704460144
58,1744,0.2613102197647095,0.1674172729253769,0.16999387741088867,0.12947693467140198
58,1745,0.26898953318595886,0.17337863147258759,0.17249608039855957,0.1330622434616089
58,1746,0.23310492932796478,0.14997097849845886,0.14908123016357422,0.11750729382038116
58,1747,0.2593427896499634,0.16877539455890656,0.16320407390594482,0.12642887234687805
58,1748,0.23669646680355072,0.15277689695358276,0.15050172805786133,0.11859440803527832
58,1749,0.2547312378883362,0.16408170759677887,0.1637018918991089,0.12584394216537476
58,1750,0.2462388575077057,0.15917591750621796,0.1563979983329773,0.12251871824264526
58,1751,0.2542617619037628,0.16047219932079315,0.17322003841400146,0.12250780314207077
58,1752,0.27501267194747925,0.17540225386619568,0.18168634176254272,0.13467931747436523
58,1753,0.217758446931839,0.1422097235918045,0.13324612379074097,0.1112513393163681
58,1754,0.2498781830072403,0.1599113643169403,0.1627061367034912,0.12442176043987274
58,1755,0.29764431715011597,0.1859634667634964,0.21007287502288818,0.1382584273815155
58,1756,0.28459107875823975,0.1802648901939392,0.19134223461151123,0.13894648849964142
58,1757,0.22356291115283966,0.144836887717247,0.13988661766052246,0.11385686695575714
58,1758,0.27650654315948486,0.17624926567077637,0.18282628059387207,0.13563385605812073
58,1759,0.24224664270877838,0.15536335110664368,0.15746527910232544,0.11948589980602264
58,1760,0.24414725601673126,0.155416339635849,0.1628340482711792,0.11798644065856934
58,1761,0.23087207973003387,0.14949317276477814,0.1445012092590332,0.11789210140705109
58,1762,0.25469091534614563,0.16213762760162354,0.1679832935333252,0.1267998069524765
58,1763,0.26725631952285767,0.1712683141231537,0.17343974113464355,0.13306045532226562
58,1764,0.24199676513671875,0.15438784658908844,0.1590186357498169,0.12000729143619537
58,1765,0.24862225353717804,0.15800216794013977,0.16433727741241455,0.12442582845687866
58,1766,0.23954340815544128,0.1521986722946167,0.15900850296020508,0.11870664358139038
58,1767,0.2562471628189087,0.16394275426864624,0.16733062267303467,0.12686072289943695
58,1768,0.26973044872283936,0.17687064409255981,0.1664719581604004,0.13135503232479095
58,1769,0.23623865842819214,0.15330655872821808,0.14738035202026367,0.11989979445934296
58,1770,0.2456311136484146,0.15642228722572327,0.16422957181930542,0.11758501827716827
59,1771,0.23031571507453918,0.1485588252544403,0.14570915699005127,0.11736615747213364
59,1772,0.24054962396621704,0.15526822209358215,0.15253865718841553,0.12132968753576279
59,1773,0.2626867890357971,0.16750869154930115,0.17302191257476807,0.12984663248062134
59,1774,0.23389120399951935,0.15160414576530457,0.14560997486114502,0.12021537125110626
59,1775,0.2637591063976288,0.16885992884635925,0.171769380569458,0.13095709681510925
59,1776,0.24871328473091125,0.16262692213058472,0.1514378786087036,0.12755601108074188
59,1777,0.24176383018493652,0.15508145093917847,0.15511202812194824,0.1231878325343132
59,1778,0.23613743484020233,0.15234531462192535,0.14946025609970093,0.12004013359546661
59,1779,0.24438482522964478,0.15834927558898926,0.153997540473938,0.12218266725540161
59,1780,0.23548777401447296,0.15194790065288544,0.14851218461990356,0.1206749677658081
59,1781,0.2706431746482849,0.17077840864658356,0.1829703450202942,0.13338306546211243
59,1782,0.24238401651382446,0.1568852961063385,0.15184688568115234,0.12379982322454453
59,1783,0.24321115016937256,0.15550465881824493,0.15804070234298706,0.1224510669708252
59,1784,0.27543991804122925,0.17599254846572876,0.17951369285583496,0.13820940256118774
59,1785,0.2266829013824463,0.14806754887104034,0.1381700038909912,0.1167367547750473
59,1786,0.2553248107433319,0.1635352224111557,0.16473376750946045,0.12948040664196014
59,1787,0.26000338792800903,0.16708964109420776,0.16761237382888794,0.12934401631355286
59,1788,0.24029164016246796,0.1545768678188324,0.15329062938690186,0.12199261039495468
59,1789,0.2587135434150696,0.16678932309150696,0.16336345672607422,0.1328941434621811
59,1790,0.224463552236557,0.1458440124988556,0.1398637294769287,0.11337023228406906
59,1791,0.2605036199092865,0.16765740513801575,0.16665446758270264,0.13092206418514252
59,1792,0.24108831584453583,0.15487930178642273,0.15472447872161865,0.12159609794616699
59,1793,0.2539936304092407,0.1667369306087494,0.15377646684646606,0.12873058021068573
59,1794,0.24480709433555603,0.15674060583114624,0.1582288146018982,0.12387484312057495
59,1795,0.2670617401599884,0.17072127759456635,0.17500603199005127,0.13169017434120178
59,1796,0.28385767340660095,0.18263903260231018,0.18123483657836914,0.14362356066703796
59,1797,0.28932496905326843,0.1856660097837448,0.18818002939224243,0.14193469285964966
59,1798,0.2768230736255646,0.1762622743844986,0.18209326267242432,0.13861742615699768
59,1799,0.2513999342918396,0.16109737753868103,0.1651412844657898,0.12123014032840729
59,1800,0.25676313042640686,0.16504347324371338,0.16537714004516602,0.12784403562545776
60,1801,0.27674150466918945,0.177017942070961,0.18073523044586182,0.1371472328901291
60,1802,0.28254348039627075,0.1826169490814209,0.1815972924232483,0.13643808662891388
60,1803,0.2251279503107071,0.14446744322776794,0.14457786083221436,0.11414681375026703
60,1804,0.23051446676254272,0.14965581893920898,0.14479827880859375,0.11469673365354538
60,1805,0.26966309547424316,0.17305709421634674,0.1758798360824585,0.13127033412456512
60,1806,0.2464989274740219,0.15763865411281586,0.16187584400177002,0.1205497533082962
60,1807,0.260026752948761,0.16760478913784027,0.16670817136764526,0.12869344651699066
60,1808,0.24266692996025085,0.1551210880279541,0.15691125392913818,0.1239066943526268
60,1809,0.28777390718460083,0.18333600461483002,0.1911218762397766,0.13994580507278442
60,1810,0.2528790831565857,0.1619582176208496,0.16491663455963135,0.12477105110883713
60,1811,0.2592693269252777,0.16507726907730103,0.17270922660827637,0.12554185092449188
60,1812,0.2293192446231842,0.14996449649333954,0.14062011241912842,0.11553343385457993
60,1813,0.25608763098716736,0.16435503959655762,0.16807758808135986,0.12250783294439316
60,1814,0.24441613256931305,0.15573793649673462,0.1616327166557312,0.12012550234794617
60,1815,0.25677478313446045,0.1634899377822876,0.16943955421447754,0.12754514813423157
60,1816,0.28397032618522644,0.17931805551052094,0.1916365623474121,0.13998818397521973
60,1817,0.23833227157592773,0.15405385196208954,0.1517653465270996,0.11786139011383057
60,1818,0.3048403561115265,0.19295629858970642,0.20609360933303833,0.1472330093383789
60,1819,0.2507851719856262,0.16110703349113464,0.1620931625366211,0.1242043599486351
60,1820,0.310375839471817,0.1967720091342926,0.21107566356658936,0.14586779475212097
60,1821,0.24289251863956451,0.15506908297538757,0.15920698642730713,0.12070321291685104
60,1822,0.2651388645172119,0.17042231559753418,0.17199355363845825,0.1295955926179886
60,1823,0.2613118886947632,0.16680118441581726,0.17128527164459229,0.12998297810554504
60,1824,0.2739846110343933,0.18024224042892456,0.1670527458190918,0.13460639119148254
60,1825,0.2674139142036438,0.17033806443214417,0.17738795280456543,0.13060325384140015
60,1826,0.2556650638580322,0.16481536626815796,0.16287916898727417,0.12849025428295135
60,1827,0.2423054277896881,0.1537627875804901,0.16161376237869263,0.11948569118976593
60,1828,0.25353801250457764,0.16053637862205505,0.16980373859405518,0.12540072202682495
60,1829,0.2674267888069153,0.1702255755662918,0.17760348320007324,0.1307990849018097
60,1830,0.2460663616657257,0.15775495767593384,0.16065722703933716,0.12024252116680145
61,1831,0.2359996736049652,0.15331856906414032,0.1464296579360962,0.12054622173309326
61,1832,0.2476779967546463,0.16030308604240417,0.15553182363510132,0.12581084668636322
61,1833,0.25115537643432617,0.15989457070827484,0.16777580976486206,0.1207524985074997
61,1834,0.2944295406341553,0.18494847416877747,0.20333564281463623,0.1407340168952942
61,1835,0.24777166545391083,0.1583997756242752,0.16150856018066406,0.1238422840833664
61,1836,0.19514793157577515,0.12697018682956696,0.11964714527130127,0.10159440338611603
61,1837,0.25342896580696106,0.16418595612049103,0.15900027751922607,0.12821456789970398
61,1838,0.26589205861091614,0.17132507264614105,0.17171216011047363,0.12941065430641174
61,1839,0.19920720160007477,0.1312558650970459,0.11721539497375488,0.1053258627653122
61,1840,0.23619148135185242,0.15272364020347595,0.14964741468429565,0.11804436892271042
61,1841,0.26906630396842957,0.17038153111934662,0.1801290512084961,0.13316577672958374
61,1842,0.26927801966667175,0.1698349118232727,0.18234407901763916,0.13252735137939453
61,1843,0.2797480821609497,0.17932148277759552,0.1818273663520813,0.13847826421260834
61,1844,0.25366201996803284,0.16226863861083984,0.16553330421447754,0.1259002387523651
61,1845,0.2835422456264496,0.18140797317028046,0.1848699450492859,0.14093145728111267
61,1846,0.2567262649536133,0.16196958720684052,0.17288219928741455,0.1280190348625183
61,1847,0.27779582142829895,0.17829543352127075,0.18152135610580444,0.13445934653282166
61,1848,0.23589366674423218,0.15144279599189758,0.1527031660079956,0.11684805154800415
61,1849,0.23135477304458618,0.14910835027694702,0.14895355701446533,0.11332494020462036
61,1850,0.2662995159626007,0.1692492514848709,0.17627066373825073,0.1327100694179535
61,1851,0.2524573802947998,0.15974202752113342,0.1695420742034912,0.12449268996715546
61,1852,0.22844864428043365,0.1465967297554016,0.14695978164672852,0.11533994972705841
61,1853,0.26512446999549866,0.16793133318424225,0.17725884914398193,0.1314479410648346
61,1854,0.21714533865451813,0.141640305519104,0.13139081001281738,0.11474357545375824
61,1855,0.2658124268054962,0.16972309350967407,0.17627108097076416,0.12790453433990479
61,1856,0.2780998945236206,0.17595914006233215,0.18806564807891846,0.13457243144512177
61,1857,0.23655235767364502,0.1495240032672882,0.15924102067947388,0.11665968596935272
61,1858,0.2800409495830536,0.1770894080400467,0.18884295225143433,0.13707172870635986
61,1859,0.23861408233642578,0.15281185507774353,0.1556234359741211,0.11776421964168549
61,1860,0.24889886379241943,0.1611231565475464,0.1555497646331787,0.1277790069580078
62,1861,0.235555499792099,0.1517086923122406,0.14986932277679443,0.11949539184570312
62,1862,0.24533717334270477,0.15766514837741852,0.1572069525718689,0.1239461898803711
62,1863,0.24917484819889069,0.15965911746025085,0.16122281551361084,0.12513300776481628
62,1864,0.2677837312221527,0.17210379242897034,0.17358368635177612,0.13123230636119843
62,1865,0.2857813835144043,0.18278264999389648,0.18630266189575195,0.14238837361335754
62,1866,0.2449357807636261,0.15825298428535461,0.15523266792297363,0.12294863164424896
62,1867,0.231728658080101,0.1482851207256317,0.1505039930343628,0.11620967090129852
62,1868,0.21252226829528809,0.1386047899723053,0.12927275896072388,0.11104186624288559
62,1869,0.24013158679008484,0.1548277586698532,0.1514168381690979,0.12368546426296234
62,1870,0.23880267143249512,0.1546456217765808,0.149261474609375,0.12226232141256332
62,1871,0.22821639478206635,0.14788168668746948,0.141837477684021,0.11799860000610352
62,1872,0.2164483368396759,0.14067763090133667,0.13361096382141113,0.1116316169500351
62,1873,0.24667030572891235,0.15795305371284485,0.1596474051475525,0.12429146468639374
62,1874,0.24597793817520142,0.1583205610513687,0.15631449222564697,0.12565793097019196
62,1875,0.22629404067993164,0.1444505751132965,0.14764529466629028,0.11392678320407867
62,1876,0.24465298652648926,0.15603333711624146,0.15926694869995117,0.1245642900466919
62,1877,0.24589167535305023,0.15618681907653809,0.16314077377319336,0.12224268913269043
62,1878,0.23212410509586334,0.14982450008392334,0.14723503589630127,0.11702796071767807
62,1879,0.2689416706562042,0.1726883053779602,0.17262911796569824,0.13600856065750122
62,1880,0.26195162534713745,0.1671605408191681,0.17071795463562012,0.13251946866512299
62,1881,0.25232741236686707,0.16072703897953033,0.1672142744064331,0.12357336282730103
62,1882,0.21578416228294373,0.13925281167030334,0.13554024696350098,0.11157622933387756
62,1883,0.22750338912010193,0.14726611971855164,0.14300811290740967,0.11517010629177094
62,1884,0.25354811549186707,0.16301321983337402,0.16437780857086182,0.1239187940955162
62,1885,0.23765668272972107,0.15428060293197632,0.14811092615127563,0.12065856903791428
62,1886,0.24064907431602478,0.15641513466835022,0.14768004417419434,0.12580959498882294
62,1887,0.23939111828804016,0.15498009324073792,0.149444580078125,0.123166024684906
62,1888,0.2011747807264328,0.12932297587394714,0.12775027751922607,0.10375851392745972
62,1889,0.27083683013916016,0.17113101482391357,0.18333709239959717,0.13185492157936096
62,1890,0.2662157714366913,0.17141591012477875,0.17023658752441406,0.13352620601654053
63,1891,0.23241101205348969,0.1505761444568634,0.14746558666229248,0.11424317210912704
63,1892,0.24442383646965027,0.15798422694206238,0.15411120653152466,0.12397567927837372
63,1893,0.22125576436519623,0.14374178647994995,0.13693511486053467,0.11369966715574265
63,1894,0.27937594056129456,0.1778697520494461,0.18565303087234497,0.13622498512268066
63,1895,0.2789998948574066,0.17997200787067413,0.17693930864334106,0.14126074314117432
63,1896,0.24952569603919983,0.15894553065299988,0.16418981552124023,0.12452118843793869
63,1897,0.27896857261657715,0.17639252543449402,0.1871618628501892,0.13855652511119843
63,1898,0.24044229090213776,0.1536950170993805,0.15722644329071045,0.11928343772888184
63,1899,0.2509711980819702,0.1607971489429474,0.16464221477508545,0.12158583104610443
63,1900,0.274069607257843,0.17672798037528992,0.1750977635383606,0.13651256263256073
63,1901,0.2562365233898163,0.16479554772377014,0.16563266515731812,0.1259395182132721
63,1902,0.21762824058532715,0.1430189460515976,0.13232898712158203,0.10838847607374191
63,1903,0.24669796228408813,0.15714220702648163,0.16355979442596436,0.12065919488668442
63,1904,0.26474836468696594,0.1671278178691864,0.17865413427352905,0.13079455494880676
63,1905,0.2584921419620514,0.16332590579986572,0.17419493198394775,0.12744134664535522
63,1906,0.2697201669216156,0.17351692914962769,0.1739787459373474,0.13305869698524475
63,1907,0.250009685754776,0.16009758412837982,0.16175073385238647,0.12605904042720795
63,1908,0.2513502240180969,0.15863409638404846,0.17010033130645752,0.12337997555732727
63,1909,0.23912395536899567,0.15522783994674683,0.14837604761123657,0.12272851914167404
63,1910,0.2863732874393463,0.1851949244737625,0.18334853649139404,0.13919466733932495
63,1911,0.2746804356575012,0.17357610166072845,0.1853228211402893,0.1348760426044464
63,1912,0.26720890402793884,0.17119942605495453,0.1740136742591858,0.13202008605003357
63,1913,0.25783029198646545,0.16524602472782135,0.1677229404449463,0.12747538089752197
63,1914,0.2122441679239273,0.137545645236969,0.13272398710250854,0.10804468393325806
63,1915,0.2812942862510681,0.17976632714271545,0.18348634243011475,0.1406671404838562
63,1916,0.26644882559776306,0.16847550868988037,0.1789991855621338,0.13186821341514587
63,1917,0.24900557100772858,0.1613038182258606,0.15553247928619385,0.1274438202381134
63,1918,0.2506217360496521,0.16136060655117035,0.16158652305603027,0.12313266843557358
63,1919,0.23156051337718964,0.14804808795452118,0.15010279417037964,0.11735652387142181
63,1920,0.25200456380844116,0.16497477889060974,0.15522587299346924,0.12469719350337982
64,1921,0.24789586663246155,0.15916752815246582,0.16082501411437988,0.12199161946773529
64,1922,0.294170081615448,0.18664169311523438,0.19757038354873657,0.14250114560127258
64,1923,0.22203442454338074,0.144881010055542,0.1357029676437378,0.11436109989881516
64,1924,0.2466604858636856,0.16185545921325684,0.14901137351989746,0.12600235641002655
64,1925,0.24432021379470825,0.15623632073402405,0.15803474187850952,0.1243499368429184
64,1926,0.2556941509246826,0.16522568464279175,0.16255426406860352,0.1272338330745697
64,1927,0.28980115056037903,0.18412595987319946,0.19701188802719116,0.1343521922826767
64,1928,0.24478697776794434,0.15783992409706116,0.15630674362182617,0.12212169170379639
64,1929,0.2819996774196625,0.18221960961818695,0.178969144821167,0.14096197485923767
64,1930,0.28517627716064453,0.18161901831626892,0.1904887557029724,0.13680867850780487
64,1931,0.26153427362442017,0.1660597026348114,0.17353785037994385,0.13029716908931732
64,1932,0.27137547731399536,0.17823272943496704,0.1663547158241272,0.13300441205501556
64,1933,0.2627619802951813,0.16827134788036346,0.17085814476013184,0.13073688745498657
64,1934,0.25365331768989563,0.16024893522262573,0.17168104648590088,0.12365977466106415
64,1935,0.2306867092847824,0.148919939994812,0.1455095410346985,0.1178147941827774
64,1936,0.2511120140552521,0.16091254353523254,0.16305041313171387,0.12489648163318634
64,1937,0.2686949372291565,0.17032697796821594,0.18043071031570435,0.13097834587097168
64,1938,0.2740243673324585,0.17444473505020142,0.18095159530639648,0.1359950304031372
64,1939,0.2437766194343567,0.15813392400741577,0.15254855155944824,0.1231163889169693
64,1940,0.2612663507461548,0.1670246720314026,0.16981524229049683,0.13157781958580017
64,1941,0.23651349544525146,0.15218371152877808,0.15066629648208618,0.1203162893652916
64,1942,0.23350712656974792,0.14841563999652863,0.15512168407440186,0.11521404981613159
64,1943,0.25460949540138245,0.16429251432418823,0.16327202320098877,0.12504085898399353
64,1944,0.23877480626106262,0.15181177854537964,0.1566258668899536,0.1215633675456047
64,1945,0.26371118426322937,0.1689646989107132,0.17102140188217163,0.1316896378993988
64,1946,0.29212990403175354,0.1844228059053421,0.19877779483795166,0.14097994565963745
64,1947,0.2506031394004822,0.15880794823169708,0.16630572080612183,0.12636448442935944
64,1948,0.2789286673069,0.17642372846603394,0.18809831142425537,0.1363280862569809
64,1949,0.24932338297367096,0.16072171926498413,0.15767645835876465,0.12765537202358246
64,1950,0.26532357931137085,0.16954460740089417,0.17336571216583252,0.13216352462768555
65,1951,0.2822841703891754,0.18115544319152832,0.18092113733291626,0.14380145072937012
65,1952,0.21671593189239502,0.1401253640651703,0.1354595422744751,0.11203380674123764
65,1953,0.251187264919281,0.16112548112869263,0.16298919916152954,0.12433050572872162
65,1954,0.22814792394638062,0.14683246612548828,0.14518654346466064,0.11620420217514038
65,1955,0.2690013349056244,0.17190569639205933,0.1759210228919983,0.1336362063884735
65,1956,0.22389349341392517,0.1460062861442566,0.1365240216255188,0.11638794839382172
65,1957,0.2410118728876114,0.1577388346195221,0.1461612582206726,0.12404268980026245
65,1958,0.22128072381019592,0.1443420946598053,0.13543254137039185,0.11382802575826645
65,1959,0.2536863088607788,0.16197320818901062,0.16543817520141602,0.12768912315368652
65,1960,0.26348111033439636,0.16977199912071228,0.1658039093017578,0.13693776726722717
65,1961,0.274348646402359,0.17352153360843658,0.18528902530670166,0.13355752825737
65,1962,0.2526915669441223,0.16064877808094025,0.16770851612091064,0.12479695677757263
65,1963,0.257636696100235,0.1662909835577011,0.16269582509994507,0.13133692741394043
65,1964,0.2701273262500763,0.17229139804840088,0.17929810285568237,0.1305834800004959
65,1965,0.25006499886512756,0.16065582633018494,0.1615898609161377,0.12386614084243774
65,1966,0.24196875095367432,0.15717780590057373,0.15052008628845215,0.12291457504034042
65,1967,0.2751864790916443,0.17589890956878662,0.18198776245117188,0.1324622631072998
65,1968,0.2457144856452942,0.1587314009666443,0.15522891283035278,0.12445762008428574
65,1969,0.2747099697589874,0.17656806111335754,0.17612648010253906,0.13845647871494293
65,1970,0.25891196727752686,0.1656879484653473,0.16803860664367676,0.1300428956747055
65,1971,0.24755679070949554,0.15797093510627747,0.16364485025405884,0.12063959240913391
65,1972,0.21519415080547333,0.13773614168167114,0.13839340209960938,0.1105031967163086
65,1973,0.26345425844192505,0.1707088053226471,0.16738229990005493,0.1289626955986023
65,1974,0.266165167093277,0.17247577011585236,0.16876143217086792,0.1309240758419037
65,1975,0.2282102108001709,0.14506307244300842,0.15034663677215576,0.11504238098859787
65,1976,0.24698705971240997,0.15805840492248535,0.16155415773391724,0.12153496593236923
65,1977,0.2355038821697235,0.15377429127693176,0.1442432403564453,0.12016145884990692
65,1978,0.2439393550157547,0.15354152023792267,0.16571921110153198,0.12055075168609619
65,1979,0.26059460639953613,0.16438591480255127,0.1764202117919922,0.12820297479629517
65,1980,0.24083715677261353,0.15202966332435608,0.16266083717346191,0.11871576309204102
66,1981,0.2543160617351532,0.16376546025276184,0.16162878274917603,0.12949535250663757
66,1982,0.25825464725494385,0.16325683891773224,0.1754130721092224,0.12416283786296844
66,1983,0.23051589727401733,0.14679178595542908,0.1507354974746704,0.11714954674243927
66,1984,0.22715803980827332,0.14759427309036255,0.14088058471679688,0.11605771631002426
66,1985,0.25150102376937866,0.1625407338142395,0.15918606519699097,0.12642931938171387
66,1986,0.2059386968612671,0.13292846083641052,0.12853586673736572,0.1079794391989708
66,1987,0.26751357316970825,0.17345786094665527,0.1679171323776245,0.13444416224956512
66,1988,0.2346387505531311,0.148846834897995,0.15679800510406494,0.11536362767219543
66,1989,0.22212369740009308,0.1425165981054306,0.14218038320541382,0.11367472261190414
66,1990,0.282105952501297,0.18299837410449982,0.176153302192688,0.14323130249977112
66,1991,0.231812983751297,0.1499011218547821,0.1454981565475464,0.11856304854154587
66,1992,0.2386358231306076,0.1540510654449463,0.15144497156143188,0.12003384530544281
66,1993,0.2694630026817322,0.17075222730636597,0.18025970458984375,0.13303439319133759
66,1994,0.24255141615867615,0.15608161687850952,0.15476739406585693,0.12281419336795807
66,1995,0.258714884519577,0.16379791498184204,0.17325133085250854,0.12808215618133545
66,1996,0.27035629749298096,0.17075170576572418,0.18173134326934814,0.13456033170223236
66,1997,0.29161474108695984,0.1850811243057251,0.19515132904052734,0.14236542582511902
66,1998,0.2709382474422455,0.17196545004844666,0.18002039194107056,0.13482317328453064
66,1999,0.2516212463378906,0.16095983982086182,0.16316336393356323,0.12698028981685638
66,2000,0.2632606625556946,0.16773436963558197,0.17165344953536987,0.1343245506286621
66,2001,0.25010427832603455,0.1599288284778595,0.16270017623901367,0.12547683715820312
66,2002,0.24687115848064423,0.15937940776348114,0.15662938356399536,0.12419997155666351
66,2003,0.28271377086639404,0.18460094928741455,0.17412257194519043,0.14231887459754944
66,2004,0.2485468089580536,0.1571733057498932,0.1659873127937317,0.12489289045333862
66,2005,0.24913612008094788,0.16157707571983337,0.15567004680633545,0.12645509839057922
66,2006,0.2857847809791565,0.18208785355091095,0.1881697177886963,0.14214515686035156
66,2007,0.24654948711395264,0.15885555744171143,0.15756142139434814,0.12334676086902618
66,2008,0.2562025785446167,0.16633063554763794,0.15983891487121582,0.1296818107366562
66,2009,0.2551359534263611,0.16304846107959747,0.16668474674224854,0.12706798315048218
66,2010,0.21662262082099915,0.1387111246585846,0.13889503479003906,0.11176745593547821
67,2011,0.2516292631626129,0.16106447577476501,0.1648920178413391,0.1230398640036583
67,2012,0.2924332320690155,0.18405750393867493,0.19995194673538208,0.14197468757629395
67,2013,0.258253276348114,0.16699784994125366,0.16302460432052612,0.13022787868976593
67,2014,0.26239025592803955,0.16823989152908325,0.17190396785736084,0.1269439160823822
67,2015,0.2588444948196411,0.1650160849094391,0.1694907546043396,0.13016045093536377
67,2016,0.24720622599124908,0.16133145987987518,0.1511966586112976,0.1269804686307907
67,2017,0.22568288445472717,0.14573824405670166,0.1428791880607605,0.11396479606628418
67,2018,0.2716246545314789,0.17366188764572144,0.17841458320617676,0.1329846829175949
67,2019,0.23065638542175293,0.14972233772277832,0.1422327160835266,0.12020482122898102
67,2020,0.2584279477596283,0.16487082839012146,0.16858011484146118,0.13062530755996704
67,2021,0.28094688057899475,0.1786733865737915,0.18512719869613647,0.14111310243606567
67,2022,0.253047376871109,0.16066288948059082,0.1671348214149475,0.12765273451805115
67,2023,0.27395501732826233,0.17585423588752747,0.1788596510887146,0.13278457522392273
67,2024,0.2535359263420105,0.1639033704996109,0.1613522171974182,0.12545843422412872
67,2025,0.24103905260562897,0.15323564410209656,0.1603270173072815,0.11836296319961548
67,2026,0.26657363772392273,0.17127114534378052,0.17107617855072021,0.13436007499694824
67,2027,0.25034797191619873,0.1614914834499359,0.15909403562545776,0.12609441578388214
67,2028,0.24901644885540009,0.16156001389026642,0.1562139391899109,0.12485426664352417
67,2029,0.23806467652320862,0.15201400220394135,0.15494239330291748,0.12036856263875961
67,2030,0.24952642619609833,0.15861554443836212,0.1654759645462036,0.12360252439975739
67,2031,0.2587405741214752,0.16529390215873718,0.16947460174560547,0.12828415632247925
67,2032,0.23221465945243835,0.15068043768405914,0.14452862739562988,0.11861380189657211
67,2033,0.2556997239589691,0.16474950313568115,0.1626732349395752,0.12940460443496704
67,2034,0.2506614327430725,0.15916606783866882,0.16589784622192383,0.1256810873746872
67,2035,0.2379513531923294,0.15360276401042938,0.150323748588562,0.12109537422657013
67,2036,0.23411327600479126,0.14979559183120728,0.15136325359344482,0.11886191368103027
67,2037,0.23835133016109467,0.1526264250278473,0.15389037132263184,0.1208437830209732
67,2038,0.23555468022823334,0.15257346630096436,0.14737457036972046,0.1201568990945816
67,2039,0.261673241853714,0.1671384871006012,0.17211270332336426,0.1284482628107071
67,2040,0.2531443238258362,0.16017955541610718,0.1708388328552246,0.12314610183238983
68,2041,0.2681192457675934,0.17563563585281372,0.16725468635559082,0.12790866196155548
68,2042,0.24084195494651794,0.1535947620868683,0.1574336290359497,0.12136869132518768
68,2043,0.25309979915618896,0.16427648067474365,0.15838903188705444,0.1273384690284729
68,2044,0.2543947696685791,0.1605297029018402,0.1736384630203247,0.12204848229885101
68,2045,0.26266878843307495,0.16948899626731873,0.16720014810562134,0.13149867951869965
68,2046,0.24479061365127563,0.16030345857143402,0.14872539043426514,0.12498494237661362
68,2047,0.23739339411258698,0.15443380177021027,0.14600950479507446,0.12277893722057343
68,2048,0.21325509250164032,0.1362479329109192,0.13857245445251465,0.10789086669683456
68,2049,0.23628367483615875,0.15334245562553406,0.1468273401260376,0.12105147540569305
68,2050,0.27753013372421265,0.17874091863632202,0.17738699913024902,0.13917210698127747
68,2051,0.24977974593639374,0.16227048635482788,0.1574012041091919,0.12274394929409027
68,2052,0.2764025032520294,0.17538705468177795,0.18465334177017212,0.13577060401439667
68,2053,0.2681519687175751,0.17009028792381287,0.17808741331100464,0.13413351774215698
68,2054,0.2696463465690613,0.17435374855995178,0.17106759548187256,0.13432776927947998
68,2055,0.2478981465101242,0.16052934527397156,0.15584349632263184,0.12515702843666077
68,2056,0.2608782947063446,0.1665082424879074,0.17452406883239746,0.12280215322971344
68,2057,0.2319934368133545,0.15049785375595093,0.1459541916847229,0.11556955426931381
68,2058,0.25190651416778564,0.16268296539783478,0.15979987382888794,0.12651798129081726
68,2059,0.22301287949085236,0.145684152841568,0.13657349348068237,0.11349664628505707
68,2060,0.23936580121517181,0.1560022234916687,0.14720338582992554,0.1224111020565033
68,2061,0.2496928572654724,0.16069740056991577,0.15979886054992676,0.1253795474767685
68,2062,0.20890673995018005,0.13820132613182068,0.12139785289764404,0.1107313334941864
68,2063,0.2783597409725189,0.1754261553287506,0.18848371505737305,0.13770048320293427
68,2064,0.22737577557563782,0.14597027003765106,0.14526939392089844,0.1164887472987175
68,2065,0.24602699279785156,0.15675203502178192,0.16084349155426025,0.12468785047531128
68,2066,0.24024134874343872,0.15669912099838257,0.14564061164855957,0.12642991542816162
68,2067,0.2403814047574997,0.15342608094215393,0.15596646070480347,0.1228436827659607
68,2068,0.28142493963241577,0.1754591464996338,0.19828224182128906,0.13326457142829895
68,2069,0.2327471375465393,0.1541491448879242,0.13447070121765137,0.12404858320951462
68,2070,0.23812061548233032,0.15374775230884552,0.1490389108657837,0.12378650903701782
69,2071,0.2639566957950592,0.16785597801208496,0.17485976219177246,0.1307840794324875
69,2072,0.29436999559402466,0.18476657569408417,0.20236480236053467,0.1432875096797943
69,2073,0.24625703692436218,0.15950584411621094,0.1529407501220703,0.1278744637966156
69,2074,0.259486585855484,0.16502618789672852,0.17027294635772705,0.1317560076713562
69,2075,0.2414630800485611,0.15280191600322723,0.16150641441345215,0.12029296159744263
69,2076,0.29122215509414673,0.18322178721427917,0.1982908844947815,0.14342008531093597
69,2077,0.23023387789726257,0.14771030843257904,0.14719140529632568,0.11823508143424988
69,2078,0.2269309014081955,0.14550279080867767,0.14576059579849243,0.11561934649944305
69,2079,0.24060410261154175,0.15514668822288513,0.153600811958313,0.12008550018072128
69,2080,0.21837395429611206,0.14199312031269073,0.134973406791687,0.11195733398199081
69,2081,0.23609037697315216,0.15210619568824768,0.1491316556930542,0.1216576024889946
69,2082,0.23431701958179474,0.15134206414222717,0.14769989252090454,0.11947496235370636
69,2083,0.26488274335861206,0.1698693484067917,0.17138534784317017,0.13229623436927795
69,2084,0.22157302498817444,0.14196911454200745,0.14250922203063965,0.11300107091665268
69,2085,0.23955421149730682,0.15210390090942383,0.15901517868041992,0.11922112107276917
69,2086,0.2547212541103363,0.16247345507144928,0.16716104745864868,0.12691697478294373
69,2087,0.24442878365516663,0.15567556023597717,0.16012835502624512,0.12350936979055405
69,2088,0.24104492366313934,0.15370824933052063,0.15710854530334473,0.1224663183093071
69,2089,0.22985273599624634,0.14750084280967712,0.14699280261993408,0.1177738755941391
69,2090,0.25530874729156494,0.1613238900899887,0.17250454425811768,0.12491518259048462
69,2091,0.23603107035160065,0.15066681802272797,0.1531132459640503,0.12059471011161804
69,2092,0.2632405459880829,0.16975340247154236,0.16822528839111328,0.1309850513935089
69,2093,0.2190706729888916,0.14081454277038574,0.13920187950134277,0.11287687718868256
69,2094,0.25261110067367554,0.15994185209274292,0.16811341047286987,0.12711942195892334
69,2095,0.25205928087234497,0.15867382287979126,0.17058706283569336,0.12575316429138184
69,2096,0.2684042751789093,0.17497648298740387,0.16551798582077026,0.13610303401947021
69,2097,0.25268617272377014,0.16322126984596252,0.16075807809829712,0.12580838799476624
69,2098,0.2679327428340912,0.16924390196800232,0.18053030967712402,0.13238349556922913
69,2099,0.28740614652633667,0.1818876415491104,0.19315040111541748,0.1412918120622635
69,2100,0.26773354411125183,0.17172199487686157,0.17322677373886108,0.13360421359539032
70,2101,0.20203723013401031,0.1335783302783966,0.11804038286209106,0.10621374845504761
70,2102,0.22839565575122833,0.14858829975128174,0.14112424850463867,0.11678831279277802
70,2103,0.24456094205379486,0.1573142558336258,0.15600240230560303,0.12422861903905869
70,2104,0.22469298541545868,0.1460076868534088,0.1391587257385254,0.11510902643203735
70,2105,0.2434285581111908,0.15653535723686218,0.15599524974822998,0.12247544527053833
70,2106,0.23113428056240082,0.14769594371318817,0.15006160736083984,0.11706843227148056
70,2107,0.213498055934906,0.13850703835487366,0.13297313451766968,0.10900881141424179
70,2108,0.24248968064785004,0.15484029054641724,0.15794885158538818,0.12234916538000107
70,2109,0.211813822388649,0.1357184648513794,0.13675600290298462,0.10696478188037872
70,2110,0.25355467200279236,0.16488800942897797,0.15700113773345947,0.12933099269866943
70,2111,0.22577886283397675,0.14466118812561035,0.14465749263763428,0.1162734180688858
70,2112,0.22342568635940552,0.14298415184020996,0.1446327567100525,0.1129421815276146
70,2113,0.20378942787647247,0.13072416186332703,0.1298443078994751,0.10563768446445465
70,2114,0.2773354947566986,0.17621123790740967,0.18474501371383667,0.13613125681877136
70,2115,0.2551957964897156,0.16249436140060425,0.16693758964538574,0.12963196635246277
70,2116,0.2485935091972351,0.15811267495155334,0.16366499662399292,0.12507414817810059
70,2117,0.2530437707901001,0.16338269412517548,0.1597234606742859,0.12885846197605133
70,2118,0.2425399124622345,0.1564301699399948,0.15423166751861572,0.12208537757396698
70,2119,0.24026325345039368,0.15281125903129578,0.15834224224090576,0.12057545781135559
70,2120,0.23256278038024902,0.15066534280776978,0.14501047134399414,0.11946623027324677
70,2121,0.2701617479324341,0.17226815223693848,0.17823296785354614,0.13300207257270813
70,2122,0.2893528640270233,0.18456369638442993,0.1897616982460022,0.14442256093025208
70,2123,0.2055455595254898,0.1335800141096115,0.12570536136627197,0.10841699689626694
70,2124,0.2866533398628235,0.18099704384803772,0.1943444013595581,0.13959257304668427
70,2125,0.25629478693008423,0.1643904596567154,0.1649574637413025,0.129606693983078
70,2126,0.2628045380115509,0.16677053272724152,0.17478179931640625,0.13060647249221802
70,2127,0.2766231894493103,0.1749778836965561,0.18659842014312744,0.13502973318099976
70,2128,0.23517802357673645,0.1500965654850006,0.1523461937904358,0.12071486562490463
70,2129,0.2428494244813919,0.15706613659858704,0.15169548988342285,0.12552545964717865
70,2130,0.26059117913246155,0.16826069355010986,0.16495788097381592,0.1317366361618042
71,2131,0.24554294347763062,0.15956127643585205,0.15164005756378174,0.12662822008132935
71,2132,0.23570150136947632,0.15259234607219696,0.14773142337799072,0.12008293718099594
71,2133,0.22703485190868378,0.14584627747535706,0.1443050503730774,0.1173328161239624
71,2134,0.2808162271976471,0.17961859703063965,0.18200653791427612,0.14197507500648499
71,2135,0.2704940438270569,0.17346423864364624,0.1745471954345703,0.13605456054210663
71,2136,0.22005565464496613,0.14347484707832336,0.13381576538085938,0.11527244746685028
71,2137,0.2569430470466614,0.1642630696296692,0.16626650094985962,0.1308668553829193
71,2138,0.21782052516937256,0.14225992560386658,0.13198482990264893,0.11383329331874847
71,2139,0.2160719931125641,0.1393391191959381,0.13729619979858398,0.10907193273305893
71,2140,0.2503434419631958,0.1627427637577057,0.15685391426086426,0.12429554760456085
71,2141,0.24797925353050232,0.15832069516181946,0.16162538528442383,0.12504205107688904
71,2142,0.21925365924835205,0.14134010672569275,0.13836300373077393,0.11284175515174866
71,2143,0.2341456413269043,0.1476605236530304,0.15738683938980103,0.11765187233686447
71,2144,0.2432137131690979,0.16029050946235657,0.14575380086898804,0.12310841679573059
71,2145,0.28031232953071594,0.17877861857414246,0.18479835987091064,0.1380717158317566
71,2146,0.23063698410987854,0.1475573033094406,0.1488814353942871,0.11763547360897064
71,2147,0.26754432916641235,0.1712328940629959,0.17375308275222778,0.13405105471611023
71,2148,0.22822128236293793,0.1474991738796234,0.1439838409423828,0.11564284563064575
71,2149,0.25257471203804016,0.1619391292333603,0.1624753475189209,0.12822717428207397
71,2150,0.2783960998058319,0.17464670538902283,0.19060873985290527,0.13752949237823486
71,2151,0.23048622906208038,0.14796307682991028,0.14718836545944214,0.11823897808790207
71,2152,0.2694105803966522,0.17178118228912354,0.17562425136566162,0.13689839839935303
71,2153,0.23013658821582794,0.14621862769126892,0.15269207954406738,0.11420565843582153
71,2154,0.2567662000656128,0.16630205512046814,0.16046559810638428,0.13138949871063232
71,2155,0.24197757244110107,0.1544976830482483,0.1571589708328247,0.1230815052986145
71,2156,0.228920578956604,0.14718827605247498,0.14634358882904053,0.1159743070602417
71,2157,0.24712641537189484,0.15833865106105804,0.15922331809997559,0.1254921406507492
71,2158,0.2363671362400055,0.15490268170833588,0.14409220218658447,0.11913787573575974
71,2159,0.24633657932281494,0.15719276666641235,0.16128021478652954,0.12315859645605087
71,2160,0.25592511892318726,0.1640852838754654,0.16604900360107422,0.12710115313529968
72,2161,0.2790547013282776,0.17539489269256592,0.19207370281219482,0.1341516077518463
72,2162,0.2377365380525589,0.15378808975219727,0.14816009998321533,0.12342210114002228
72,2163,0.2433837503194809,0.15560168027877808,0.15797775983810425,0.12295477092266083
72,2164,0.2701030671596527,0.17134687304496765,0.18012171983718872,0.13353753089904785
72,2165,0.24162514507770538,0.15555062890052795,0.15382319688796997,0.1227261871099472
72,2166,0.25161004066467285,0.16198596358299255,0.15988123416900635,0.1283578723669052
72,2167,0.2563323974609375,0.16488365828990936,0.16342693567276,0.13038979470729828
72,2168,0.24942024052143097,0.1583244800567627,0.1660071611404419,0.12346446514129639
72,2169,0.21045660972595215,0.13708874583244324,0.12911224365234375,0.10861486196517944
72,2170,0.24003152549266815,0.15449263155460358,0.15118372440338135,0.12532702088356018
72,2171,0.2346331626176834,0.1496788114309311,0.15252095460891724,0.1197298914194107
72,2172,0.2656247019767761,0.17164787650108337,0.16744613647460938,0.1349918693304062
72,2173,0.23559163510799408,0.15301023423671722,0.14488565921783447,0.12313570082187653
72,2174,0.2617727220058441,0.17329679429531097,0.15362071990966797,0.13513818383216858
72,2175,0.21795620024204254,0.14042823016643524,0.1371673345565796,0.11330517381429672
72,2176,0.2168511301279068,0.13954226672649384,0.13808435201644897,0.11037560552358627
72,2177,0.2503114938735962,0.1602165251970291,0.1618558168411255,0.1267632693052292
72,2178,0.3014812469482422,0.19125428795814514,0.2027221918106079,0.14569036662578583
72,2179,0.22658659517765045,0.14577031135559082,0.14425086975097656,0.11557968705892563
72,2180,0.23593181371688843,0.15127581357955933,0.15104001760482788,0.12119992822408676
72,2181,0.23952530324459076,0.15457069873809814,0.15106117725372314,0.12265060842037201
72,2182,0.22880125045776367,0.14828532934188843,0.14184284210205078,0.11889393627643585
72,2183,0.23308712244033813,0.14864863455295563,0.15229427814483643,0.11760386824607849
72,2184,0.2747315764427185,0.17279808223247528,0.18830496072769165,0.13305746018886566
72,2185,0.24915175139904022,0.16087812185287476,0.15563082695007324,0.13010652363300323
72,2186,0.2529093027114868,0.16239812970161438,0.16234558820724487,0.12786462903022766
72,2187,0.2574447691440582,0.16243208944797516,0.1736241579055786,0.12781505286693573
72,2188,0.24758677184581757,0.15709397196769714,0.16373980045318604,0.12498441338539124
72,2189,0.21035003662109375,0.13951179385185242,0.12280422449111938,0.10858273506164551
72,2190,0.24523763358592987,0.15961477160453796,0.15107405185699463,0.12596622109413147
73,2191,0.2854865491390228,0.18180076777935028,0.18753504753112793,0.14335881173610687
73,2192,0.2336512953042984,0.15034586191177368,0.14791953563690186,0.1206880733370781
73,2193,0.22948254644870758,0.1489391028881073,0.14348828792572021,0.11574065685272217
73,2194,0.2603286802768707,0.1654885709285736,0.17108988761901855,0.1320207715034485
73,2195,0.22411313652992249,0.14942112565040588,0.1293635368347168,0.11473297327756882
73,2196,0.21871952712535858,0.14147548377513885,0.13713419437408447,0.11195185035467148
73,2197,0.23620331287384033,0.1526879370212555,0.14768075942993164,0.1222153753042221
73,2198,0.23115196824073792,0.1489194631576538,0.1468815803527832,0.11739940941333771
73,2199,0.2526410222053528,0.15996208786964417,0.16987764835357666,0.12363936752080917
73,2200,0.2724376618862152,0.17341387271881104,0.17907726764678955,0.13696441054344177
73,2201,0.23992499709129333,0.15613694489002228,0.14780497550964355,0.12333031743764877
73,2202,0.26203954219818115,0.16463015973567963,0.17882859706878662,0.12938976287841797
73,2203,0.22440868616104126,0.14341792464256287,0.14425337314605713,0.1164470762014389
73,2204,0.24617350101470947,0.16189178824424744,0.14671075344085693,0.1279870718717575
73,2205,0.24124470353126526,0.15543539822101593,0.15199899673461914,0.12504854798316956
73,2206,0.2515804171562195,0.16115841269493103,0.1616150140762329,0.12887999415397644
73,2207,0.22526392340660095,0.14566734433174133,0.14154696464538574,0.11488902568817139
73,2208,0.25688549876213074,0.1649988889694214,0.16479980945587158,0.12983338534832
73,2209,0.2636662423610687,0.16783136129379272,0.17185580730438232,0.13546279072761536
73,2210,0.30058375000953674,0.19238227605819702,0.19573426246643066,0.14953887462615967
73,2211,0.2300138920545578,0.14495982229709625,0.1541271209716797,0.1170160323381424
73,2212,0.2354579120874405,0.15127037465572357,0.15019726753234863,0.12054317444562912
73,2213,0.2706797122955322,0.1730455458164215,0.17526018619537354,0.1376505196094513
73,2214,0.21523353457450867,0.13765332102775574,0.13779926300048828,0.11230253428220749
73,2215,0.22047090530395508,0.14144828915596008,0.13984543085098267,0.11542221158742905
73,2216,0.23503205180168152,0.1510794311761856,0.1492990255355835,0.12116502970457077
73,2217,0.24915772676467896,0.15824651718139648,0.16370362043380737,0.1271487921476364
73,2218,0.23331302404403687,0.15278823673725128,0.14067286252975464,0.12127813696861267
73,2219,0.2365853637456894,0.15123766660690308,0.15298736095428467,0.12076377868652344
73,2220,0.24190273880958557,0.15479783713817596,0.15760290622711182,0.12031865119934082
74,2221,0.21530675888061523,0.13852593302726746,0.13668197393417358,0.11054013669490814
74,2222,0.21007110178470612,0.13631218671798706,0.1292743682861328,0.11024586856365204
74,2223,0.24136567115783691,0.15568622946739197,0.1526990532875061,0.12299908697605133
74,2224,0.22438104450702667,0.1461227387189865,0.13725155591964722,0.1167883425951004
74,2225,0.2326534390449524,0.1500118374824524,0.1476651430130005,0.11787773668766022
74,2226,0.2458273470401764,0.15499931573867798,0.1658644676208496,0.12241123616695404
74,2227,0.25253573060035706,0.16296052932739258,0.16108989715576172,0.12569618225097656
74,2228,0.24215243756771088,0.1553156077861786,0.15574932098388672,0.1226855143904686
74,2229,0.25747957825660706,0.1646014302968979,0.16577750444412231,0.13283571600914001
74,2230,0.255971223115921,0.16346938908100128,0.16627681255340576,0.1299555003643036
74,2231,0.23663757741451263,0.15211817622184753,0.1505897045135498,0.12141759693622589
74,2232,0.26907119154930115,0.17223365604877472,0.17480921745300293,0.1345692127943039
74,2233,0.2730674743652344,0.17088626325130463,0.18816041946411133,0.1345851719379425
74,2234,0.25948771834373474,0.1648245006799698,0.17147493362426758,0.13036619126796722
74,2235,0.2693755030632019,0.1730298548936844,0.17195284366607666,0.13782253861427307
74,2236,0.20370060205459595,0.13286662101745605,0.12445908784866333,0.1052517294883728
74,2237,0.21371515095233917,0.13954976201057434,0.1298278570175171,0.11117120087146759
74,2238,0.24695350229740143,0.1569651961326599,0.16207635402679443,0.12578880786895752
74,2239,0.23230911791324615,0.1498638093471527,0.14653253555297852,0.1191614419221878
74,2240,0.25016728043556213,0.16190794110298157,0.15848767757415771,0.12432130426168442
74,2241,0.22889994084835052,0.1466677486896515,0.147541344165802,0.11607822775840759
74,2242,0.2452685385942459,0.15677273273468018,0.16009104251861572,0.12229691445827484
74,2243,0.24452480673789978,0.15589764714241028,0.15954595804214478,0.1240437924861908
74,2244,0.24750575423240662,0.1594502031803131,0.15859997272491455,0.12307777255773544
74,2245,0.27480992674827576,0.17508967220783234,0.18294715881347656,0.13270694017410278
74,2246,0.24306932091712952,0.15495608747005463,0.15906047821044922,0.12244522571563721
74,2247,0.27070578932762146,0.17376738786697388,0.1747812032699585,0.13512955605983734
74,2248,0.22685831785202026,0.14670684933662415,0.14285427331924438,0.11504878848791122
74,2249,0.24195829033851624,0.15523836016654968,0.15530848503112793,0.12298273295164108
74,2250,0.22599686682224274,0.14677760004997253,0.13946127891540527,0.11717378348112106
75,2251,0.2985372543334961,0.19052515923976898,0.19813227653503418,0.1437959372997284
75,2252,0.24315603077411652,0.1564996838569641,0.15688586235046387,0.11951001733541489
75,2253,0.22663038969039917,0.14466609060764313,0.14794349670410156,0.1139344722032547
75,2254,0.22916260361671448,0.14799711108207703,0.14397817850112915,0.11787106841802597
75,2255,0.22827832400798798,0.14851489663124084,0.1403191089630127,0.11817892640829086
75,2256,0.2526748478412628,0.15948840975761414,0.17012721300125122,0.12567776441574097
75,2257,0.28239676356315613,0.1789228916168213,0.1887136697769165,0.13994204998016357
75,2258,0.2321607768535614,0.1503669023513794,0.14499664306640625,0.11897611618041992
75,2259,0.21798454225063324,0.14326182007789612,0.12962669134140015,0.1143602579832077
75,2260,0.24798908829689026,0.15825632214546204,0.1615425944328308,0.1255786418914795
75,2261,0.2607419788837433,0.16754163801670074,0.16624152660369873,0.13351860642433167
75,2262,0.24170874059200287,0.15603691339492798,0.15232563018798828,0.1237078532576561
75,2263,0.2768610119819641,0.17953261733055115,0.1718519926071167,0.1429380178451538
75,2264,0.23369978368282318,0.14753732085227966,0.15640169382095337,0.11800889670848846
75,2265,0.27494749426841736,0.17473912239074707,0.18282181024551392,0.13539820909500122
75,2266,0.25524428486824036,0.15983900427818298,0.1756836175918579,0.12565909326076508
75,2267,0.22750376164913177,0.14968301355838776,0.1358870267868042,0.1173296868801117
75,2268,0.22232578694820404,0.14164423942565918,0.14518654346466064,0.11303460597991943
75,2269,0.2256156951189041,0.14414791762828827,0.14583075046539307,0.1156773567199707
75,2270,0.20531325042247772,0.13478823006153107,0.12363320589065552,0.10535867512226105
75,2271,0.2231961339712143,0.14133967459201813,0.14854228496551514,0.11219768971204758
75,2272,0.24769477546215057,0.15908850729465485,0.15898573398590088,0.12505987286567688
75,2273,0.25156453251838684,0.16133564710617065,0.1617836356163025,0.12757718563079834
75,2274,0.2519381046295166,0.1628928780555725,0.15725648403167725,0.13071312010288239
75,2275,0.23677843809127808,0.15336252748966217,0.14914369583129883,0.11879213899374008
75,2276,0.24171598255634308,0.15579769015312195,0.15412205457687378,0.12134736031293869
75,2277,0.25171223282814026,0.1666763424873352,0.14899992942810059,0.1271796077489853
75,2278,0.24122360348701477,0.15363720059394836,0.15774714946746826,0.12243771553039551
75,2279,0.2333202362060547,0.149944007396698,0.1502341628074646,0.11641275882720947
75,2280,0.24983307719230652,0.1603287309408188,0.16052359342575073,0.12647446990013123
76,2281,0.26076561212539673,0.16538022458553314,0.17312800884246826,0.13067103922367096
76,2282,0.28618043661117554,0.17959272861480713,0.19577854871749878,0.14138148725032806
76,2283,0.2638658881187439,0.16838587820529938,0.17192965745925903,0.1335407793521881
76,2284,0.2381526529788971,0.15260225534439087,0.15378177165985107,0.12018842995166779
76,2285,0.24124933779239655,0.1528608500957489,0.1590820550918579,0.1237783282995224
76,2286,0.24898117780685425,0.15860721468925476,0.16209721565246582,0.1276753544807434
76,2287,0.2530055642127991,0.15940380096435547,0.17107486724853516,0.12585905194282532
76,2288,0.24675966799259186,0.15766189992427826,0.1598244309425354,0.1258399486541748
76,2289,0.24364808201789856,0.15751966834068298,0.15529078245162964,0.12006048858165741
76,2290,0.2278345674276352,0.14886651933193207,0.1399019956588745,0.11503623425960541
76,2291,0.26191264390945435,0.1673608273267746,0.17118418216705322,0.13039064407348633
76,2292,0.27522197365760803,0.17268157005310059,0.18958866596221924,0.13352471590042114
76,2293,0.24627254903316498,0.15726566314697266,0.16143006086349487,0.12217425554990768
76,2294,0.2450547069311142,0.15725591778755188,0.1569974422454834,0.12499906867742538
76,2295,0.23361678421497345,0.15005725622177124,0.14905792474746704,0.11968182027339935
76,2296,0.21661847829818726,0.13980835676193237,0.1358475685119629,0.11235549300909042
76,2297,0.24718768894672394,0.15952405333518982,0.15542101860046387,0.12747617065906525
76,2298,0.22775539755821228,0.14734989404678345,0.14352387189865112,0.11497971415519714
76,2299,0.2602856755256653,0.16825813055038452,0.16301214694976807,0.1341133713722229
76,2300,0.2636820077896118,0.1693495661020279,0.16860216856002808,0.13445787131786346
76,2301,0.2584214508533478,0.1647651046514511,0.16878414154052734,0.13071347773075104
76,2302,0.27318671345710754,0.17333771288394928,0.18189340829849243,0.13545823097229004
76,2303,0.25047969818115234,0.16018185019493103,0.16138529777526855,0.12871868908405304
76,2304,0.2568102777004242,0.16284829378128052,0.17082715034484863,0.12815558910369873
76,2305,0.22036173939704895,0.14428189396858215,0.13207733631134033,0.11624455451965332
76,2306,0.2672428786754608,0.1692139208316803,0.17813003063201904,0.1338847130537033
76,2307,0.26363539695739746,0.1677578091621399,0.17316174507141113,0.1330644190311432
76,2308,0.20543096959590912,0.13481932878494263,0.1217491626739502,0.10955987870693207
76,2309,0.29100266098976135,0.18495580554008484,0.1929854154586792,0.14426341652870178
76,2310,0.21769122779369354,0.13838572800159454,0.14295995235443115,0.1106075868010521
77,2311,0.21972161531448364,0.14163713157176971,0.1378568410873413,0.11470867693424225
77,2312,0.2612830698490143,0.16810770332813263,0.16583603620529175,0.13420476019382477
77,2313,0.2147030085325241,0.13737769424915314,0.13863003253936768,0.10936647653579712
77,2314,0.2713947594165802,0.1723528802394867,0.180151104927063,0.13490720093250275
77,2315,0.22163225710391998,0.14251461625099182,0.14100444316864014,0.11357936263084412
77,2316,0.21656468510627747,0.1380431056022644,0.14031219482421875,0.1119835302233696
77,2317,0.21429753303527832,0.1393776535987854,0.1302899718284607,0.11401943862438202
77,2318,0.20363172888755798,0.1298038512468338,0.13146889209747314,0.10620161145925522
77,2319,0.21169912815093994,0.13716214895248413,0.13043910264968872,0.1118067130446434
77,2320,0.21490035951137543,0.13934725522994995,0.133231520652771,0.11130248010158539
77,2321,0.24754978716373444,0.1581481695175171,0.16215068101882935,0.12270663678646088
77,2322,0.21607981622219086,0.14026372134685516,0.1328815221786499,0.11331747472286224
77,2323,0.2756931185722351,0.1752294898033142,0.18562281131744385,0.13107261061668396
77,2324,0.25859519839286804,0.16354244947433472,0.1729477047920227,0.12936829030513763
77,2325,0.24511940777301788,0.15796718001365662,0.1551898717880249,0.1253814399242401
77,2326,0.25562185049057007,0.1651148796081543,0.16096776723861694,0.13059936463832855
77,2327,0.23197537660598755,0.1477763056755066,0.15163904428482056,0.1177171990275383
77,2328,0.28131115436553955,0.1826799213886261,0.17626166343688965,0.1406327784061432
77,2329,0.22923129796981812,0.1496305763721466,0.14053982496261597,0.116923987865448
77,2330,0.2644696831703186,0.17110411822795868,0.17029458284378052,0.12623868882656097
77,2331,0.24448470771312714,0.15666058659553528,0.15737855434417725,0.1243634968996048
77,2332,0.2546394169330597,0.1629001796245575,0.16583865880966187,0.1270187944173813
77,2333,0.23176075518131256,0.14913488924503326,0.14704811573028564,0.11903306096792221
77,2334,0.26937851309776306,0.17174988985061646,0.17748165130615234,0.13317978382110596
77,2335,0.23951417207717896,0.15527620911598206,0.14791470766067505,0.1253604143857956
77,2336,0.23581695556640625,0.15212613344192505,0.14969325065612793,0.11906757205724716
77,2337,0.22541752457618713,0.14502955973148346,0.14333808422088623,0.11526360362768173
77,2338,0.26781734824180603,0.1722666323184967,0.1717868447303772,0.13417986035346985
77,2339,0.251421719789505,0.1609072983264923,0.16254377365112305,0.12748456001281738
77,2340,0.23625244200229645,0.15033212304115295,0.15457940101623535,0.12044280022382736
78,2341,0.19645942747592926,0.12773674726486206,0.11990547180175781,0.10380248725414276
78,2342,0.21980933845043182,0.1420561522245407,0.13622921705245972,0.11630751937627792
78,2343,0.2592906653881073,0.1656794548034668,0.168806791305542,0.13044244050979614
78,2344,0.27618467807769775,0.17583322525024414,0.1815873384475708,0.13858255743980408
78,2345,0.24275583028793335,0.1541200876235962,0.16079723834991455,0.12158426642417908
78,2346,0.2405194640159607,0.1540309488773346,0.15597891807556152,0.12048478424549103
78,2347,0.24534012377262115,0.15625394880771637,0.15960043668746948,0.12623001635074615
78,2348,0.2808241844177246,0.17713333666324615,0.19068419933319092,0.1370858997106552
78,2349,0.27851906418800354,0.17762383818626404,0.18170785903930664,0.14106041193008423
78,2350,0.27035748958587646,0.17181041836738586,0.18062543869018555,0.13148437440395355
78,2351,0.25026431679725647,0.16136972606182098,0.15884602069854736,0.1267809271812439
78,2352,0.21525010466575623,0.1388712227344513,0.13448703289031982,0.11292032897472382
78,2353,0.28939270973205566,0.18747566640377045,0.18359816074371338,0.14238886535167694
78,2354,0.28497543931007385,0.18057459592819214,0.19063228368759155,0.14073973894119263
78,2355,0.23442552983760834,0.15051144361495972,0.1500612497329712,0.11944794654846191
78,2356,0.23937974870204926,0.1554383635520935,0.14738887548446655,0.12492918223142624
78,2357,0.19625988602638245,0.12889766693115234,0.11677348613739014,0.10326412320137024
78,2358,0.25104495882987976,0.15998795628547668,0.16438031196594238,0.12652438879013062
78,2359,0.23170620203018188,0.1471673846244812,0.15214598178863525,0.11840211600065231
78,2360,0.19108161330223083,0.12469805032014847,0.11538279056549072,0.10115218162536621
78,2361,0.2232009321451187,0.14625927805900574,0.13445645570755005,0.11579537391662598
78,2362,0.2314269244670868,0.14729678630828857,0.15059590339660645,0.11945884674787521
78,2363,0.2501889169216156,0.1619783192873001,0.15642166137695312,0.12820963561534882
78,2364,0.24179528653621674,0.1559225618839264,0.15385699272155762,0.12164966762065887
78,2365,0.2677643299102783,0.1723262071609497,0.16955459117889404,0.13808143138885498
78,2366,0.22625726461410522,0.1473698616027832,0.13829028606414795,0.11785638332366943
78,2367,0.2537100315093994,0.16245535016059875,0.16319692134857178,0.12987957894802094
78,2368,0.256436824798584,0.16401037573814392,0.16506707668304443,0.13199803233146667
78,2369,0.23758748173713684,0.15165172517299652,0.1538773775100708,0.12192396819591522
78,2370,0.2137536108493805,0.13960126042366028,0.12796473503112793,0.11483229696750641
79,2371,0.3009566068649292,0.19145110249519348,0.19967758655548096,0.1481723040342331
79,2372,0.2297183871269226,0.15013931691646576,0.13878560066223145,0.12032415717840195
79,2373,0.2571695148944855,0.16356661915779114,0.16952508687973022,0.1289643496274948
79,2374,0.19621793925762177,0.12803193926811218,0.12018787860870361,0.10055425763130188
79,2375,0.24794191122055054,0.1582307517528534,0.16124534606933594,0.12606506049633026
79,2376,0.23237453401088715,0.1493529975414276,0.147394061088562,0.12031954526901245
79,2377,0.2324458360671997,0.15061263740062714,0.14437079429626465,0.12042437493801117
79,2378,0.22163830697536469,0.14156290888786316,0.14303052425384521,0.1143159493803978
79,2379,0.1908230483531952,0.12458095699548721,0.11535024642944336,0.10050994157791138
79,2380,0.20221301913261414,0.13141869008541107,0.12311196327209473,0.10774770379066467
79,2381,0.29019027948379517,0.1861252784729004,0.18955790996551514,0.1412091851234436
79,2382,0.2477826327085495,0.15876179933547974,0.15942198038101196,0.1262601613998413
79,2383,0.26971182227134705,0.17130079865455627,0.17982470989227295,0.13240569829940796
79,2384,0.22915507853031158,0.1490413397550583,0.1420719027519226,0.11642488092184067
79,2385,0.2776663601398468,0.1774694174528122,0.18082255125045776,0.13933953642845154
79,2386,0.24088221788406372,0.15639203786849976,0.1499428153038025,0.12256525456905365
79,2387,0.2869786322116852,0.18175119161605835,0.19244253635406494,0.14125218987464905
79,2388,0.25988319516181946,0.16512900590896606,0.17274069786071777,0.12828949093818665
79,2389,0.24493661522865295,0.156995490193367,0.1564456820487976,0.12681427597999573
79,2390,0.2577832341194153,0.16690073907375336,0.16304630041122437,0.1283199042081833
79,2391,0.2399342954158783,0.1516454964876175,0.15913856029510498,0.12316688150167465
79,2392,0.25297749042510986,0.16134651005268097,0.16394537687301636,0.13026420772075653
79,2393,0.22055691480636597,0.14183944463729858,0.13926398754119873,0.11505939811468124
79,2394,0.205056294798851,0.13165651261806488,0.1294780969619751,0.10804274678230286
79,2395,0.2822484076023102,0.18154634535312653,0.18166685104370117,0.14017651975154877
79,2396,0.24637536704540253,0.15786579251289368,0.15790486335754395,0.12673819065093994
79,2397,0.23817703127861023,0.1534252017736435,0.15013635158538818,0.1234864816069603
79,2398,0.25486302375793457,0.16206277906894684,0.1673194169998169,0.12936240434646606
79,2399,0.1994103491306305,0.1290724277496338,0.12414729595184326,0.10339495539665222
79,2400,0.26346731185913086,0.16820380091667175,0.17287033796310425,0.13057689368724823
80,2401,0.22134169936180115,0.14203906059265137,0.1407734751701355,0.1149662435054779
80,2402,0.239645317196846,0.1533578634262085,0.15423494577407837,0.12296733260154724
80,2403,0.27274277806282043,0.17446757853031158,0.17730295658111572,0.13677003979682922
80,2404,0.21843445301055908,0.14223001897335052,0.13254517316818237,0.11593177169561386
80,2405,0.27278465032577515,0.17084947228431702,0.18620657920837402,0.13726279139518738
80,2406,0.2777194082736969,0.17917221784591675,0.1761530637741089,0.1404297947883606
80,2407,0.25772517919540405,0.16703708469867706,0.15971624851226807,0.13400791585445404
80,2408,0.21730265021324158,0.1410902738571167,0.13316094875335693,0.11473999917507172
80,2409,0.22162729501724243,0.14365817606449127,0.13764506578445435,0.11455544084310532
80,2410,0.23468941450119019,0.15014344453811646,0.15195173025131226,0.11882640421390533
80,2411,0.22566752135753632,0.14935043454170227,0.13177204132080078,0.11804133653640747
80,2412,0.25098973512649536,0.16090139746665955,0.16185396909713745,0.12673375010490417
80,2413,0.245623379945755,0.15789327025413513,0.15881705284118652,0.12101645767688751
80,2414,0.2640961706638336,0.1683722883462906,0.17300307750701904,0.13261322677135468
80,2415,0.22550486028194427,0.14568041265010834,0.14223790168762207,0.11464642733335495
80,2416,0.27130037546157837,0.17300784587860107,0.17932844161987305,0.13280563056468964
80,2417,0.22329109907150269,0.144154354929924,0.1397937536239624,0.11609622836112976
80,2418,0.2457055002450943,0.15705546736717224,0.1586858034133911,0.12587851285934448
80,2419,0.24123971164226532,0.15358081459999084,0.15728014707565308,0.12373416125774384
80,2420,0.23874883353710175,0.1514531522989273,0.15884733200073242,0.11878381669521332
80,2421,0.2519165277481079,0.1608310341835022,0.1634255051612854,0.1285763829946518
80,2422,0.2885458171367645,0.18553633987903595,0.18569445610046387,0.14365854859352112
80,2423,0.23253187537193298,0.14909249544143677,0.14807212352752686,0.12105264514684677
80,2424,0.2676166296005249,0.16783970594406128,0.18358153104782104,0.13172152638435364
80,2425,0.23664209246635437,0.15185105800628662,0.15049868822097778,0.12295781075954437
80,2426,0.2184123694896698,0.14315015077590942,0.1316002607345581,0.11311056464910507
80,2427,0.2629741132259369,0.16533619165420532,0.17888712882995605,0.13041535019874573
80,2428,0.2809351682662964,0.17885904014110565,0.183912992477417,0.14255456626415253
80,2429,0.24270477890968323,0.15668384730815887,0.15328562259674072,0.12353336811065674
80,2430,0.23574644327163696,0.15133008360862732,0.15135490894317627,0.11937202513217926
81,2431,0.2672401964664459,0.16892525553703308,0.17786502838134766,0.1358446180820465
81,2432,0.2580969035625458,0.16781525313854218,0.15848171710968018,0.13444484770298004
81,2433,0.24508024752140045,0.1584845781326294,0.15365439653396606,0.12566956877708435
81,2434,0.25181758403778076,0.15895545482635498,0.16932010650634766,0.12567035853862762
81,2435,0.23317107558250427,0.1504347324371338,0.1463109254837036,0.1210598573088646
81,2436,0.26980945467948914,0.17197467386722565,0.1756957769393921,0.13778239488601685
81,2437,0.24986672401428223,0.1606203019618988,0.15949004888534546,0.12725207209587097
81,2438,0.2067236304283142,0.13235609233379364,0.13177567720413208,0.1082862839102745
81,2439,0.25607019662857056,0.16543002426624298,0.1609654426574707,0.13127002120018005
81,2440,0.22149953246116638,0.14265212416648865,0.13965368270874023,0.11492964625358582
81,2441,0.25110504031181335,0.1593165397644043,0.16715991497039795,0.12462260574102402
81,2442,0.28005510568618774,0.17498892545700073,0.19460642337799072,0.1361180990934372
81,2443,0.24859890341758728,0.15899309515953064,0.16095948219299316,0.1261100471019745
81,2444,0.2713492512702942,0.1729905605316162,0.17790424823760986,0.13598494231700897
81,2445,0.25377127528190613,0.16520297527313232,0.15685957670211792,0.1291223019361496
81,2446,0.27190908789634705,0.17205925285816193,0.1809377670288086,0.13737362623214722
81,2447,0.24085281789302826,0.15460187196731567,0.15484440326690674,0.12156593799591064
81,2448,0.235866516828537,0.15301665663719177,0.1470547318458557,0.12013989686965942
81,2449,0.24536773562431335,0.15700070559978485,0.15938353538513184,0.12306809425354004
81,2450,0.2931053042411804,0.18412168323993683,0.20023447275161743,0.14444923400878906
81,2451,0.2675085663795471,0.1697247326374054,0.1775350570678711,0.13384906947612762
81,2452,0.2482755035161972,0.15890976786613464,0.15864384174346924,0.12954092025756836
81,2453,0.22150523960590363,0.14335519075393677,0.13757210969924927,0.11560600996017456
81,2454,0.24572236835956573,0.15666422247886658,0.16062915325164795,0.12403242290019989
81,2455,0.2310607135295868,0.1519920825958252,0.1368793249130249,0.12158456444740295
81,2456,0.2151878923177719,0.14024680852890015,0.13007164001464844,0.11456210911273956
81,2457,0.24317868053913116,0.1564607322216034,0.1541321873664856,0.12532541155815125
81,2458,0.2682322859764099,0.17306649684906006,0.170678973197937,0.13447096943855286
81,2459,0.23224151134490967,0.1498551368713379,0.14585387706756592,0.12022413313388824
81,2460,0.2139538675546646,0.1371655911207199,0.13603490591049194,0.11187156289815903
82,2461,0.20655372738838196,0.13498854637145996,0.12420403957366943,0.10941784083843231
82,2462,0.2605259120464325,0.16332627832889557,0.17730367183685303,0.13139089941978455
82,2463,0.226322203874588,0.14420469105243683,0.14833855628967285,0.11391040682792664
82,2464,0.25555872917175293,0.16305986046791077,0.16589748859405518,0.13069932162761688
82,2465,0.26965826749801636,0.173378124833107,0.17247498035430908,0.13645082712173462
82,2466,0.2634425759315491,0.16546845436096191,0.17916691303253174,0.13153678178787231
82,2467,0.20179696381092072,0.13046671450138092,0.12526488304138184,0.10612145066261292
82,2468,0.2070482224225998,0.13629649579524994,0.12166404724121094,0.11043050140142441
82,2469,0.22936424612998962,0.14687135815620422,0.14746224880218506,0.1175399050116539
82,2470,0.22662241756916046,0.14720141887664795,0.139670729637146,0.11776353418827057
82,2471,0.2508162260055542,0.16288921236991882,0.1546245813369751,0.13038590550422668
82,2472,0.24714145064353943,0.15881022810935974,0.15780770778656006,0.12604069709777832
82,2473,0.20495203137397766,0.1342964768409729,0.12241995334625244,0.10843782126903534
82,2474,0.2156839519739151,0.14083872735500336,0.13042354583740234,0.11337898671627045
82,2475,0.24598729610443115,0.15813688933849335,0.15817934274673462,0.12289326637983322
82,2476,0.1909264624118805,0.12360797822475433,0.11894732713699341,0.0986977368593216
82,2477,0.20597025752067566,0.13400337100028992,0.1255333423614502,0.10876774787902832
82,2478,0.2577526271343231,0.1653483510017395,0.16640925407409668,0.12920287251472473
82,2479,0.27622824907302856,0.1771652102470398,0.17891305685043335,0.13748902082443237
82,2480,0.25484248995780945,0.16395539045333862,0.16231250762939453,0.12981048226356506
82,2481,0.27128541469573975,0.17145347595214844,0.1836310625076294,0.13189755380153656
82,2482,0.22774186730384827,0.14768317341804504,0.14219141006469727,0.1159106194972992
82,2483,0.2756264805793762,0.1751236468553543,0.18261444568634033,0.1372852921485901
82,2484,0.2391592562198639,0.1549963653087616,0.14946836233139038,0.12187770009040833
82,2485,0.28197193145751953,0.18426315486431122,0.17621010541915894,0.1361236572265625
82,2486,0.2415550947189331,0.15683099627494812,0.15130746364593506,0.121005579829216
82,2487,0.22269725799560547,0.142816960811615,0.142114520072937,0.11517240107059479
82,2488,0.24312083423137665,0.15858063101768494,0.14851760864257812,0.1256658434867859
82,2489,0.23472392559051514,0.155435711145401,0.138069748878479,0.12030152976512909
82,2490,0.2000427544116974,0.13084012269973755,0.11978483200073242,0.10644344985485077
83,2491,0.22808480262756348,0.14866243302822113,0.14033544063568115,0.11644098162651062
83,2492,0.2510400712490082,0.1635051667690277,0.1571086049079895,0.12345725297927856
83,2493,0.25924888253211975,0.16897107660770416,0.1601088047027588,0.13117140531539917
83,2494,0.2750402092933655,0.17652572691440582,0.17833268642425537,0.1359071433544159
83,2495,0.23537896573543549,0.15538379549980164,0.14078563451766968,0.11840455234050751
83,2496,0.2605977952480316,0.16715240478515625,0.16728711128234863,0.13265269994735718
83,2497,0.24511028826236725,0.15680310130119324,0.15840864181518555,0.12471865117549896
83,2498,0.2415846884250641,0.15386748313903809,0.15801477432250977,0.12255644053220749
83,2499,0.26020547747612,0.16908077895641327,0.16189581155776978,0.13183188438415527
83,2500,0.24110764265060425,0.15546759963035583,0.15148460865020752,0.12523101270198822
83,2501,0.2853166162967682,0.1787809431552887,0.195692777633667,0.1412927508354187
83,2502,0.25362280011177063,0.16200236976146698,0.16427671909332275,0.1295487880706787
83,2503,0.24159811437129974,0.1532050222158432,0.16029447317123413,0.12137650698423386
83,2504,0.21099799871444702,0.1364709883928299,0.13143008947372437,0.10977482795715332
83,2505,0.24170882999897003,0.15364742279052734,0.15888148546218872,0.12254410982131958
83,2506,0.21505974233150482,0.13873758912086487,0.13436764478683472,0.11287550628185272
83,2507,0.23124529421329498,0.14911314845085144,0.14512968063354492,0.12040138244628906
83,2508,0.24930231273174286,0.15973547101020813,0.15922725200653076,0.12937971949577332
83,2509,0.2466544210910797,0.15816128253936768,0.15691667795181274,0.1286323070526123
83,2510,0.2322961539030075,0.14911046624183655,0.14725393056869507,0.12142055481672287
83,2511,0.2159769982099533,0.13855227828025818,0.13735651969909668,0.11241059005260468
83,2512,0.23947566747665405,0.15211504697799683,0.15691816806793213,0.12296675890684128
83,2513,0.23818981647491455,0.15210586786270142,0.1535334587097168,0.12335282564163208
83,2514,0.23069043457508087,0.1475340873003006,0.14841532707214355,0.11895108222961426
83,2515,0.2495766133069992,0.16022354364395142,0.1582324504852295,0.13030043244361877
83,2516,0.2384607195854187,0.15437564253807068,0.148321270942688,0.12378283590078354
83,2517,0.20366571843624115,0.13136866688728333,0.12710529565811157,0.10727466642856598
83,2518,0.2513042688369751,0.16027873754501343,0.16216826438903809,0.1307910978794098
83,2519,0.2624480128288269,0.1673355996608734,0.17223024368286133,0.13110153377056122
83,2520,0.22777219116687775,0.1447979360818863,0.1495559811592102,0.11575931310653687
84,2521,0.24480727314949036,0.1584639549255371,0.15098601579666138,0.1297445446252823
84,2522,0.21635669469833374,0.14075133204460144,0.1318994164466858,0.1142280101776123
84,2523,0.2438226193189621,0.15610778331756592,0.15558189153671265,0.12741033732891083
84,2524,0.24446114897727966,0.15630699694156647,0.1556491255760193,0.1294724941253662
84,2525,0.24412386119365692,0.1560419499874115,0.15770453214645386,0.12500044703483582
84,2526,0.24473798274993896,0.1563633680343628,0.15846353769302368,0.12494596093893051
84,2527,0.26783332228660583,0.17195278406143188,0.17206835746765137,0.13526591658592224
84,2528,0.23190416395664215,0.14798511564731598,0.14999037981033325,0.11961444467306137
84,2529,0.26901865005493164,0.17074447870254517,0.17753052711486816,0.13630981743335724
84,2530,0.24144288897514343,0.15051646530628204,0.16674542427062988,0.121141217648983
84,2531,0.24085776507854462,0.15665632486343384,0.1475788950920105,0.1258493810892105
84,2532,0.2559165358543396,0.16286170482635498,0.1683039665222168,0.12866616249084473
84,2533,0.24471169710159302,0.15793365240097046,0.153528094291687,0.12683406472206116
84,2534,0.20060546696186066,0.13151252269744873,0.11955994367599487,0.1063448116183281
84,2535,0.23586036264896393,0.15047746896743774,0.1523609757423401,0.12219252437353134
84,2536,0.2670269012451172,0.16869249939918518,0.1795218586921692,0.1326281726360321
84,2537,0.26626795530319214,0.1674581617116928,0.18023669719696045,0.13357552886009216
84,2538,0.2531215250492096,0.16113409399986267,0.16539740562438965,0.12914226949214935
84,2539,0.2108435332775116,0.13592830300331116,0.13177889585494995,0.1110183447599411
84,2540,0.24806362390518188,0.16126304864883423,0.1524580717086792,0.12908673286437988
84,2541,0.24259431660175323,0.15787005424499512,0.14881670475006104,0.1259879171848297
84,2542,0.22354699671268463,0.1456172615289688,0.13561731576919556,0.11841398477554321
84,2543,0.22076785564422607,0.1416877806186676,0.14050942659378052,0.11438153684139252
84,2544,0.2633875906467438,0.16486874222755432,0.18049132823944092,0.13161149621009827
84,2545,0.22642791271209717,0.14487624168395996,0.1442708969116211,0.11921659111976624
84,2546,0.23473750054836273,0.15120378136634827,0.14646649360656738,0.12473563849925995
84,2547,0.2714160084724426,0.1715729832649231,0.18051213026046753,0.1381908655166626
84,2548,0.22003298997879028,0.14062967896461487,0.1413012146949768,0.11441412568092346
84,2549,0.23520039021968842,0.15163540840148926,0.14758503437042236,0.12265484035015106
84,2550,0.2090722620487213,0.1372767984867096,0.12339973449707031,0.11217787861824036
85,2551,0.2203998565673828,0.1401059776544571,0.14314758777618408,0.11517421901226044
85,2552,0.24977654218673706,0.1601208746433258,0.1590983271598816,0.13008159399032593
85,2553,0.22508969902992249,0.1465928703546524,0.13678371906280518,0.11891670525074005
85,2554,0.2597855031490326,0.16581356525421143,0.16818583011627197,0.13348808884620667
85,2555,0.21595026552677155,0.1389026939868927,0.13540667295455933,0.11442451179027557
85,2556,0.2531276345252991,0.1608801931142807,0.1668856143951416,0.127466082572937
85,2557,0.26140904426574707,0.16811105608940125,0.16507959365844727,0.13633066415786743
85,2558,0.23065823316574097,0.14805805683135986,0.14527761936187744,0.12244564294815063
85,2559,0.25881487131118774,0.1656961739063263,0.1662195920944214,0.1331542432308197
85,2560,0.2506411373615265,0.16154780983924866,0.15778887271881104,0.12988893687725067
85,2561,0.22094915807247162,0.1432618498802185,0.1356273889541626,0.11718174070119858
85,2562,0.21429942548274994,0.1394662708044052,0.1311885118484497,0.11178876459598541
85,2563,0.23475520312786102,0.15389177203178406,0.14190024137496948,0.12051667273044586
85,2564,0.2564348578453064,0.1655968427658081,0.16226738691329956,0.12965522706508636
85,2565,0.26012083888053894,0.16575151681900024,0.17103266716003418,0.12978115677833557
85,2566,0.2440790832042694,0.1556810885667801,0.15788686275482178,0.12621629238128662
85,2567,0.281684547662735,0.1804000735282898,0.18274253606796265,0.14093732833862305
85,2568,0.2349838763475418,0.1514889895915985,0.14746171236038208,0.12255100905895233
85,2569,0.24542643129825592,0.15722966194152832,0.157198965549469,0.12658590078353882
85,2570,0.2113286256790161,0.1367350071668625,0.1314365267753601,0.11009502410888672
85,2571,0.26808470487594604,0.17013868689537048,0.17707723379135132,0.13557562232017517
85,2572,0.21693895757198334,0.14139550924301147,0.13255071640014648,0.11261585354804993
85,2573,0.23583699762821198,0.1538495272397995,0.14366799592971802,0.12260129302740097
85,2574,0.22610841691493988,0.14440777897834778,0.145807147026062,0.1168888658285141
85,2575,0.2527160942554474,0.1623203009366989,0.16131114959716797,0.12935662269592285
85,2576,0.23791222274303436,0.15293917059898376,0.15122151374816895,0.1224222183227539
85,2577,0.2124536782503128,0.1358925700187683,0.1359797716140747,0.11084604263305664
85,2578,0.24741211533546448,0.15916839241981506,0.156685471534729,0.12784762680530548
85,2579,0.2316097766160965,0.1491742879152298,0.14551228284835815,0.1211528405547142
85,2580,0.24481362104415894,0.1572478711605072,0.15582603216171265,0.12617671489715576
86,2581,0.22524170577526093,0.14532580971717834,0.1423947811126709,0.11478989571332932
86,2582,0.2452368140220642,0.15704596042633057,0.15734511613845825,0.1262640357017517
86,2583,0.21282275021076202,0.13656918704509735,0.13486158847808838,0.11154463142156601
86,2584,0.22839657962322235,0.14859089255332947,0.13854455947875977,0.12193934619426727
86,2585,0.2730109691619873,0.173009991645813,0.1815994381904602,0.13680604100227356
86,2586,0.2793789505958557,0.17691536247730255,0.18594765663146973,0.14042264223098755
86,2587,0.28561344742774963,0.18253575265407562,0.18797659873962402,0.139435276389122
86,2588,0.23847481608390808,0.15338848531246185,0.15192002058029175,0.12159164994955063
86,2589,0.2754933834075928,0.17586658895015717,0.1796010136604309,0.13893187046051025
86,2590,0.285618394613266,0.1823149025440216,0.18479323387145996,0.14693090319633484
86,2591,0.23362627625465393,0.1490112543106079,0.15081322193145752,0.12144859880208969
86,2592,0.22311434149742126,0.14482952654361725,0.13642776012420654,0.1185685396194458
86,2593,0.25720927119255066,0.16577686369419098,0.16288262605667114,0.13139675557613373
86,2594,0.2286251336336136,0.14638954401016235,0.14650380611419678,0.11817027628421783
86,2595,0.22502760589122772,0.14519253373146057,0.1402111053466797,0.11875318735837936
86,2596,0.1951650083065033,0.12701377272605896,0.11725020408630371,0.10625579208135605
86,2597,0.18884053826332092,0.1234283298254013,0.11281991004943848,0.10142116248607635
86,2598,0.23951469361782074,0.1536463350057602,0.15172737836837769,0.12588702142238617
86,2599,0.26777413487434387,0.17070677876472473,0.17529869079589844,0.134739488363266
86,2600,0.20539461076259613,0.13612106442451477,0.11745846271514893,0.11145075410604477
86,2601,0.23470352590084076,0.15003153681755066,0.15111780166625977,0.12112432718276978
86,2602,0.2588306665420532,0.16462399065494537,0.1692381501197815,0.13255701959133148
86,2603,0.24991612136363983,0.1613965779542923,0.1579129695892334,0.12677177786827087
86,2604,0.21238113939762115,0.13726982474327087,0.13185375928878784,0.11184906959533691
86,2605,0.2623564898967743,0.16786494851112366,0.16959208250045776,0.13327357172966003
86,2606,0.2430562973022461,0.1551494598388672,0.15623033046722412,0.12707355618476868
86,2607,0.2424723505973816,0.15962056815624237,0.14350688457489014,0.12724512815475464
86,2608,0.24796536564826965,0.16090130805969238,0.1534031629562378,0.12851393222808838
86,2609,0.2325468361377716,0.15283767879009247,0.13970082998275757,0.11914411187171936
86,2610,0.29262667894363403,0.1837446093559265,0.20143377780914307,0.14154277741909027
87,2611,0.21521611511707306,0.13929308950901031,0.1330586075782776,0.11349789798259735
87,2612,0.21620938181877136,0.1398860514163971,0.13355207443237305,0.11451253294944763
87,2613,0.23987077176570892,0.15186554193496704,0.15930187702178955,0.12142236530780792
87,2614,0.2394837737083435,0.15429171919822693,0.15249335765838623,0.12097358703613281
87,2615,0.22841745615005493,0.14645421504974365,0.1455841064453125,0.11864796280860901
87,2616,0.20507508516311646,0.13251496851444244,0.1277461051940918,0.10730835050344467
87,2617,0.22536447644233704,0.14433550834655762,0.14401447772979736,0.11711587011814117
87,2618,0.23271214962005615,0.14851218461990356,0.15119576454162598,0.11860831081867218
87,2619,0.21691317856311798,0.1380235254764557,0.14031535387039185,0.11381750553846359
87,2620,0.2483561486005783,0.15810416638851166,0.16278719902038574,0.12568554282188416
87,2621,0.2472129613161087,0.15607236325740814,0.16602599620819092,0.12365098297595978
87,2622,0.2663448452949524,0.17155897617340088,0.16797488927841187,0.13797955214977264
87,2623,0.23779329657554626,0.15177389979362488,0.15482354164123535,0.12044989317655563
87,2624,0.21657855808734894,0.1412905752658844,0.1306591033935547,0.11512164771556854
87,2625,0.25689706206321716,0.162807434797287,0.16980117559432983,0.13084569573402405
87,2626,0.24077725410461426,0.1557897925376892,0.15035796165466309,0.12422136962413788
87,2627,0.19654978811740875,0.12923458218574524,0.11681032180786133,0.10295538604259491
87,2628,0.2601586580276489,0.16667932271957397,0.16730612516403198,0.1327844113111496
87,2629,0.23249909281730652,0.1506817638874054,0.14353489875793457,0.12201680988073349
87,2630,0.23070597648620605,0.14987730979919434,0.14176571369171143,0.12061193585395813
87,2631,0.22219765186309814,0.1418221890926361,0.14330756664276123,0.1152622252702713
87,2632,0.2491692751646042,0.16064615547657013,0.15503525733947754,0.13254506886005402
87,2633,0.23498889803886414,0.15180334448814392,0.14736294746398926,0.12120189517736435
87,2634,0.24593225121498108,0.16020992398262024,0.14928066730499268,0.13005036115646362
87,2635,0.22926326096057892,0.14684364199638367,0.14619487524032593,0.11970831453800201
87,2636,0.27422940731048584,0.177444189786911,0.17229843139648438,0.13932928442955017
87,2637,0.24088862538337708,0.15459930896759033,0.15249896049499512,0.1264486163854599
87,2638,0.21067377924919128,0.13651153445243835,0.12949788570404053,0.11181547492742538
87,2639,0.21844834089279175,0.14007309079170227,0.14009082317352295,0.11169463396072388
87,2640,0.2297181338071823,0.14855840802192688,0.1429632306098938,0.11987218260765076
88,2641,0.22441931068897247,0.14620539546012878,0.13564491271972656,0.1197798103094101
88,2642,0.25395140051841736,0.16189323365688324,0.1651146411895752,0.13006144762039185
88,2643,0.25139373540878296,0.159891277551651,0.1652173399925232,0.1270775943994522
88,2644,0.21953034400939941,0.1434105485677719,0.13159292936325073,0.11741312593221664
88,2645,0.2216334342956543,0.1426844596862793,0.13926631212234497,0.11621218919754028
88,2646,0.23056553304195404,0.14842012524604797,0.1452794075012207,0.12016826868057251
88,2647,0.22974295914173126,0.15032953023910522,0.13814115524291992,0.12078487128019333
88,2648,0.2302139848470688,0.14794084429740906,0.14476358890533447,0.1218385323882103
88,2649,0.25283950567245483,0.1621958613395691,0.16202294826507568,0.1291724145412445
88,2650,0.2495119720697403,0.1592692732810974,0.16178059577941895,0.12765225768089294
88,2651,0.263029009103775,0.1674772948026657,0.1720191240310669,0.13372039794921875
88,2652,0.271870493888855,0.1754043996334076,0.17172229290008545,0.1388857513666153
88,2653,0.26877105236053467,0.17270027101039886,0.17236220836639404,0.13562950491905212
88,2654,0.2498295158147812,0.16011780500411987,0.15912938117980957,0.13029980659484863
88,2655,0.24597065150737762,0.15625,0.1603272557258606,0.12794873118400574
88,2656,0.24718248844146729,0.15766921639442444,0.16087555885314941,0.12581530213356018
88,2657,0.2747747004032135,0.17522914707660675,0.17793643474578857,0.14185486733913422
88,2658,0.20877423882484436,0.13532260060310364,0.12880182266235352,0.10965453833341599
88,2659,0.2354697287082672,0.151368647813797,0.14896416664123535,0.12257707118988037
88,2660,0.22537030279636383,0.14352460205554962,0.14653050899505615,0.11616745591163635
88,2661,0.24537315964698792,0.15923123061656952,0.1510007381439209,0.128708153963089
88,2662,0.24343368411064148,0.15605568885803223,0.15484607219696045,0.12719783186912537
88,2663,0.21403484046459198,0.138372540473938,0.1328796148300171,0.11255228519439697
88,2664,0.2701435685157776,0.17218203842639923,0.1761772632598877,0.1374531239271164
88,2665,0.2506802976131439,0.15988430380821228,0.16322165727615356,0.1275365948677063
88,2666,0.2744702696800232,0.176200732588768,0.17833781242370605,0.1346721053123474
88,2667,0.2357458770275116,0.151051327586174,0.15190976858139038,0.11965318769216537
88,2668,0.29615598917007446,0.18666064739227295,0.20106470584869385,0.1453472226858139
88,2669,0.2298605740070343,0.15061423182487488,0.13783901929855347,0.1205536425113678
88,2670,0.2515985667705536,0.16240625083446503,0.15967994928359985,0.1266016811132431
89,2671,0.2302752435207367,0.14743033051490784,0.1474442481994629,0.11933612823486328
89,2672,0.2373925894498825,0.15156187117099762,0.1536489725112915,0.12185566127300262
89,2673,0.22061508893966675,0.14348459243774414,0.1349557638168335,0.11574094742536545
89,2674,0.2205023616552353,0.14253666996955872,0.1370413899421692,0.11574568599462509
89,2675,0.2543855607509613,0.16391757130622864,0.16168618202209473,0.12896765768527985
89,2676,0.2502245306968689,0.16053859889507294,0.16072213649749756,0.12698540091514587
89,2677,0.22671844065189362,0.1462506651878357,0.14460819959640503,0.11312244832515717
89,2678,0.2597529888153076,0.16901123523712158,0.16099399328231812,0.13172070682048798
89,2679,0.24700577557086945,0.15885169804096222,0.15804612636566162,0.12467807531356812
89,2680,0.2612869143486023,0.16842499375343323,0.16508245468139648,0.13414469361305237
89,2681,0.23928353190422058,0.15366552770137787,0.1538546085357666,0.12038078904151917
89,2682,0.2612839639186859,0.16832053661346436,0.16484880447387695,0.13511955738067627
89,2683,0.2330777943134308,0.15063625574111938,0.14628714323043823,0.11963334679603577
89,2684,0.2853097915649414,0.17976409196853638,0.19434905052185059,0.1390303671360016
89,2685,0.26191723346710205,0.1691988706588745,0.1659228801727295,0.13174615800380707
89,2686,0.2424561083316803,0.15815895795822144,0.14832639694213867,0.12483301013708115
89,2687,0.2368711680173874,0.15345332026481628,0.14704298973083496,0.123003289103508
89,2688,0.2187269777059555,0.1429222822189331,0.1334279179573059,0.11216770112514496
89,2689,0.2543993890285492,0.16135871410369873,0.1679452657699585,0.12931284308433533
89,2690,0.21570105850696564,0.14096403121948242,0.13070547580718994,0.11227422952651978
89,2691,0.22448572516441345,0.14577412605285645,0.1390308141708374,0.11549635976552963
89,2692,0.2515903413295746,0.16175033152103424,0.15945303440093994,0.13029401004314423
89,2693,0.21496522426605225,0.1406862586736679,0.1289195418357849,0.11355575174093246
89,2694,0.2162725329399109,0.1407543122768402,0.1309971809387207,0.115596704185009
89,2695,0.27813521027565,0.18037651479244232,0.17486464977264404,0.1390642523765564
89,2696,0.2666935920715332,0.17094680666923523,0.17179667949676514,0.1351405829191208
89,2697,0.2582440674304962,0.16530050337314606,0.16638267040252686,0.13195249438285828
89,2698,0.26736772060394287,0.17173343896865845,0.17175287008285522,0.13466566801071167
89,2699,0.2416929304599762,0.15492108464241028,0.1541653871536255,0.12552842497825623
89,2700,0.2417069375514984,0.15574228763580322,0.15312451124191284,0.12357422709465027
90,2701,0.24304863810539246,0.15755486488342285,0.14986956119537354,0.12772980332374573
90,2702,0.2531110644340515,0.1618751585483551,0.16294372081756592,0.13029196858406067
90,2703,0.2355811595916748,0.15153348445892334,0.1495504379272461,0.12113752216100693
90,2704,0.22305715084075928,0.1449144035577774,0.13734489679336548,0.11602391302585602
90,2705,0.21818840503692627,0.14175951480865479,0.13398712873458862,0.1141701489686966
90,2706,0.22115330398082733,0.14261406660079956,0.1383225917816162,0.11605095863342285
90,2707,0.21853365004062653,0.14064761996269226,0.1377522349357605,0.11392568796873093
90,2708,0.21878662705421448,0.1412687599658966,0.13623261451721191,0.11512410640716553
90,2709,0.2545612156391144,0.16351507604122162,0.16243457794189453,0.13036160171031952
90,2710,0.2696744501590729,0.17221784591674805,0.1757543683052063,0.13577425479888916
90,2711,0.26453396677970886,0.16744717955589294,0.1769288182258606,0.1315763294696808
90,2712,0.19646702706813812,0.12788709998130798,0.12012726068496704,0.10264506936073303
90,2713,0.2579987347126007,0.1657533496618271,0.1637665033340454,0.13369397819042206
90,2714,0.20026834309101105,0.1306191086769104,0.12036216259002686,0.10752183198928833
90,2715,0.2238820195198059,0.1452426016330719,0.13827818632125854,0.11664067953824997
90,2716,0.26123183965682983,0.16531625390052795,0.17321288585662842,0.13315221667289734
90,2717,0.24334841966629028,0.15695586800575256,0.15349042415618896,0.12498190999031067
90,2718,0.23943674564361572,0.15072131156921387,0.16030645370483398,0.12296424806118011
90,2719,0.24944578111171722,0.16080433130264282,0.15720486640930176,0.1287975311279297
90,2720,0.2567647695541382,0.16614103317260742,0.16022354364395142,0.13267157971858978
90,2721,0.19957417249679565,0.12874853610992432,0.12366920709609985,0.106789730489254
90,2722,0.24587053060531616,0.15804001688957214,0.15495330095291138,0.12924599647521973
90,2723,0.24470248818397522,0.15884175896644592,0.1506444215774536,0.12801483273506165
90,2724,0.2376299500465393,0.15468436479568481,0.1456136703491211,0.12350057065486908
90,2725,0.21524816751480103,0.13769926130771637,0.13872694969177246,0.11029063165187836
90,2726,0.2733052968978882,0.17378342151641846,0.18002575635910034,0.1375577598810196
90,2727,0.23219716548919678,0.1486150473356247,0.14857041835784912,0.12076973170042038
90,2728,0.2908848226070404,0.18671947717666626,0.18616491556167603,0.14849697053432465
90,2729,0.25390779972076416,0.16359958052635193,0.16035842895507812,0.13082429766654968
90,2730,0.23228006064891815,0.15028387308120728,0.14484918117523193,0.12028254568576813
91,2731,0.23293133080005646,0.1533907949924469,0.13718831539154053,0.12332600355148315
91,2732,0.2296568751335144,0.14907854795455933,0.14072144031524658,0.12144877016544342
91,2733,0.2430795282125473,0.15376964211463928,0.16257774829864502,0.1213938444852829
91,2734,0.2524108588695526,0.1628652811050415,0.15879249572753906,0.13014285266399384
91,2735,0.2148905247449875,0.13847072422504425,0.13483911752700806,0.11242079734802246
91,2736,0.22167716920375824,0.14301910996437073,0.1380445957183838,0.11720110476016998
91,2737,0.22827814519405365,0.14809170365333557,0.14078956842422485,0.11935310065746307
91,2738,0.20580583810806274,0.13476955890655518,0.1240379810333252,0.10710545629262924
91,2739,0.2536197900772095,0.1605493426322937,0.16806471347808838,0.1292227804660797
91,2740,0.25753268599510193,0.16766396164894104,0.15790116786956787,0.13354116678237915
91,2741,0.255096971988678,0.16224804520606995,0.16585326194763184,0.13253812491893768
91,2742,0.25560253858566284,0.16355152428150177,0.16374993324279785,0.13275519013404846
91,2743,0.23561343550682068,0.1518920660018921,0.14916646480560303,0.12027391046285629
91,2744,0.23193371295928955,0.1487945318222046,0.14702683687210083,0.12164220213890076
91,2745,0.2108663022518158,0.13547779619693756,0.13305914402008057,0.11082424968481064
91,2746,0.21530786156654358,0.14007075130939484,0.13015955686569214,0.11586644500494003
91,2747,0.22958341240882874,0.14914608001708984,0.14267730712890625,0.11683200299739838
91,2748,0.21815131604671478,0.1432756632566452,0.12822949886322021,0.1179191917181015
91,2749,0.225274458527565,0.14591196179389954,0.13875234127044678,0.1193077564239502
91,2750,0.25910961627960205,0.1637822538614273,0.17501163482666016,0.12661349773406982
91,2751,0.2614383101463318,0.16609925031661987,0.171714186668396,0.1332668662071228
91,2752,0.26674744486808777,0.17004647850990295,0.17340826988220215,0.1366882175207138
91,2753,0.23834462463855743,0.15022403001785278,0.16054701805114746,0.11950889229774475
91,2754,0.21428360044956207,0.13876934349536896,0.13248157501220703,0.1126081645488739
91,2755,0.228131502866745,0.147377148270607,0.14318394660949707,0.11740384995937347
91,2756,0.22190281748771667,0.14631745219230652,0.12983012199401855,0.11826655268669128
91,2757,0.2406812310218811,0.15611892938613892,0.14805066585540771,0.12671016156673431
91,2758,0.26624974608421326,0.17036780714988708,0.17165911197662354,0.1360914260149002
91,2759,0.24580474197864532,0.15455669164657593,0.1661003828048706,0.1240394115447998
91,2760,0.25985100865364075,0.16535870730876923,0.17001140117645264,0.13243868947029114
92,2761,0.24239569902420044,0.15763455629348755,0.1490018367767334,0.12580198049545288
92,2762,0.26646551489830017,0.17076219618320465,0.17269086837768555,0.1331348866224289
92,2763,0.2469182163476944,0.16062496602535248,0.1513838768005371,0.128698468208313
92,2764,0.22928880155086517,0.14702636003494263,0.14530450105667114,0.12070321291685104
92,2765,0.24748843908309937,0.15948031842708588,0.15631312131881714,0.12741433084011078
92,2766,0.24797847867012024,0.15789753198623657,0.16155141592025757,0.1273018717765808
92,2767,0.23865759372711182,0.15091201663017273,0.15746015310287476,0.12380756437778473
92,2768,0.23195001482963562,0.1518149971961975,0.1383378505706787,0.12399941682815552
92,2769,0.21872392296791077,0.1390967071056366,0.14194679260253906,0.1142425388097763
92,2770,0.2504006624221802,0.1611451506614685,0.15807336568832397,0.13013075292110443
92,2771,0.2041616588830948,0.1335822343826294,0.12238311767578125,0.10813085734844208
92,2772,0.2459161877632141,0.15837064385414124,0.15462708473205566,0.12847359478473663
92,2773,0.2604321241378784,0.1662440299987793,0.16928088665008545,0.13237865269184113
92,2774,0.2286643087863922,0.14667971432209015,0.14506876468658447,0.11978541314601898
92,2775,0.23766861855983734,0.15299628674983978,0.14980685710906982,0.12374796718358994
92,2776,0.21542249619960785,0.1403919905424118,0.13013827800750732,0.11487593501806259
92,2777,0.22210080921649933,0.14759822189807892,0.12612688541412354,0.120259128510952
92,2778,0.22073738276958466,0.14361980557441711,0.13299822807312012,0.11959140002727509
92,2779,0.2933913767337799,0.18525823950767517,0.19519424438476562,0.15027719736099243
92,2780,0.22592628002166748,0.14435192942619324,0.14485406875610352,0.1181635707616806
92,2781,0.23202209174633026,0.150228351354599,0.1424729824066162,0.1240227222442627
92,2782,0.21710345149040222,0.13959252834320068,0.13622140884399414,0.11511175334453583
92,2783,0.23849907517433167,0.15233853459358215,0.1546332836151123,0.12153612077236176
92,2784,0.20870882272720337,0.13708338141441345,0.12175744771957397,0.11461229622364044
92,2785,0.22654294967651367,0.14436155557632446,0.14623987674713135,0.11842720210552216
92,2786,0.1899746209383011,0.12488039582967758,0.11150538921356201,0.1024603396654129
92,2787,0.22112923860549927,0.14152663946151733,0.14051413536071777,0.11698471754789352
92,2788,0.2228696644306183,0.14185941219329834,0.14478743076324463,0.11547642946243286
92,2789,0.24023030698299408,0.15437854826450348,0.15199410915374756,0.12527059018611908
92,2790,0.23163284361362457,0.14872747659683228,0.1462564468383789,0.12201392650604248
93,2791,0.23138980567455292,0.14842070639133453,0.14730685949325562,0.1202317327260971
93,2792,0.2196134328842163,0.14261305332183838,0.133905291557312,0.11719130724668503
93,2793,0.23725323379039764,0.1527014821767807,0.1506943702697754,0.12137000262737274
93,2794,0.23710119724273682,0.15336044132709503,0.1469191312789917,0.12486548721790314
93,2795,0.24438729882240295,0.15668097138404846,0.15641748905181885,0.12569665908813477
93,2796,0.2077982872724533,0.13607601821422577,0.12275135517120361,0.11310863494873047
93,2797,0.19820740818977356,0.12863561511039734,0.11990606784820557,0.10804681479930878
93,2798,0.25757086277008057,0.16397333145141602,0.1678175926208496,0.13235241174697876
93,2799,0.2441035807132721,0.1571943610906601,0.1533501148223877,0.1278458684682846
93,2800,0.23974254727363586,0.15372133255004883,0.1528996229171753,0.12430679798126221
93,2801,0.23327143490314484,0.14716219902038574,0.15519243478775024,0.12016133964061737
93,2802,0.2401803731918335,0.1534022092819214,0.15368080139160156,0.12652915716171265
93,2803,0.23335272073745728,0.15051330626010895,0.14610528945922852,0.12198646366596222
93,2804,0.23987533152103424,0.15327894687652588,0.15476131439208984,0.12345929443836212
93,2805,0.26052847504615784,0.16647860407829285,0.16864562034606934,0.1329580843448639
93,2806,0.2337353676557541,0.1508694440126419,0.1469990611076355,0.1203315258026123
93,2807,0.24390198290348053,0.15654897689819336,0.15488964319229126,0.12698572874069214
93,2808,0.21561726927757263,0.1396976113319397,0.13225775957107544,0.11508282274007797
93,2809,0.2570321261882782,0.1647181510925293,0.1640191674232483,0.13353149592876434
93,2810,0.23194468021392822,0.1509222835302353,0.1405869722366333,0.12393800914287567
93,2811,0.2627677917480469,0.16933010518550873,0.16569167375564575,0.13580507040023804
93,2812,0.20453019440174103,0.132002592086792,0.1271876096725464,0.10826282203197479
93,2813,0.2592600882053375,0.16709020733833313,0.16429907083511353,0.1322512924671173
93,2814,0.24007000029087067,0.1553090214729309,0.14950639009475708,0.12479205429553986
93,2815,0.21071621775627136,0.138292133808136,0.12428808212280273,0.11354421079158783
93,2816,0.27553048729896545,0.1739591360092163,0.1838219165802002,0.14021286368370056
93,2817,0.19376999139785767,0.12531274557113647,0.12006199359893799,0.1021621823310852
93,2818,0.2462923228740692,0.15713350474834442,0.16007530689239502,0.12564347684383392
93,2819,0.24168634414672852,0.15470123291015625,0.1540060043334961,0.12691353261470795
93,2820,0.19943936169147491,0.13065364956855774,0.11840212345123291,0.10712429136037827
94,2821,0.23582574725151062,0.1517704576253891,0.14817893505096436,0.12391861528158188
94,2822,0.2452315390110016,0.1592886745929718,0.15210628509521484,0.12550175189971924
94,2823,0.23709915578365326,0.15311181545257568,0.14832425117492676,0.12328815460205078
94,2824,0.21311397850513458,0.13613927364349365,0.13783705234527588,0.10919942706823349
94,2825,0.23409239947795868,0.15004536509513855,0.15096724033355713,0.11830070614814758
94,2826,0.24736027419567108,0.16042429208755493,0.15288418531417847,0.12891149520874023
94,2827,0.21446776390075684,0.1410578489303589,0.12828993797302246,0.11046969145536423
94,2828,0.2580627202987671,0.1716328114271164,0.15040665864944458,0.1313362717628479
94,2829,0.2321336269378662,0.15023116767406464,0.14357179403305054,0.1223686933517456
94,2830,0.2655450999736786,0.16872458159923553,0.17628777027130127,0.1315270960330963
94,2831,0.26340892910957336,0.16890400648117065,0.17024028301239014,0.1320440173149109
94,2832,0.25542333722114563,0.16545626521110535,0.16074228286743164,0.12835071980953217
94,2833,0.25655651092529297,0.16305425763130188,0.16967368125915527,0.12816378474235535
94,2834,0.2426469326019287,0.15700648725032806,0.15169185400009155,0.12481854856014252
94,2835,0.240568146109581,0.15558546781539917,0.15196698904037476,0.1209794282913208
94,2836,0.24228480458259583,0.1562708616256714,0.15428686141967773,0.1214960440993309
94,2837,0.22581630945205688,0.14550882577896118,0.1418185830116272,0.11790024489164352
94,2838,0.20458394289016724,0.13325484097003937,0.1244271993637085,0.10779111087322235
94,2839,0.2422332763671875,0.15829411149024963,0.14649569988250732,0.12670442461967468
94,2840,0.23199895024299622,0.15156923234462738,0.14128023386001587,0.11958807706832886
94,2841,0.23130068182945251,0.1483079195022583,0.1482987403869629,0.1183663159608841
94,2842,0.22852981090545654,0.1450931578874588,0.15217339992523193,0.11283645033836365
94,2843,0.28426235914230347,0.18132665753364563,0.18612802028656006,0.14242242276668549
94,2844,0.2701508402824402,0.17178207635879517,0.17855548858642578,0.13473282754421234
94,2845,0.247752383351326,0.1573580503463745,0.1635647416114807,0.12484215199947357
94,2846,0.21008607745170593,0.13503006100654602,0.13300573825836182,0.10926856100559235
94,2847,0.24907708168029785,0.15894758701324463,0.16124379634857178,0.12815982103347778
94,2848,0.24144163727760315,0.15515512228012085,0.15386641025543213,0.12369975447654724
94,2849,0.24132639169692993,0.15494002401828766,0.15412652492523193,0.12367872893810272
94,2850,0.22109581530094147,0.14217442274093628,0.14129197597503662,0.1120230108499527
95,2851,0.22799231112003326,0.14818105101585388,0.13947594165802002,0.12010438740253448
95,2852,0.20139674842357635,0.1319301724433899,0.12012267112731934,0.10708757489919662
95,2853,0.24460265040397644,0.15719570219516754,0.15532541275024414,0.12638387084007263
95,2854,0.2222324162721634,0.14390318095684052,0.13777554035186768,0.11609511077404022
95,2855,0.25886738300323486,0.1680842936038971,0.160028874874115,0.13385772705078125
95,2856,0.2692931592464447,0.17162616550922394,0.17714834213256836,0.13403832912445068
95,2857,0.2569211423397064,0.1658281683921814,0.16100221872329712,0.13346043229103088
95,2858,0.22105470299720764,0.14456990361213684,0.1330741047859192,0.11627578735351562
95,2859,0.21737517416477203,0.14133204519748688,0.1318293809890747,0.11655688285827637
95,2860,0.2471829503774643,0.15664640069007874,0.1631297469139099,0.1264232099056244
95,2861,0.25244054198265076,0.16533255577087402,0.15089571475982666,0.13374850153923035
95,2862,0.24231012165546417,0.15727198123931885,0.15004265308380127,0.1251053512096405
95,2863,0.23403489589691162,0.1531810760498047,0.13953018188476562,0.12520870566368103
95,2864,0.25061488151550293,0.16174346208572388,0.15755236148834229,0.1292523741722107
95,2865,0.24647106230258942,0.15951226651668549,0.15245115756988525,0.12989160418510437
95,2866,0.23487995564937592,0.1530061811208725,0.14588606357574463,0.11759679019451141
95,2867,0.23553800582885742,0.1521085649728775,0.14985156059265137,0.11744412034749985
95,2868,0.2288445234298706,0.14791624248027802,0.14299160242080688,0.11865819990634918
95,2869,0.23385998606681824,0.14934344589710236,0.15216118097305298,0.11826034635305405
95,2870,0.22285164892673492,0.1428312063217163,0.14165878295898438,0.11678462475538254
95,2871,0.2842779755592346,0.18050915002822876,0.1897670030593872,0.13931000232696533
95,2872,0.23395995795726776,0.14967116713523865,0.15046876668930054,0.12050642818212509
95,2873,0.23423588275909424,0.14987295866012573,0.1517878770828247,0.11823885887861252
95,2874,0.2547820508480072,0.162887305021286,0.164093017578125,0.13128769397735596
95,2875,0.2201954871416092,0.1418759524822235,0.13666844367980957,0.11826076358556747
95,2876,0.26827487349510193,0.171637162566185,0.1743760108947754,0.1344364434480667
95,2877,0.2502099871635437,0.16102522611618042,0.1579878330230713,0.1299481838941574
95,2878,0.27255040407180786,0.1749502718448639,0.17636871337890625,0.13526321947574615
95,2879,0.2598698139190674,0.16702787578105927,0.16509371995925903,0.1340222954750061
95,2880,0.2553520202636719,0.16429701447486877,0.16103553771972656,0.13320395350456238
96,2881,0.22070378065109253,0.1415160745382309,0.14071035385131836,0.11451783031225204
96,2882,0.2417345941066742,0.1571604609489441,0.14866316318511963,0.12554436922073364
96,2883,0.21843962371349335,0.14056813716888428,0.1372004747390747,0.11495652049779892
96,2884,0.24101406335830688,0.1515805423259735,0.16274797916412354,0.12167161703109741
96,2885,0.21999621391296387,0.14399363100528717,0.1319659948348999,0.11608092486858368
96,2886,0.25672370195388794,0.16409501433372498,0.16646742820739746,0.1302085965871811
96,2887,0.24761977791786194,0.15911495685577393,0.15798747539520264,0.1265491247177124
96,2888,0.24392320215702057,0.1558522880077362,0.15647101402282715,0.12741251289844513
96,2889,0.2533572316169739,0.16206100583076477,0.16281187534332275,0.13085733354091644
96,2890,0.2504400610923767,0.1603826880455017,0.16105538606643677,0.12817609310150146
96,2891,0.25704362988471985,0.16357125341892242,0.1680058240890503,0.13135020434856415
96,2892,0.2359113246202469,0.1523333191871643,0.14686208963394165,0.1241658553481102
96,2893,0.20999465882778168,0.13466857373714447,0.13321709632873535,0.11019627749919891
96,2894,0.2281380295753479,0.1467248499393463,0.1439732313156128,0.11911943554878235
96,2895,0.2607303857803345,0.16672559082508087,0.1675204634666443,0.1349831372499466
96,2896,0.2614014744758606,0.16904154419898987,0.16413569450378418,0.13352833688259125
96,2897,0.24370576441287994,0.15451721847057343,0.1612335443496704,0.12347561120986938
96,2898,0.22565636038780212,0.1443961262702942,0.1445162296295166,0.11726874113082886
96,2899,0.2443673312664032,0.1557578593492508,0.1588849425315857,0.12527747452259064
96,2900,0.22566629946231842,0.14447589218616486,0.14371567964553833,0.11852063983678818
96,2901,0.2105138897895813,0.13730980455875397,0.12544316053390503,0.11513413488864899
96,2902,0.2360057234764099,0.15153439342975616,0.14974868297576904,0.12285928428173065
96,2903,0.22104722261428833,0.14401686191558838,0.13465583324432373,0.11584009975194931
96,2904,0.23343373835086823,0.15015633404254913,0.1464276909828186,0.12353162467479706
96,2905,0.2564214766025543,0.16246724128723145,0.16857731342315674,0.13261659443378448
96,2906,0.2328972965478897,0.14993326365947723,0.14614081382751465,0.1225384771823883
96,2907,0.25226712226867676,0.1621989607810974,0.15907001495361328,0.13220074772834778
96,2908,0.2640857994556427,0.16766560077667236,0.17318081855773926,0.13573935627937317
96,2909,0.22048673033714294,0.14116114377975464,0.14181357622146606,0.1130007728934288
96,2910,0.27363529801368713,0.17359821498394012,0.18049395084381104,0.13919758796691895
97,2911,0.23327785730361938,0.14948640763759613,0.14824450016021729,0.12246821820735931
97,2912,0.2537279725074768,0.16501173377037048,0.15533936023712158,0.13290253281593323
97,2913,0.20916292071342468,0.13486219942569733,0.13115018606185913,0.1092032641172409
97,2914,0.19304144382476807,0.126990407705307,0.11351436376571655,0.10322646796703339
97,2915,0.25435036420822144,0.1606852412223816,0.17034423351287842,0.12763711810112
97,2916,0.2390107363462448,0.15140534937381744,0.15842974185943604,0.12116746604442596
97,2917,0.23005327582359314,0.1494637429714203,0.1418951153755188,0.11915743350982666
97,2918,0.22871682047843933,0.14766046404838562,0.14138466119766235,0.12251245230436325
97,2919,0.21186210215091705,0.1376122087240219,0.12969762086868286,0.1118541955947876
97,2920,0.22559550404548645,0.14381515979766846,0.14628934860229492,0.11632302403450012
97,2921,0.2190132886171341,0.1413366198539734,0.13745254278182983,0.11347821354866028
97,2922,0.2306695580482483,0.15038606524467468,0.1411658525466919,0.11908572912216187
97,2923,0.22283926606178284,0.14368897676467896,0.13827669620513916,0.11919807642698288
97,2924,0.20161235332489014,0.13010811805725098,0.12492668628692627,0.10766781866550446
97,2925,0.2181587964296341,0.14219504594802856,0.13219308853149414,0.11543257534503937
97,2926,0.22729839384555817,0.14560362696647644,0.14608538150787354,0.11630301177501678
97,2927,0.24407203495502472,0.15509802103042603,0.1598341464996338,0.1252017319202423
97,2928,0.22159452736377716,0.1442793607711792,0.13343781232833862,0.11970017850399017
97,2929,0.22323977947235107,0.14159321784973145,0.14620494842529297,0.11582290381193161
97,2930,0.21501976251602173,0.13846668601036072,0.13527804613113403,0.11220928281545639
97,2931,0.24757659435272217,0.15889672935009003,0.15878605842590332,0.12582719326019287
97,2932,0.23789043724536896,0.1504819393157959,0.1582779884338379,0.12048651278018951
97,2933,0.19296127557754517,0.12486064434051514,0.11886966228485107,0.10276388376951218
97,2934,0.2223595231771469,0.1439019739627838,0.13806575536727905,0.11615626513957977
97,2935,0.23608560860157013,0.152049258351326,0.14878320693969727,0.12261533737182617
97,2936,0.24884916841983795,0.1573251187801361,0.16539108753204346,0.12683801352977753
97,2937,0.21772876381874084,0.14101499319076538,0.13507044315338135,0.11342789977788925
97,2938,0.23879139125347137,0.15652525424957275,0.14270418882369995,0.12592235207557678
97,2939,0.26593589782714844,0.16911157965660095,0.17531800270080566,0.13348554074764252
97,2940,0.2581358253955841,0.16609501838684082,0.1625216007232666,0.13516083359718323
98,2941,0.1938641369342804,0.12566998600959778,0.11872142553329468,0.10352787375450134
98,2942,0.20712514221668243,0.13773523271083832,0.11858665943145752,0.10977616906166077
98,2943,0.2576804757118225,0.16541340947151184,0.165519118309021,0.13029715418815613
98,2944,0.22395871579647064,0.14363321661949158,0.14180415868759155,0.11801918596029282
98,2945,0.20968277752399445,0.13336589932441711,0.13672423362731934,0.10813592374324799
98,2946,0.246433824300766,0.15788939595222473,0.15814852714538574,0.12642504274845123
98,2947,0.22432145476341248,0.14481133222579956,0.1398259401321411,0.11789873242378235
98,2948,0.23076459765434265,0.14971047639846802,0.14153432846069336,0.12220197916030884
98,2949,0.24144743382930756,0.15499866008758545,0.154089093208313,0.12406565248966217
98,2950,0.22985582053661346,0.1470409631729126,0.14870715141296387,0.11665999889373779
98,2951,0.21352113783359528,0.1371839940547943,0.1342400312423706,0.11320571601390839
98,2952,0.23428167402744293,0.14831534028053284,0.15480417013168335,0.12022330611944199
98,2953,0.22761623561382294,0.14590123295783997,0.1445314884185791,0.11951201409101486
98,2954,0.22787079215049744,0.14498370885849,0.148331880569458,0.11777164787054062
98,2955,0.23060432076454163,0.1483435034751892,0.14530158042907715,0.12070086598396301
98,2956,0.2053319215774536,0.1336877942085266,0.12312328815460205,0.11197405308485031
98,2957,0.2176503688097,0.14080622792243958,0.1349198818206787,0.11438091844320297
98,2958,0.2595371901988983,0.1659868061542511,0.16658318042755127,0.13458549976348877
98,2959,0.2193300426006317,0.1413899064064026,0.13669389486312866,0.1163129135966301
98,2960,0.2282133847475052,0.1450463980436325,0.14836710691452026,0.11910071223974228
98,2961,0.24724364280700684,0.16117790341377258,0.14997941255569458,0.1303699016571045
98,2962,0.21540366113185883,0.1396225243806839,0.1322041153907776,0.11449744552373886
98,2963,0.26183027029037476,0.1693689525127411,0.16431987285614014,0.13366679847240448
98,2964,0.26948586106300354,0.17129108309745789,0.17894017696380615,0.1330934762954712
98,2965,0.2593383491039276,0.16793575882911682,0.161210298538208,0.13459238409996033
98,2966,0.24971482157707214,0.15993724763393402,0.158577561378479,0.131732776761055
98,2967,0.2403898537158966,0.15490490198135376,0.15056395530700684,0.12629684805870056
98,2968,0.25093159079551697,0.15998710691928864,0.1632503867149353,0.12822172045707703
98,2969,0.2048765867948532,0.13377560675144196,0.1230897307395935,0.10932543128728867
98,2970,0.24044151604175568,0.15349383652210236,0.15487748384475708,0.12498341500759125
99,2971,0.2524109482765198,0.16202417016029358,0.16043055057525635,0.13107284903526306
99,2972,0.234111949801445,0.15004169940948486,0.14897507429122925,0.12240110337734222
99,2973,0.19650638103485107,0.12688690423965454,0.12144112586975098,0.10521513223648071
99,2974,0.2473759949207306,0.1570717692375183,0.1630268096923828,0.12546750903129578
99,2975,0.23063594102859497,0.1511855572462082,0.13761210441589355,0.1220276802778244
99,2976,0.21620512008666992,0.14090639352798462,0.13057756423950195,0.11533848941326141
99,2977,0.23653186857700348,0.15425480902194977,0.14206504821777344,0.12725518643856049
99,2978,0.2723570764064789,0.17500483989715576,0.17260241508483887,0.14155638217926025
99,2979,0.30068472027778625,0.18885377049446106,0.20520031452178955,0.14875410497188568
99,2980,0.2554204761981964,0.16385778784751892,0.163953959941864,0.12990543246269226
99,2981,0.25147801637649536,0.1594395637512207,0.16537708044052124,0.12943807244300842
99,2982,0.2240791767835617,0.14502228796482086,0.13887953758239746,0.11752541363239288
99,2983,0.25513729453086853,0.16424833238124847,0.1617128849029541,0.13101905584335327
99,2984,0.25867438316345215,0.16579324007034302,0.1658334732055664,0.13273875415325165
99,2985,0.22506797313690186,0.14572246372699738,0.13867878913879395,0.11936993896961212
99,2986,0.2536486089229584,0.16144892573356628,0.16521352529525757,0.13057132065296173
99,2987,0.19396333396434784,0.12695960700511932,0.11622560024261475,0.10256747901439667
99,2988,0.24277254939079285,0.15741002559661865,0.14991652965545654,0.12697955965995789
99,2989,0.2821788489818573,0.17926228046417236,0.18696105480194092,0.14066074788570404
99,2990,0.2315834015607834,0.1493789553642273,0.14408838748931885,0.12284548580646515
99,2991,0.23483268916606903,0.1512666940689087,0.1474456787109375,0.12293857336044312
99,2992,0.25011125206947327,0.16165713965892792,0.15555644035339355,0.13115760684013367
99,2993,0.2722585201263428,0.17144204676151276,0.18309390544891357,0.13789457082748413
99,2994,0.23773163557052612,0.1527738869190216,0.15055370330810547,0.12368133664131165
99,2995,0.20870007574558258,0.1348799765110016,0.12813317775726318,0.11283409595489502
99,2996,0.22490167617797852,0.14446651935577393,0.14126336574554443,0.1196490079164505
99,2997,0.22604447603225708,0.14978115260601044,0.12905597686767578,0.12320467084646225
99,2998,0.20581375062465668,0.13361918926239014,0.12528127431869507,0.11041023582220078
99,2999,0.22960083186626434,0.14649274945259094,0.1472906470298767,0.12095914781093597
99,3000,0.23270875215530396,0.1490076333284378,0.14800500869750977,0.12249559164047241
